{
  "type": "FeatureCollection",
  "name": "philippines_regions_17",
  "crs": {
    "type": "name",
    "properties": {
      "name": "urn:ogc:def:crs:OGC:1.3:CRS84"
    }
  },
  "metadata": {
    "purpose": "Regional choropleth support for MO-IT117 Group 3 visualization planning",
    "region_count": 17,
    "geometry_source": "philippines.svg",
    "coordinate_transform": {
      "svg_width": 702.39001,
      "svg_height": 1209.4381,
      "geoViewBox": "116.927573 20.834769 126.606549 4.640292",
      "method": "linear transform from SVG x/y coordinates to longitude/latitude using mapsvg:geoViewBox"
    },
    "classification_note": "Uses the 17-region grouping aligned with the project's PSA 2024 Internet Use datasets, including Negros Occidental in Region VI and Negros Oriental/Siquijor in Region VII.",
    "boundary_note": "Derived from the user-provided SVG for visualization. Not an official legal or survey boundary dataset."
  },
  "features": [
    {
      "type": "Feature",
      "properties": {
        "Region": "National Capital Region",
        "Region_Code": "NCR",
        "Source_Geometry": "philippines.svg",
        "Classification": "17-region structure aligned with project PSA 2024 dataset",
        "SVG_Path_Count": 1
      },
      "geometry": {
        "type": "Polygon",
        "coordinates": [
          [
            [
              120.92806201971143,
              14.578263253514587
            ],
            [
              120.94542489444821,
              14.556995784084691
            ],
            [
              120.95810254901792,
              14.56332219677848
            ],
            [
              120.93577885292777,
              14.606529853427197
            ],
            [
              120.94790530512489,
              14.611914139854484
            ],
            [
              120.96678398638632,
              14.60437619241662
            ],
            [
              120.97078020358765,
              14.585531792474878
            ],
            [
              120.99021008722167,
              14.588358439076055
            ],
            [
              121.00467914950232,
              14.620528783896804
            ],
            [
              121.0082619649242,
              14.624028416088578
            ],
            [
              121.04147190787313,
              14.632104644878254
            ],
            [
              121.04546812507446,
              14.653237276168529
            ],
            [
              121.0602127885414,
              14.65754459818969
            ],
            [
              121.07426844904262,
              14.640450014343836
            ],
            [
              121.114368421649,
              14.635873417745938
            ],
            [
              121.11491962402161,
              14.616625172889503
            ],
            [
              121.13186909697895,
              14.615279067807473
            ],
            [
              121.10430897834912,
              14.55174633579703
            ],
            [
              121.13255809994469,
              14.53397876636058
            ],
            [
              121.12814848096392,
              14.51082677659601
            ],
            [
              121.10224196945188,
              14.502750681707168
            ],
            [
              121.11009660326138,
              14.466946134356693
            ],
            [
              121.09397393386294,
              14.443659708155003
            ],
            [
              121.10596258546691,
              14.405836070131901
            ],
            [
              121.0624175980318,
              14.369493241429613
            ],
            [
              121.05635437193324,
              14.253464955335865
            ],
            [
              121.01336058687072,
              14.225198221522419
            ],
            [
              121.01308498568442,
              14.256426172274995
            ],
            [
              120.96912659646986,
              14.322381839872758
            ],
            [
              120.97009120062191,
              14.350648707587037
            ],
            [
              120.98965888484908,
              14.37703092106581
            ],
            [
              120.97477642078897,
              14.38389561511141
            ],
            [
              120.9858004682409,
              14.39197197780192
            ],
            [
              120.9858004682409,
              14.435718183604116
            ],
            [
              120.94390908792357,
              14.470580336886421
            ],
            [
              120.94886990927694,
              14.489290300391044
            ],
            [
              120.96044515910147,
              14.476772179242257
            ],
            [
              120.9630633703713,
              14.513788127435975
            ],
            [
              120.95190152232622,
              14.511230755411535
            ],
            [
              120.91717577285264,
              14.567898659475546
            ],
            [
              120.92806201971143,
              14.578263253514587
            ]
          ]
        ]
      }
    },
    {
      "type": "Feature",
      "properties": {
        "Region": "Cordillera Administrative Region",
        "Region_Code": "CAR",
        "Source_Geometry": "philippines.svg",
        "Classification": "17-region structure aligned with project PSA 2024 dataset",
        "SVG_Path_Count": 6
      },
      "geometry": {
        "type": "Polygon",
        "coordinates": [
          [
            [
              120.78695421232675,
              16.869348296617034
            ],
            [
              120.78075318563504,
              17.009739705516928
            ],
            [
              120.85847272017114,
              17.08888661375491
            ],
            [
              120.89788368981178,
              17.091444119680183
            ],
            [
              120.9153843651417,
              17.114461405205965
            ],
            [
              120.91538435101708,
              17.11446259173645
            ],
            [
              120.89788368981178,
              17.091445324787685
            ],
            [
              120.85847272017114,
              17.088887818862414
            ],
            [
              120.79908066452387,
              17.088483438344387
            ],
            [
              120.75691368302024,
              17.058063043520363
            ],
            [
              120.69490341610316,
              17.060755119783586
            ],
            [
              120.66748109806649,
              17.09467514679939
            ],
            [
              120.68181235975399,
              17.099655454411145
            ],
            [
              120.68277696390604,
              17.15753502712007
            ],
            [
              120.61442786970409,
              17.213395509156364
            ],
            [
              120.5580674271061,
              17.210434292217233
            ],
            [
              120.53891314465838,
              17.261179762402982
            ],
            [
              120.57887531667161,
              17.335346229128373
            ],
            [
              120.58562754573592,
              17.38191908153175
            ],
            [
              120.52540868652977,
              17.405878493324035
            ],
            [
              120.48269050265354,
              17.386764818805553
            ],
            [
              120.46725683622084,
              17.40789758399666
            ],
            [
              120.48765132400692,
              17.451912796573932
            ],
            [
              120.50253378806701,
              17.548288992896556
            ],
            [
              120.5350547280502,
              17.61357167490372
            ],
            [
              120.5819069297209,
              17.71102470173163
            ],
            [
              120.69035599652923,
              17.74736753043392
            ],
            [
              120.72769995727263,
              17.806593074324038
            ],
            [
              120.78337139690487,
              17.82570688274335
            ],
            [
              120.833393012218,
              17.87497167750912
            ],
            [
              120.9100101420089,
              17.865414907200297
            ],
            [
              120.92806201971143,
              17.89354774017995
            ],
            [
              120.92806201971142,
              17.893547740179958
            ],
            [
              120.94073967428115,
              17.912930555374345
            ],
            [
              120.93674345707981,
              18.018055966077238
            ],
            [
              120.97615442672046,
              18.08683828027618
            ],
            [
              120.95920495376312,
              18.118873920858142
            ],
            [
              120.94239328139894,
              18.29224323050733
            ],
            [
              120.96127196266036,
              18.373409229417945
            ],
            [
              121.00343894416399,
              18.393599734441715
            ],
            [
              121.03968050016219,
              18.433442329236613
            ],
            [
              121.04381451795666,
              18.45713246645216
            ],
            [
              121.0854302970877,
              18.469246876587086
            ],
            [
              121.08970211547532,
              18.4129825496361
            ],
            [
              121.24927520234198,
              18.35631464557209
            ],
            [
              121.28593016011963,
              18.31472210078047
            ],
            [
              121.31900230247541,
              18.313241425360488
            ],
            [
              121.46727574070384,
              18.23086415950747
            ],
            [
              121.48973723738715,
              18.147006084333636
            ],
            [
              121.46135031519843,
              17.96731049589149
            ],
            [
              121.41573831886608,
              17.94765827221953
            ],
            [
              121.32534112976028,
              17.738618985557814
            ],
            [
              121.30811605561664,
              17.72879294067225
            ],
            [
              121.37715415278433,
              17.70523737379466
            ],
            [
              121.43186098826452,
              17.646146534143327
            ],
            [
              121.4432984374959,
              17.599438977501165
            ],
            [
              121.44054242563291,
              17.575344995370926
            ],
            [
              121.47995339527355,
              17.581805978402667
            ],
            [
              121.65647595509755,
              17.414493806870524
            ],
            [
              121.67535463635897,
              17.349884110453957
            ],
            [
              121.60493853325978,
              17.300753752125306
            ],
            [
              121.55009389718644,
              17.181360538078568
            ],
            [
              121.55477911735352,
              16.969898315829536
            ],
            [
              121.43971562207402,
              16.978916804786547
            ],
            [
              121.35193664423805,
              16.965860268385114
            ],
            [
              121.22819171159016,
              16.904481063484415
            ],
            [
              121.10926979970249,
              16.912422588035305
            ],
            [
              121.05924818438936,
              16.909461371096175
            ],
            [
              121.02576264025413,
              16.891693801659724
            ],
            [
              120.97891043858344,
              16.89559727876619
            ],
            [
              120.9700912006219,
              16.869214931386587
            ],
            [
              120.97009122263471,
              16.869214863336076
            ],
            [
              120.97891043858344,
              16.895597144865356
            ],
            [
              121.02576264025413,
              16.89169366775889
            ],
            [
              121.05924818438936,
              16.90946123719534
            ],
            [
              121.10926979970249,
              16.91242245413447
            ],
            [
              121.22819171159016,
              16.90448092958358
            ],
            [
              121.35193664423805,
              16.96586013448428
            ],
            [
              121.43971562207402,
              16.978916670885713
            ],
            [
              121.55477911735352,
              16.969898181928702
            ],
            [
              121.58757565852301,
              16.797605836685634
            ],
            [
              121.54527087642623,
              16.749552308862274
            ],
            [
              121.4584565027423,
              16.72357380639736
            ],
            [
              121.43558160427955,
              16.734207407211475
            ],
            [
              121.4059544767525,
              16.698537564099787
            ],
            [
              121.36709470948445,
              16.694095671740673
            ],
            [
              121.35510605788048,
              16.670809245538983
            ],
            [
              121.33705418017794,
              16.67255906163487
            ],
            [
              121.34670022169838,
              16.6585602650661
            ],
            [
              121.335262772467,
              16.64119640664351
            ],
            [
              121.31652189179873,
              16.59125849238631
            ],
            [
              121.29102878206615,
              16.58250941190687
            ],
            [
              121.29667860638526,
              16.55491566368402
            ],
            [
              121.27862672868272,
              16.562184202644314
            ],
            [
              121.22764050921757,
              16.5407822967773
            ],
            [
              121.2224040866779,
              16.539167051019362
            ],
            [
              120.90546272243498,
              16.487748461342182
            ],
            [
              120.90546271838535,
              16.487748578076456
            ],
            [
              120.88396582990372,
              16.396622115009723
            ],
            [
              120.89154486252691,
              16.32366691522674
            ],
            [
              120.84565726500827,
              16.209388579129715
            ],
            [
              120.80610849477448,
              16.211542240140297
            ],
            [
              120.75911849251064,
              16.130510945468473
            ],
            [
              120.76904013521737,
              16.088379985424208
            ],
            [
              120.65549244646252,
              16.074515893094222
            ],
            [
              120.51259323136689,
              16.12445367345059
            ],
            [
              120.46946164571123,
              16.388007470967406
            ],
            [
              120.49674616315475,
              16.432292092022248
            ],
            [
              120.55889423066499,
              16.488825425748306
            ],
            [
              120.54194475770765,
              16.499593730801205
            ],
            [
              120.5805289237894,
              16.551954446744894
            ],
            [
              120.62049109580263,
              16.624371231275227
            ],
            [
              120.64350379485855,
              16.791817973145324
            ],
            [
              120.67161511586096,
              16.8067588959806
            ],
            [
              120.74354702548479,
              16.80998938749647
            ],
            [
              120.77565456368852,
              16.831525997602267
            ],
            [
              120.77565484672199,
              16.831525739897454
            ],
            [
              120.78695421232675,
              16.869348296617034
            ]
          ],
          [
            [
              121.41091529810586,
              17.207069765966743
            ],
            [
              121.34146379915872,
              17.18351419908915
            ],
            [
              121.24996420530772,
              17.08686886209062
            ],
            [
              121.16246082865804,
              17.06856274350069
            ],
            [
              121.08680830301918,
              17.09400283071296
            ],
            [
              121.05676777371268,
              17.135191396689052
            ],
            [
              120.91497096336226,
              17.149190193257823
            ],
            [
              120.9149709777249,
              17.149188986732376
            ],
            [
              121.05676777371268,
              17.135190191581547
            ],
            [
              121.08680830301918,
              17.094001625605454
            ],
            [
              121.16246082865804,
              17.068561538393187
            ],
            [
              121.24996420530772,
              17.086867656983117
            ],
            [
              121.34146379915872,
              17.183512993981644
            ],
            [
              121.41091529810586,
              17.207068560859238
            ],
            [
              121.55009389718644,
              17.181360538078568
            ],
            [
              121.41091529810586,
              17.207069765966743
            ]
          ],
          [
            [
              120.98263105459847,
              16.830449033196146
            ],
            [
              120.98263102945901,
              16.83044911091237
            ],
            [
              120.9481809063112,
              16.753455919869577
            ],
            [
              120.9162111687006,
              16.7231700953835
            ],
            [
              120.912518112814,
              16.72311613334763
            ],
            [
              120.9162111687006,
              16.723169961482668
            ],
            [
              120.9481809063112,
              16.753455785968743
            ],
            [
              120.98263105459847,
              16.830449033196146
            ]
          ],
          [
            [
              121.2277783098107,
              17.532675753974857
            ],
            [
              121.12291205842425,
              17.59351640972207
            ],
            [
              121.2277783098107,
              17.53267575397485
            ],
            [
              121.2277783098107,
              17.532675753974857
            ]
          ],
          [
            [
              121.38969400676089,
              17.55003961239745
            ],
            [
              121.25409822310219,
              17.58019073264473
            ],
            [
              121.38969400676089,
              17.550039612397445
            ],
            [
              121.38969400676089,
              17.55003961239745
            ]
          ]
        ]
      }
    },
    {
      "type": "Feature",
      "properties": {
        "Region": "Region I - Ilocos Region",
        "Region_Code": "01",
        "Source_Geometry": "philippines.svg",
        "Classification": "17-region structure aligned with project PSA 2024 dataset",
        "SVG_Path_Count": 4
      },
      "geometry": {
        "type": "MultiPolygon",
        "coordinates": [
          [
            [
              [
                119.86245003288946,
                15.839363533629642
              ],
              [
                119.84687856586362,
                15.855112012393468
              ],
              [
                119.84439815518692,
                15.843266876835276
              ],
              [
                119.81284181935578,
                15.840036519220241
              ],
              [
                119.80484938495314,
                15.806116492204438
              ],
              [
                119.78500609953967,
                15.81553869217531
              ],
              [
                119.7721906443768,
                15.797905559175977
              ],
              [
                119.7494535465072,
                15.849055008177253
              ],
              [
                119.75909958802764,
                15.896166275833274
              ],
              [
                119.7738442514946,
                15.908280418166537
              ],
              [
                119.75537897201261,
                15.933316794364949
              ],
              [
                119.76185559989062,
                15.99254220435423
              ],
              [
                119.78156108471094,
                16.019732241563222
              ],
              [
                119.77122604022476,
                16.0502872067252
              ],
              [
                119.75317416252223,
                16.05755574568549
              ],
              [
                119.78321469182873,
                16.12687660903791
              ],
              [
                119.77232844496996,
                16.136433379346734
              ],
              [
                119.77866727225481,
                16.197139598656833
              ],
              [
                119.81449542647357,
                16.247481357828725
              ],
              [
                119.8547331996731,
                16.246941737468575
              ],
              [
                119.88201771711663,
                16.282880855157003
              ],
              [
                119.92363349624766,
                16.25784461285943
              ],
              [
                119.91840210051421,
                16.18719301280471
              ],
              [
                119.94333898106798,
                16.197946752882878
              ],
              [
                119.93755135615572,
                16.2111379935231
              ],
              [
                119.94981560894598,
                16.221502587562142
              ],
              [
                119.94678399589671,
                16.200638963046938
              ],
              [
                119.96263106410885,
                16.19283187493317
              ],
              [
                119.96566267715814,
                16.23240532905216
              ],
              [
                119.98963998036608,
                16.237654911240657
              ],
              [
                119.98963998036608,
                16.23765531294316
              ],
              [
                119.99942382247966,
                16.210734684211744
              ],
              [
                120.02188531916296,
                16.20198546983147
              ],
              [
                119.99804581654817,
                16.164565542822224
              ],
              [
                120.01788910196164,
                16.12835728445789
              ],
              [
                119.9930849951948,
                16.109109039601456
              ],
              [
                119.96428467122664,
                16.155950898779906
              ],
              [
                119.94829980242135,
                16.15473909623416
              ],
              [
                119.95160701665692,
                16.169410878393528
              ],
              [
                119.93575994844478,
                16.183678949539036
              ],
              [
                119.92225549031618,
                16.172910644486137
              ],
              [
                119.91820640717188,
                16.184550114339313
              ],
              [
                119.91412525532037,
                16.12943290985568
              ],
              [
                119.92804311522843,
                16.13750900474452
              ],
              [
                119.95505203148565,
                16.123241067499844
              ],
              [
                119.96249326351571,
                16.119068315816637
              ],
              [
                119.97861593291415,
                16.111934481095133
              ],
              [
                119.97448191511967,
                16.09349379216725
              ],
              [
                120.00342003968099,
                16.08057182610377
              ],
              [
                120.01940490848628,
                16.054997168553548
              ],
              [
                120.02918875059987,
                16.078283460854404
              ],
              [
                120.04310661050792,
                16.07047650664147
              ],
              [
                120.0472406283024,
                16.06482307953828
              ],
              [
                120.07245813684868,
                16.06536269989843
              ],
              [
                120.07245813684868,
                16.04961408723377
              ],
              [
                120.08720280031564,
                16.0571519007708
              ],
              [
                120.11076670174413,
                16.031577109319745
              ],
              [
                120.10553027920447,
                16.02121278308237
              ],
              [
                120.10553027920447,
                16.0117905831115
              ],
              [
                120.08858080624712,
                15.993618900958689
              ],
              [
                120.11393611538657,
                15.964813885793431
              ],
              [
                120.09919145191961,
                15.966429131551367
              ],
              [
                120.09698664242923,
                15.954583862092342
              ],
              [
                120.14411444528622,
                15.924567312183008
              ],
              [
                120.22362538753325,
                15.919990849485943
              ],
              [
                120.32504662409097,
                15.953372595149933
              ],
              [
                120.32780263595396,
                15.943815690940276
              ],
              [
                120.42316064641314,
                16.048806397404384
              ],
              [
                120.41558161378994,
                16.095379249807763
              ],
              [
                120.49963997561088,
                16.098475037084846
              ],
              [
                120.51273103196004,
                16.124318969211807
              ],
              [
                120.65563024705565,
                16.07438118885544
              ],
              [
                120.76917793581052,
                16.088245281185422
              ],
              [
                120.84166104780694,
                16.058094160938136
              ],
              [
                120.88024521388868,
                15.9918690848628
              ],
              [
                120.92268779657861,
                15.86345738185905
              ],
              [
                120.85833491957798,
                15.70381759420189
              ],
              [
                120.82305796773181,
                15.675685430726396
              ],
              [
                120.74396042726423,
                15.735987939022637
              ],
              [
                120.61304986377259,
                15.715258884845387
              ],
              [
                120.58824575700575,
                15.772734612639617
              ],
              [
                120.54814578439937,
                15.653206694354093
              ],
              [
                120.48131249672205,
                15.612017994477167
              ],
              [
                120.39284451592033,
                15.647957112165596
              ],
              [
                120.35880776941251,
                15.612017994477167
              ],
              [
                120.3520555403482,
                15.579443938642559
              ],
              [
                120.31691638909518,
                15.549696663309966
              ],
              [
                120.32408201993893,
                15.531390544720036
              ],
              [
                120.25407931861919,
                15.49962404481398
              ],
              [
                120.18614362619668,
                15.608787502961295
              ],
              [
                120.14893746604643,
                15.706913515379807
              ],
              [
                120.08554919319785,
                15.693722408640422
              ],
              [
                120.02891314941357,
                15.728315555147654
              ],
              [
                119.99088018570441,
                15.674877874797845
              ],
              [
                119.95918604928012,
                15.674877874797845
              ],
              [
                119.94940220716654,
                15.693318563725729
              ],
              [
                119.91274724938887,
                15.67730067648433
              ],
              [
                119.91274724938889,
                15.677300810385162
              ],
              [
                119.88821874380834,
                15.68968449509683
              ],
              [
                119.88298232126867,
                15.699106695067702
              ],
              [
                119.91384965413407,
                15.722662261945295
              ],
              [
                119.86245003288946,
                15.839363533629642
              ]
            ]
          ],
          [
            [
              [
                119.9616664599568,
                16.283151334841246
              ],
              [
                119.9619420611431,
                16.258384233219576
              ],
              [
                119.91150704405054,
                16.274267416222187
              ],
              [
                119.91329845176148,
                16.311148794077955
              ],
              [
                119.93355513895439,
                16.31666765084319
              ],
              [
                119.9616664599568,
                16.283151334841246
              ]
            ]
          ],
          [
            [
              [
                120.51718847090214,
                16.81483452651739
              ],
              [
                120.51727845153397,
                16.81550797646004
              ],
              [
                120.48668671985487,
                16.797336562108896
              ],
              [
                120.47387126469201,
                16.812008344268264
              ],
              [
                120.45347677690593,
                16.80366297480268
              ],
              [
                120.41020739065712,
                16.817527067132666
              ],
              [
                120.44686234843478,
                16.877964011866023
              ],
              [
                120.43749190810064,
                16.97878210054776
              ],
              [
                120.42619225946241,
                17.077177253642176
              ],
              [
                120.40331736099967,
                17.11257795607796
              ],
              [
                120.43501149742396,
                17.189436499066577
              ],
              [
                120.4224716434474,
                17.1911864490633
              ],
              [
                120.42660566124187,
                17.238970568409083
              ],
              [
                120.4443819377581,
                17.242066489587003
              ],
              [
                120.45609498817576,
                17.293215804687442
              ],
              [
                120.46477642554416,
                17.312733324120614
              ],
              [
                120.44865375614572,
                17.350960807058414
              ],
              [
                120.43170428318838,
                17.356344959584863
              ],
              [
                120.43611390216915,
                17.384073278145664
              ],
              [
                120.42302284581999,
                17.4033215230021
              ],
              [
                120.42384964937888,
                17.414628243307643
              ],
              [
                120.40386856337226,
                17.42135850091612
              ],
              [
                120.38664348922862,
                17.426473378865833
              ],
              [
                120.38912389990531,
                17.440337471195818
              ],
              [
                120.35136653738246,
                17.456489928775166
              ],
              [
                120.3439253053524,
                17.484218247335967
              ],
              [
                120.37134762338907,
                17.580459739419805
              ],
              [
                120.37630844474245,
                17.593516275821237
              ],
              [
                120.435976101576,
                17.644261746006986
              ],
              [
                120.42963727429114,
                17.666067630689525
              ],
              [
                120.40662457523524,
                17.669298122205397
              ],
              [
                120.42633006005556,
                17.686527276389203
              ],
              [
                120.40249055744077,
                17.707390900904407
              ],
              [
                120.42991287547744,
                17.71788993138057
              ],
              [
                120.43542489920341,
                17.73700373979988
              ],
              [
                120.4578863958867,
                17.738080302503505
              ],
              [
                120.43969671759103,
                17.77926900238043
              ],
              [
                120.44396853597866,
                17.816554091250055
              ],
              [
                120.44396853597866,
                17.816554492952555
              ],
              [
                120.4439834618317,
                17.81655121485334
              ],
              [
                120.43018847666374,
                17.830418585282537
              ],
              [
                120.4665678332551,
                17.857608488590696
              ],
              [
                120.47483586884404,
                17.891394079169377
              ],
              [
                120.49895097264513,
                17.912930555374345
              ],
              [
                120.47428466647145,
                17.946177596799547
              ],
              [
                120.47786748189333,
                17.998942157657925
              ],
              [
                120.47015064867698,
                18.004326310184375
              ],
              [
                120.5120420289943,
                18.052245267669782
              ],
              [
                120.51838085627917,
                18.103932998022866
              ],
              [
                120.52899150195164,
                18.1107978259693
              ],
              [
                120.52237707348048,
                18.120758441192816
              ],
              [
                120.57653270658808,
                18.200309060444656
              ],
              [
                120.60092341157547,
                18.268822367868527
              ],
              [
                120.5956869890358,
                18.336527851562177
              ],
              [
                120.56289044786632,
                18.419308962329886
              ],
              [
                120.62517631596971,
                18.47422731809968
              ],
              [
                120.71516010329607,
                18.456324910523605
              ],
              [
                120.77262295063925,
                18.471131396921763
              ],
              [
                120.78847001885138,
                18.499801841749065
              ],
              [
                120.78240679275282,
                18.551624276340938
              ],
              [
                120.8474486727192,
                18.582044671164965
              ],
              [
                120.84744867271921,
                18.582044671164965
              ],
              [
                120.91193935031298,
                18.492129457874086
              ],
              [
                120.9538307306303,
                18.48728385450111
              ],
              [
                120.97312281367118,
                18.511512406969302
              ],
              [
                120.96140976325351,
                18.373409229417945
              ],
              [
                120.94253108199209,
                18.29224323050733
              ],
              [
                120.95934275435627,
                18.118873920858142
              ],
              [
                120.97643002790676,
                18.08683828027618
              ],
              [
                120.93688125767297,
                18.017921395739286
              ],
              [
                120.9408774748743,
                17.912930555374345
              ],
              [
                120.92819982030457,
                17.893413035941172
              ],
              [
                120.91014794260204,
                17.865415576704464
              ],
              [
                120.8336686134043,
                17.874972347013287
              ],
              [
                120.78364699809117,
                17.82570755224752
              ],
              [
                120.72797555845894,
                17.806459173490254
              ],
              [
                120.69063159771554,
                17.747233629600135
              ],
              [
                120.58232033150034,
                17.710890800897847
              ],
              [
                120.5353303292365,
                17.613437774069936
              ],
              [
                120.51493584145044,
                17.63483967993695
              ],
              [
                120.51135302602856,
                17.66431794849447
              ],
              [
                120.53202311500092,
                17.796902269280594
              ],
              [
                120.53156250384264,
                17.797003431979608
              ],
              [
                120.5109396242491,
                17.66472165950833
              ],
              [
                120.51452243967098,
                17.635243524851642
              ],
              [
                120.53491692745705,
                17.613841618984626
              ],
              [
                120.50253378806701,
                17.54855893697746
              ],
              [
                120.48765132400692,
                17.452048170316885
              ],
              [
                120.46725683622084,
                17.40803282383878
              ],
              [
                120.4825527020604,
                17.386900058647676
              ],
              [
                120.52527088593662,
                17.406013733166155
              ],
              [
                120.58562754573592,
                17.382054321373868
              ],
              [
                120.57873751607846,
                17.335481468970492
              ],
              [
                120.53877534406523,
                17.2613150022451
              ],
              [
                120.55792962651296,
                17.210569532059353
              ],
              [
                120.61429006911094,
                17.213530748998483
              ],
              [
                120.68263916331288,
                17.157670400863022
              ],
              [
                120.68167455916084,
                17.099790828154102
              ],
              [
                120.66734329747334,
                17.094810520542342
              ],
              [
                120.69462781491686,
                17.06089035962571
              ],
              [
                120.75677588242709,
                17.058198417263316
              ],
              [
                120.79894286393072,
                17.088753248524462
              ],
              [
                120.85833491957798,
                17.089022389200366
              ],
              [
                120.7806153850419,
                17.010010051300338
              ],
              [
                120.7868164117336,
                16.869618642400447
              ],
              [
                120.77551676309538,
                16.83179500437734
              ],
              [
                120.74340922489164,
                16.81039309851033
              ],
              [
                120.67147731526781,
                16.807162606994456
              ],
              [
                120.6433659942654,
                16.792221684159184
              ],
              [
                120.6203532952095,
                16.624774942289086
              ],
              [
                120.58039112319625,
                16.55235815775875
              ],
              [
                120.53221695405554,
                16.609201320038963
              ],
              [
                120.53216091559408,
                16.609026329624427
              ],
              [
                120.5805289237894,
                16.551954446744894
              ],
              [
                120.54194475770765,
                16.499593730801205
              ],
              [
                120.55889423066499,
                16.488825425748306
              ],
              [
                120.49674616315475,
                16.432292092022248
              ],
              [
                120.46946164571123,
                16.388007470967406
              ],
              [
                120.51259323136689,
                16.12445367345059
              ],
              [
                120.49950217501774,
                16.09860987522446
              ],
              [
                120.41544381319679,
                16.095513954046545
              ],
              [
                120.39959674498463,
                16.139260159848746
              ],
              [
                120.36445759373161,
                16.160527495377806
              ],
              [
                120.34764592136743,
                16.169949695348677
              ],
              [
                120.3447521089113,
                16.235770792608488
              ],
              [
                120.32242841282114,
                16.279382428072733
              ],
              [
                120.32394421934579,
                16.284901150937134
              ],
              [
                120.32945624307175,
                16.359336892239266
              ],
              [
                120.30341193096658,
                16.392314792988564
              ],
              [
                120.30947515706514,
                16.411159192930306
              ],
              [
                120.32008580273761,
                16.46500058429397
              ],
              [
                120.27750541945454,
                16.511573436697347
              ],
              [
                120.30851055291309,
                16.505112453665607
              ],
              [
                120.30809715113364,
                16.537282664585522
              ],
              [
                120.33786207925384,
                16.57752910429511
              ],
              [
                120.34144489467572,
                16.627332448214357
              ],
              [
                120.32394421934579,
                16.696114896314132
              ],
              [
                120.33483046620456,
                16.730842479258484
              ],
              [
                120.3983565396463,
                16.775261670651282
              ],
              [
                120.41034519125027,
                16.81698878578085
              ],
              [
                120.45361457749908,
                16.803259129887987
              ],
              [
                120.47400906528514,
                16.811604767155238
              ],
              [
                120.48682452044802,
                16.79679828075708
              ],
              [
                120.51718847090214,
                16.81483452651739
              ]
            ],
            [
              [
                120.50724955266698,
                16.739012341405214
              ],
              [
                120.50721900823409,
                16.73878413771021
              ],
              [
                120.53563872820895,
                16.70915529168705
              ],
              [
                120.53574373101594,
                16.709305869152686
              ],
              [
                120.50724955266698,
                16.739012341405214
              ]
            ],
            [
              [
                120.52317162823223,
                16.690675871642537
              ],
              [
                120.52292827585308,
                16.69032689887299
              ],
              [
                120.54323184870513,
                16.687418189387767
              ],
              [
                120.54346056423229,
                16.687769259046885
              ],
              [
                120.52317162823223,
                16.690675871642537
              ]
            ],
            [
              [
                120.53499444549423,
                16.674292228134583
              ],
              [
                120.53491692745705,
                16.67417444129364
              ],
              [
                120.54944410065194,
                16.663830276135343
              ],
              [
                120.54952379033085,
                16.66407912183134
              ],
              [
                120.53499444549423,
                16.674292228134583
              ]
            ]
          ]
        ]
      }
    },
    {
      "type": "Feature",
      "properties": {
        "Region": "Region II - Cagayan Valley",
        "Region_Code": "02",
        "Source_Geometry": "philippines.svg",
        "Classification": "17-region structure aligned with project PSA 2024 dataset",
        "SVG_Path_Count": 5
      },
      "geometry": {
        "type": "MultiPolygon",
        "coordinates": [
          [
            [
              [
                121.34697582288467,
                16.658560131165267
              ],
              [
                121.33732978136425,
                16.672424357396082
              ],
              [
                121.35538165906678,
                16.670674541300194
              ],
              [
                121.36737031067075,
                16.69396083360105
              ],
              [
                121.40636787853194,
                16.698402725960165
              ],
              [
                121.43585720546585,
                16.734072702972686
              ],
              [
                121.4587321039286,
                16.723439102158572
              ],
              [
                121.54568427820567,
                16.749417604623485
              ],
              [
                121.58798906030245,
                16.79747099854601
              ],
              [
                121.55505471853982,
                16.969763477689913
              ],
              [
                121.5505072989659,
                17.181225699938945
              ],
              [
                121.60535193503924,
                17.300618913985684
              ],
              [
                121.67576803813843,
                17.349614568075545
              ],
              [
                121.656889356877,
                17.414224264492113
              ],
              [
                121.82197446746962,
                17.424185013616462
              ],
              [
                121.85242839855556,
                17.441414167800268
              ],
              [
                122.1915556582955,
                17.454874683017227
              ],
              [
                122.1910044559229,
                17.454739443175107
              ],
              [
                122.1910044559229,
                17.454740246580112
              ],
              [
                122.1904532535503,
                17.412340145859943
              ],
              [
                122.25039651157016,
                17.316636935127917
              ],
              [
                122.23689205344155,
                17.3080222910856
              ],
              [
                122.25439272877148,
                17.29186996740708
              ],
              [
                122.24667589555513,
                17.26871824544418
              ],
              [
                122.26610577918916,
                17.257949940391278
              ],
              [
                122.28526006163688,
                17.265891464942168
              ],
              [
                122.28691366875466,
                17.243547298907817
              ],
              [
                122.31075317136947,
                17.235605640456097
              ],
              [
                122.32274182297344,
                17.24583553025635
              ],
              [
                122.35388475702513,
                17.238432420958105
              ],
              [
                122.37055862879618,
                17.25714238446273
              ],
              [
                122.39302012547947,
                17.243547298907817
              ],
              [
                122.40790258953957,
                17.23641333028548
              ],
              [
                122.44414414553779,
                17.165881066089817
              ],
              [
                122.44083693130221,
                17.14272921022608
              ],
              [
                122.43077748800232,
                17.114328039975515
              ],
              [
                122.41286341089294,
                17.084176785827395
              ],
              [
                122.41878883639835,
                17.03868089783014
              ],
              [
                122.43752971706664,
                17.02252844025079
              ],
              [
                122.44869156511172,
                17.014721352137023
              ],
              [
                122.48396851695787,
                17.01552877416474
              ],
              [
                122.51056403143565,
                17.042045557981464
              ],
              [
                122.52958051329023,
                16.99722265557481
              ],
              [
                122.51125303440139,
                16.935708880336158
              ],
              [
                122.46729464518684,
                16.873791260182816
              ],
              [
                122.47762968967302,
                16.847947328055856
              ],
              [
                122.4573730024801,
                16.7992208146419
              ],
              [
                122.46743244577999,
                16.783741342653148
              ],
              [
                122.42995068444343,
                16.721958560639425
              ],
              [
                122.43739191647349,
                16.69382639716393
              ],
              [
                122.41989124114355,
                16.682519676858387
              ],
              [
                122.29959132332439,
                16.4431945657106
              ],
              [
                122.27285800825346,
                16.414389416644507
              ],
              [
                122.13230140324139,
                16.4209849700142
              ],
              [
                122.13198794445735,
                16.421007207482916
              ],
              [
                122.06546811556407,
                16.37831586251896
              ],
              [
                121.83575452678453,
                16.11530074805646
              ],
              [
                121.46796474366958,
                15.800732339677989
              ],
              [
                121.46796474366958,
                15.80073233967799
              ],
              [
                121.28207174351145,
                15.653206828254925
              ],
              [
                121.1982889828768,
                15.792117695635671
              ],
              [
                121.17568968560036,
                15.97665902135162
              ],
              [
                121.02672724440617,
                16.012328998364143
              ],
              [
                120.88010741329555,
                15.991869218763632
              ],
              [
                120.8415232472138,
                16.058228865176922
              ],
              [
                120.76904013521737,
                16.088379985424208
              ],
              [
                120.75911849251064,
                16.130510945468473
              ],
              [
                120.80610849477448,
                16.211542240140297
              ],
              [
                120.84565726500827,
                16.209388579129715
              ],
              [
                120.89154486252691,
                16.323666915226745
              ],
              [
                120.88396582990372,
                16.396622115009727
              ],
              [
                120.90546272243498,
                16.487748595243016
              ],
              [
                121.2224040866779,
                16.539167184920196
              ],
              [
                121.22764050921757,
                16.540782430678135
              ],
              [
                121.27862672868272,
                16.562184336545148
              ],
              [
                121.29667860638526,
                16.554915797584858
              ],
              [
                121.29102878206615,
                16.582509545807707
              ],
              [
                121.31652189179873,
                16.591258760187976
              ],
              [
                121.335262772467,
                16.641196540544342
              ],
              [
                121.40085585480598,
                16.580490321234244
              ],
              [
                121.40939949158123,
                16.534052173069654
              ],
              [
                121.40951425507468,
                16.534043047352284
              ],
              [
                121.40099365539912,
                16.580490053432573
              ],
              [
                121.3355383736533,
                16.641196272742672
              ],
              [
                121.34697582288467,
                16.658560131165267
              ]
            ],
            [
              [
                121.55846955544945,
                16.522074732948322
              ],
              [
                121.75610578394435,
                16.27911315349599
              ],
              [
                121.75612634393997,
                16.279122309849146
              ],
              [
                121.55849973336855,
                16.522072333272675
              ],
              [
                121.55846955544945,
                16.522074732948322
              ]
            ]
          ],
          [
            [
              [
                121.90203661208925,
                18.182406920670253
              ],
              [
                122.01186368482908,
                18.21013510533022
              ],
              [
                122.0910990258898,
                18.28026352461119
              ],
              [
                122.10115846918968,
                18.307318857581393
              ],
              [
                122.13050999553045,
                18.30610705503565
              ],
              [
                122.12499797180448,
                18.349449415923157
              ],
              [
                122.14759726908093,
                18.43478803261614
              ],
              [
                122.16661375093551,
                18.44945981477551
              ],
              [
                122.23578964869635,
                18.444479373262915
              ],
              [
                122.24998310979072,
                18.375427784487236
              ],
              [
                122.31433598679133,
                18.31687536008855
              ],
              [
                122.33927789415132,
                18.23072905356618
              ],
              [
                122.30276073696682,
                18.138525608926766
              ],
              [
                122.26348756791933,
                18.088453258232448
              ],
              [
                122.21718656862123,
                18.071223836246972
              ],
              [
                122.16688935212181,
                18.000287861037453
              ],
              [
                122.1690941616122,
                17.98225101702426
              ],
              [
                122.18576803338323,
                17.97767442042636
              ],
              [
                122.1747439859313,
                17.949676961189656
              ],
              [
                122.19059105414345,
                17.9332553629344
              ],
              [
                122.17846460194633,
                17.865953456353772
              ],
              [
                122.18535463160379,
                17.85828107247879
              ],
              [
                122.18921304821195,
                17.8157465353215
              ],
              [
                122.16330653669993,
                17.79084486336188
              ],
              [
                122.1693697627985,
                17.758001532950534
              ],
              [
                122.14993987916446,
                17.74777177705111
              ],
              [
                122.15738111119452,
                17.72879253896975
              ],
              [
                122.13753782578105,
                17.70469855683951
              ],
              [
                122.14442785543851,
                17.649511194294647
              ],
              [
                122.16868075983274,
                17.608457064755676
              ],
              [
                122.15627870644933,
                17.59176619192368
              ],
              [
                122.1674405544944,
                17.57844038094551
              ],
              [
                122.16303093551363,
                17.519618815870917
              ],
              [
                122.1907288547366,
                17.455143555891468
              ],
              [
                121.85160159499668,
                17.441683308476176
              ],
              [
                121.82114766391072,
                17.424454020391536
              ],
              [
                121.65606255331811,
                17.41449340516802
              ],
              [
                121.47953999349411,
                17.581940147038118
              ],
              [
                121.44012902385347,
                17.575479164006378
              ],
              [
                121.44288503571646,
                17.59943857579866
              ],
              [
                121.43144758648508,
                17.646146132440826
              ],
              [
                121.37660295041174,
                17.705236972092155
              ],
              [
                121.30756485324403,
                17.72879253896975
              ],
              [
                121.32492772798082,
                17.738618583855313
              ],
              [
                121.41532491708664,
                17.947657870517027
              ],
              [
                121.46093691341898,
                17.967444530626107
              ],
              [
                121.48932383560769,
                18.147140252969088
              ],
              [
                121.4668623389244,
                18.23099832814292
              ],
              [
                121.31858890069597,
                18.31337559399594
              ],
              [
                121.28551675834018,
                18.314721699077968
              ],
              [
                121.24886180056252,
                18.356314243869587
              ],
              [
                121.08942651428902,
                18.412982147933597
              ],
              [
                121.0851546959014,
                18.469246474884585
              ],
              [
                121.04353891677037,
                18.457132064749658
              ],
              [
                121.0394048989759,
                18.43357649787206
              ],
              [
                121.00316334297769,
                18.393733903077166
              ],
              [
                120.96099636147406,
                18.37340882771544
              ],
              [
                120.97270941189173,
                18.511512005266802
              ],
              [
                121.03430627702937,
                18.550547044133147
              ],
              [
                121.05897258320307,
                18.53695209247907
              ],
              [
                121.09094232081365,
                18.5444899060161
              ],
              [
                121.09672994572593,
                18.556604182250197
              ],
              [
                121.12484126672834,
                18.558353998346085
              ],
              [
                121.12484126672834,
                18.558354400048586
              ],
              [
                121.1980133816905,
                18.538163895024816
              ],
              [
                121.30425763900845,
                18.454575094427717
              ],
              [
                121.39313902158963,
                18.412713542861027
              ],
              [
                121.41105309869901,
                18.40504102508521
              ],
              [
                121.41890773250852,
                18.385388935314086
              ],
              [
                121.45570049087932,
                18.380274057364375
              ],
              [
                121.60852134868166,
                18.29533915168525
              ],
              [
                121.89335517472085,
                18.192232965555817
              ],
              [
                121.90203661208925,
                18.182406920670253
              ]
            ]
          ],
          [
            [
              [
                121.41780532776332,
                18.843713948347105
              ],
              [
                121.48188260357765,
                18.82056209248337
              ],
              [
                121.4814692017982,
                18.810735913696973
              ],
              [
                121.45197987486429,
                18.79081468324994
              ],
              [
                121.34628681991893,
                18.776816020582007
              ],
              [
                121.29254458859079,
                18.7788349773538
              ],
              [
                121.2754573150403,
                18.79364132985112
              ],
              [
                121.28234734469775,
                18.820292951807467
              ],
              [
                121.31073426688647,
                18.813562694198986
              ],
              [
                121.41780532776332,
                18.843713948347105
              ]
            ]
          ],
          [
            [
              [
                121.24899960115567,
                19.047638223158277
              ],
              [
                121.24982640471457,
                18.953281117508283
              ],
              [
                121.19649757516586,
                19.009141599544577
              ],
              [
                121.19567077160697,
                19.05073401043536
              ],
              [
                121.21868347066287,
                19.115882122104573
              ],
              [
                121.24899960115567,
                19.047638223158277
              ]
            ]
          ],
          [
            [
              [
                121.39120981328554,
                19.340535451092993
              ],
              [
                121.40967509276751,
                19.343900512946814
              ],
              [
                121.48863483264195,
                19.317249024891304
              ],
              [
                121.52487638864017,
                19.33905477567301
              ],
              [
                121.52253377855664,
                19.270810876726713
              ],
              [
                121.5426526651564,
                19.221276807384207
              ],
              [
                121.5112341299184,
                19.206066609972194
              ],
              [
                121.5123365346636,
                19.190587137983442
              ],
              [
                121.40347406607582,
                19.23083357769303
              ],
              [
                121.39038300972665,
                19.278886971615556
              ],
              [
                121.34642462051208,
                19.30688443085226
              ],
              [
                121.38004796524046,
                19.31455694862808
              ],
              [
                121.39120981328554,
                19.340535451092993
              ]
            ]
          ],
          [
            [
              [
                121.81453323543957,
                20.758314206856486
              ],
              [
                121.83616792856398,
                20.824942944402373
              ],
              [
                121.86414144897324,
                20.834769
              ],
              [
                121.88384693379356,
                20.809328935550877
              ],
              [
                121.8688266691403,
                20.781196802872575
              ],
              [
                121.87737030591555,
                20.75616054986293
              ],
              [
                121.85794042228153,
                20.748084338480364
              ],
              [
                121.84650297305015,
                20.709453131138627
              ],
              [
                121.8006153755315,
                20.683205441132515
              ],
              [
                121.78173669427008,
                20.716721720981234
              ],
              [
                121.81453323543957,
                20.758314206856486
              ]
            ]
          ],
          [
            [
              [
                122.12637597773598,
                18.47436188843763
              ],
              [
                122.11135571308272,
                18.476919260462072
              ],
              [
                122.11273371901422,
                18.491456472283485
              ],
              [
                122.13464401332492,
                18.511377702730517
              ],
              [
                122.15793231356712,
                18.50882033070608
              ],
              [
                122.15462509933154,
                18.44986392749187
              ],
              [
                122.11548973087719,
                18.427654465696303
              ],
              [
                122.12637597773598,
                18.47436188843763
              ]
            ]
          ],
          [
            [
              [
                121.86841326736086,
                18.824196027211432
              ],
              [
                121.85008578847203,
                18.859596595746382
              ],
              [
                121.87061807685124,
                18.886382788040677
              ],
              [
                121.86648405905677,
                18.912899705758235
              ],
              [
                121.91774587970824,
                18.944396931087553
              ],
              [
                121.91774587970824,
                18.944397332790054
              ],
              [
                121.94613280189695,
                18.943723811596122
              ],
              [
                121.99270940238135,
                18.898900909189468
              ],
              [
                121.98940218814577,
                18.87992180500894
              ],
              [
                121.96005066180501,
                18.872653266048648
              ],
              [
                121.953574033927,
                18.840213780551995
              ],
              [
                121.89376857650029,
                18.807101309464745
              ],
              [
                121.8775081065087,
                18.76106687231401
              ],
              [
                121.85518441041854,
                18.746798935069336
              ],
              [
                121.83754593449547,
                18.75568271978756
              ],
              [
                121.82762429178872,
                18.811677772161808
              ],
              [
                121.86841326736086,
                18.824196027211432
              ]
            ]
          ],
          [
            [
              [
                121.90272561505499,
                19.46867801342084
              ],
              [
                121.89239057056881,
                19.49613709757515
              ],
              [
                121.97024790569805,
                19.530595580013845
              ],
              [
                121.99298500356764,
                19.509866632957262
              ],
              [
                121.99518981305803,
                19.466928063424117
              ],
              [
                121.95963726002556,
                19.42883541862594
              ],
              [
                121.90272561505499,
                19.46867801342084
              ]
            ]
          ],
          [
            [
              [
                121.89018576107841,
                20.290701605699805
              ],
              [
                121.86276344304176,
                20.23941766670108
              ],
              [
                121.84071534813789,
                20.2674151928882
              ],
              [
                121.84567616949126,
                20.33862046945463
              ],
              [
                121.89018576107841,
                20.290701605699805
              ]
            ]
          ],
          [
            [
              [
                122.00414685161272,
                20.476588915987037
              ],
              [
                122.00414685161272,
                20.47658904988787
              ],
              [
                122.03584098803701,
                20.450879781829446
              ],
              [
                121.96363347722689,
                20.396769182839456
              ],
              [
                121.98127195314997,
                20.37550182053023
              ],
              [
                121.97369292052677,
                20.350330954334368
              ],
              [
                121.95040462028457,
                20.330140435920512
              ],
              [
                121.915678870811,
                20.329601886767033
              ],
              [
                121.92711632004237,
                20.39461538792804
              ],
              [
                121.96680289086932,
                20.431631349511846
              ],
              [
                121.95715684934888,
                20.45599459282874
              ],
              [
                122.00414685161272,
                20.476588915987037
              ]
            ]
          ]
        ]
      }
    },
    {
      "type": "Feature",
      "properties": {
        "Region": "Region III - Central Luzon",
        "Region_Code": "03",
        "Source_Geometry": "philippines.svg",
        "Classification": "17-region structure aligned with project PSA 2024 dataset",
        "SVG_Path_Count": 7
      },
      "geometry": {
        "type": "Polygon",
        "coordinates": [
          [
            [
              121.34559781695319,
              14.768996287685539
            ],
            [
              121.25864564267611,
              14.71784710648593
            ],
            [
              121.1825797152578,
              14.703040620087776
            ],
            [
              121.17775669449759,
              14.68015803880078
            ],
            [
              121.11395501986955,
              14.635873417745936
            ],
            [
              121.07385504726317,
              14.640450014343834
            ],
            [
              121.05979938676197,
              14.657544598189688
            ],
            [
              121.04505472329501,
              14.653237276168529
            ],
            [
              121.04105850609369,
              14.632104644878254
            ],
            [
              121.00784856314475,
              14.624028416088578
            ],
            [
              121.00426574772287,
              14.620528783896802
            ],
            [
              120.98979668544222,
              14.588358439076053
            ],
            [
              120.9703668018082,
              14.585531792474878
            ],
            [
              120.96637058460688,
              14.604376192416618
            ],
            [
              120.94749190334545,
              14.611914139854482
            ],
            [
              120.93536545114833,
              14.606529853427197
            ],
            [
              120.95768914723848,
              14.56332219677848
            ],
            [
              120.94501149266877,
              14.556995784084691
            ],
            [
              120.92764861793198,
              14.578263253514585
            ],
            [
              120.9167623710732,
              14.567898659475546
            ],
            [
              120.89815929099807,
              14.588762283990746
            ],
            [
              120.8853438358352,
              14.585397222136924
            ],
            [
              120.83973183950285,
              14.61716372204298
            ],
            [
              120.84069644365489,
              14.642334400777674
            ],
            [
              120.8255383784085,
              14.647853123642077
            ],
            [
              120.81809714637845,
              14.654448810912603
            ],
            [
              120.8011476734211,
              14.630758539796222
            ],
            [
              120.75636248064765,
              14.631835102499846
            ],
            [
              120.73886180531771,
              14.639103641460135
            ],
            [
              120.68360376746493,
              14.646372314321262
            ],
            [
              120.67794174572138,
              14.657960386475617
            ],
            [
              120.66348488086516,
              14.64987301771971
            ],
            [
              120.65480344349676,
              14.643815879602661
            ],
            [
              120.62118009876839,
              14.673428718498137
            ],
            [
              120.58755675404001,
              14.690119457429297
            ],
            [
              120.59444678369746,
              14.70277214891604
            ],
            [
              120.57804851311272,
              14.707483315851892
            ],
            [
              120.57795146955355,
              14.707457970573259
            ],
            [
              120.58204473031404,
              14.691464759106324
            ],
            [
              120.55710282295405,
              14.691329519264203
            ],
            [
              120.55875643007185,
              14.664947171884599
            ],
            [
              120.54731898084047,
              14.666023734588219
            ],
            [
              120.54731898084047,
              14.601548608509605
            ],
            [
              120.58259593268664,
              14.52603617060302
            ],
            [
              120.57901311726476,
              14.489827644437018
            ],
            [
              120.60106121216862,
              14.414584347206336
            ],
            [
              120.61291206317944,
              14.409200194679885
            ],
            [
              120.60905364657127,
              14.354416677049716
            ],
            [
              120.56357945083207,
              14.298556061112587
            ],
            [
              120.489580532311,
              14.310132055994872
            ],
            [
              120.49991557679718,
              14.281057766252875
            ],
            [
              120.46959944630439,
              14.289268565380503
            ],
            [
              120.44603554487588,
              14.32157334663837
            ],
            [
              120.42453865234462,
              14.315785349197228
            ],
            [
              120.4224716434474,
              14.32830360424685
            ],
            [
              120.38898609931216,
              14.334226038125111
            ],
            [
              120.3739658346589,
              14.400047269285754
            ],
            [
              120.38981290287106,
              14.412296115857803
            ],
            [
              120.38071806372321,
              14.424006547177207
            ],
            [
              120.39298231651348,
              14.463041586043552
            ],
            [
              120.36707580500145,
              14.502076624909899
            ],
            [
              120.34819712374002,
              14.495077360526347
            ],
            [
              120.33207445434158,
              14.511902669795461
            ],
            [
              120.31250677011441,
              14.501269068981347
            ],
            [
              120.31236896952126,
              14.515267865550118
            ],
            [
              120.30148272266248,
              14.509883713023667
            ],
            [
              120.24815389311378,
              14.567763151831755
            ],
            [
              120.25394151802604,
              14.610701801705403
            ],
            [
              120.27915902657233,
              14.611509223733119
            ],
            [
              120.24112606286317,
              14.6368146067066
            ],
            [
              120.28026143131753,
              14.656062985463869
            ],
            [
              120.25614632751643,
              14.66440835492945
            ],
            [
              120.26579236903687,
              14.677599595569669
            ],
            [
              120.29417929122557,
              14.676523032866047
            ],
            [
              120.29542055113507,
              14.677473623971203
            ],
            [
              120.2976243060543,
              14.693483849778953
            ],
            [
              120.27144219335598,
              14.697656467561327
            ],
            [
              120.26730817556151,
              14.72309668867443
            ],
            [
              120.24346867294672,
              14.72444252595479
            ],
            [
              120.2237631881264,
              14.754862920778816
            ],
            [
              120.20102609025679,
              14.742614208107602
            ],
            [
              120.21356594423335,
              14.692407019273663
            ],
            [
              120.1782889923872,
              14.616759743227458
            ],
            [
              120.11503852013175,
              14.638161782995304
            ],
            [
              120.13501960613837,
              14.642334400777678
            ],
            [
              120.11999934148513,
              14.659294548186413
            ],
            [
              120.08306878252117,
              14.66346729986962
            ],
            [
              120.1098020975921,
              14.698464023489876
            ],
            [
              120.07948596709929,
              14.69052249893899
            ],
            [
              120.0843089878595,
              14.730230523395933
            ],
            [
              120.0710801309172,
              14.729961382720028
            ],
            [
              120.07204473506924,
              14.754997625017602
            ],
            [
              120.05206364906262,
              14.772899898692842
            ],
            [
              120.06598150897068,
              14.893773922060394
            ],
            [
              120.05399285736671,
              14.97978539044314
            ],
            [
              120.01155027467678,
              15.113042964621531
            ],
            [
              120.01623549484385,
              15.14575159079409
            ],
            [
              119.98867537621403,
              15.178729491543388
            ],
            [
              119.96511147478553,
              15.205246409260948
            ],
            [
              119.96662728131018,
              15.226379040551222
            ],
            [
              119.92914551997362,
              15.265144938741662
            ],
            [
              119.93782695734201,
              15.270798231944017
            ],
            [
              119.90585721973143,
              15.280355136153673
            ],
            [
              119.90778642803551,
              15.297449719999527
            ],
            [
              119.89001015151928,
              15.310910101315653
            ],
            [
              119.91715686836964,
              15.328812374990893
            ],
            [
              119.9013098001575,
              15.352098801192579
            ],
            [
              119.90530601735882,
              15.374173692650192
            ],
            [
              119.91894827608058,
              15.357482953719028
            ],
            [
              119.94306337988168,
              15.358559516422652
            ],
            [
              119.9465083947104,
              15.377807761279085
            ],
            [
              119.96841868902112,
              15.388576066331986
            ],
            [
              119.93672455259681,
              15.43649502381739
            ],
            [
              119.9487132042008,
              15.453589607663243
            ],
            [
              119.92804311522843,
              15.452513044959623
            ],
            [
              119.92914551997362,
              15.436495291619059
            ],
            [
              119.9167434665902,
              15.44107162041529
            ],
            [
              119.92501150217915,
              15.476607027089862
            ],
            [
              119.90406581202049,
              15.50312394480742
            ],
            [
              119.9254249039586,
              15.525333540503818
            ],
            [
              119.93396854073384,
              15.57513675052223
            ],
            [
              119.91715686836964,
              15.588597131838355
            ],
            [
              119.90048299659861,
              15.583347683550691
            ],
            [
              119.86906446136061,
              15.617671555481184
            ],
            [
              119.90985343693275,
              15.637727490167002
            ],
            [
              119.88821874380834,
              15.68981893153395
            ],
            [
              119.91274724938889,
              15.677435514623948
            ],
            [
              119.94926440657339,
              15.693722542541252
            ],
            [
              119.95904824868698,
              15.675281853613368
            ],
            [
              119.99074238511128,
              15.675281853613368
            ],
            [
              120.02877534882042,
              15.728719400062342
            ],
            [
              120.0854113926047,
              15.69412625355511
            ],
            [
              120.14879966545328,
              15.70731749419533
            ],
            [
              120.18600582560354,
              15.609191481776818
            ],
            [
              120.25394151802604,
              15.500028023629502
            ],
            [
              120.25399593300007,
              15.4999186818458
            ],
            [
              120.32394421934579,
              15.531660488800942
            ],
            [
              120.31677858850203,
              15.549966473490038
            ],
            [
              120.35191773975505,
              15.579579178484678
            ],
            [
              120.35866996881936,
              15.612287938558072
            ],
            [
              120.39270671532718,
              15.648227056246501
            ],
            [
              120.4811746961289,
              15.612153234319285
            ],
            [
              120.54800798380622,
              15.653476638434999
            ],
            [
              120.5881079564126,
              15.77286998638257
            ],
            [
              120.61291206317944,
              15.715393722985006
            ],
            [
              120.61291237623792,
              15.715392433547642
            ],
            [
              120.74382262667109,
              15.736121304253082
            ],
            [
              120.82292016713866,
              15.675818795956843
            ],
            [
              120.85819711898483,
              15.703950959432335
            ],
            [
              120.92254999598546,
              15.86359088099033
            ],
            [
              120.88010741329553,
              15.991869218763632
            ],
            [
              121.02672724440617,
              16.012328998364143
            ],
            [
              121.17568968560035,
              15.976659021351619
            ],
            [
              121.1982889828768,
              15.79211769563567
            ],
            [
              121.28207174351145,
              15.653206828254923
            ],
            [
              121.28218316805777,
              15.652865872209725
            ],
            [
              121.46796474366958,
              15.800059220186556
            ],
            [
              121.83575452678453,
              16.114627628565025
            ],
            [
              122.06546811556407,
              16.377777581167148
            ],
            [
              122.13216360264823,
              16.420581392901173
            ],
            [
              122.27272020766031,
              16.41398583953148
            ],
            [
              122.26031815427689,
              16.407659426837697
            ],
            [
              122.24419548487845,
              16.397968086190918
            ],
            [
              122.2291752202252,
              16.34843401684841
            ],
            [
              122.20009929507074,
              16.324743745732032
            ],
            [
              122.22380099709238,
              16.278709442482132
            ],
            [
              122.24019926767713,
              16.31935959320558
            ],
            [
              122.24419548487845,
              16.31007196357266
            ],
            [
              122.22545460421017,
              16.245058556142236
            ],
            [
              122.1923824618544,
              16.223387375698483
            ],
            [
              122.18039381025042,
              16.19135160121569
            ],
            [
              122.19610307786941,
              16.177891353800398
            ],
            [
              122.23854566055934,
              16.2003700901727
            ],
            [
              122.20712712532135,
              16.155950898779906
            ],
            [
              122.20602472057615,
              16.12808800988115
            ],
            [
              122.07070453810374,
              16.005868015332403
            ],
            [
              122.07318494878042,
              15.976389880675713
            ],
            [
              122.0323959732083,
              15.935066610460833
            ],
            [
              121.98967778933206,
              15.913933845269725
            ],
            [
              122.02757295244807,
              15.989850261991837
            ],
            [
              122.09330383538018,
              16.05432525416962
            ],
            [
              122.09537084427743,
              16.090802787110693
            ],
            [
              122.1292697901921,
              16.112473967554443
            ],
            [
              122.13147459968249,
              16.148682359819613
            ],
            [
              122.09399283834594,
              16.151239865744884
            ],
            [
              122.07153134166263,
              16.128760995471747
            ],
            [
              122.06409010963259,
              16.103455612498266
            ],
            [
              122.07869697250638,
              16.076400279528062
            ],
            [
              122.01902931567282,
              16.066035819389857
            ],
            [
              121.93648676037651,
              16.011386738196805
            ],
            [
              121.87089367803755,
              16.00721412041443
            ],
            [
              121.77994528655914,
              15.947046316356975
            ],
            [
              121.76023980173882,
              15.962121809530203
            ],
            [
              121.74177452225685,
              15.953776440064622
            ],
            [
              121.66501959187279,
              15.889436018224796
            ],
            [
              121.65096393137159,
              15.854035181888177
            ],
            [
              121.6271244287568,
              15.849727859867016
            ],
            [
              121.62671102697735,
              15.835056211608482
            ],
            [
              121.55519251913296,
              15.781887805835414
            ],
            [
              121.55353891201517,
              15.669897701086919
            ],
            [
              121.57200419149716,
              15.633823879159703
            ],
            [
              121.59997771190642,
              15.644861458789343
            ],
            [
              121.63787287502242,
              15.631266507135265
            ],
            [
              121.6400776845128,
              15.585905189475966
            ],
            [
              121.61086395876521,
              15.588731836077143
            ],
            [
              121.61237976528984,
              15.565714550551359
            ],
            [
              121.61444677418707,
              15.552658014149927
            ],
            [
              121.61720278605006,
              15.529371587948239
            ],
            [
              121.58426844428743,
              15.513622975283582
            ],
            [
              121.53093961473873,
              15.425592282327372
            ],
            [
              121.49387125518162,
              15.403921101883618
            ],
            [
              121.47568157688593,
              15.296372889494238
            ],
            [
              121.45473588672728,
              15.289911906462498
            ],
            [
              121.43213658945082,
              15.242935343045264
            ],
            [
              121.40471427141415,
              15.263933403997584
            ],
            [
              121.38487098600068,
              15.24414687778934
            ],
            [
              121.3739847391419,
              15.191247612692177
            ],
            [
              121.41987233666055,
              15.093390874850403
            ],
            [
              121.40168265836488,
              15.078584522353083
            ],
            [
              121.40471427141415,
              15.057586327499926
            ],
            [
              121.3818393729514,
              15.050317788539637
            ],
            [
              121.40016685184023,
              15.032953796216209
            ],
            [
              121.39851324472244,
              15.003610231897474
            ],
            [
              121.34201500153131,
              14.920963825368549
            ],
            [
              121.35166104305175,
              14.896062153408927
            ],
            [
              121.34216506215009,
              14.87414998864138
            ],
            [
              121.34559781695319,
              14.768996287685539
            ]
          ],
          [
            [
              120.46087001637065,
              14.806592638979257
            ],
            [
              120.46083430109512,
              14.806523640970047
            ],
            [
              120.46089749472819,
              14.806492086460704
            ],
            [
              120.46087001637065,
              14.806592638979257
            ]
          ],
          [
            [
              120.42233384285424,
              14.921502910125364
            ],
            [
              120.4223259971736,
              14.921518480760298
            ],
            [
              120.42068023573646,
              14.868468405186078
            ],
            [
              120.42068833750253,
              14.868461089302393
            ],
            [
              120.42233384285424,
              14.921502910125364
            ]
          ],
          [
            [
              120.37089678920977,
              15.045915641145802
            ],
            [
              120.35839436763305,
              15.014243966612423
            ],
            [
              120.35843567069546,
              15.01408114652413
            ],
            [
              120.37089678920977,
              15.045915641145802
            ]
          ],
          [
            [
              120.3709341621545,
              15.046011118033112
            ],
            [
              120.33758647806755,
              15.111024409552238
            ],
            [
              120.33737916016064,
              15.11125209746074
            ],
            [
              120.33758647806755,
              15.111023873948904
            ],
            [
              120.37093404324425,
              15.046010814252377
            ],
            [
              120.3709341621545,
              15.046011118033112
            ]
          ],
          [
            [
              120.37093422160963,
              15.046010466518478
            ],
            [
              120.37137889126323,
              15.045940838085043
            ],
            [
              120.37093422160963,
              15.046011002121812
            ],
            [
              120.37093422160963,
              15.046010466518478
            ]
          ],
          [
            [
              120.38898609931216,
              15.0431838199173
            ],
            [
              120.5737766947251,
              15.138348481495846
            ],
            [
              120.63895637528462,
              15.137808861135696
            ],
            [
              120.6579728571392,
              15.150192545847366
            ],
            [
              120.69903743389763,
              15.136059178940643
            ],
            [
              120.7413422159944,
              15.158941626326804
            ],
            [
              120.74409822785738,
              15.142116183156858
            ],
            [
              120.77207174826665,
              15.146288934840065
            ],
            [
              120.77570085413569,
              15.13138135331268
            ],
            [
              120.77207174826665,
              15.14642323737635
            ],
            [
              120.78213119156653,
              15.185727550819436
            ],
            [
              120.78213090346392,
              15.18572776415164
            ],
            [
              120.77207174826665,
              15.146424576384687
            ],
            [
              120.74409822785738,
              15.142251958602314
            ],
            [
              120.7413422159944,
              15.159077267871428
            ],
            [
              120.69903743389763,
              15.136194820485265
            ],
            [
              120.6579728571392,
              15.150328053491155
            ],
            [
              120.63895637528462,
              15.137944636581153
            ],
            [
              120.5737766947251,
              15.13834901709918
            ],
            [
              120.3888796489085,
              15.043200488414431
            ],
            [
              120.38898609931216,
              15.0431838199173
            ]
          ],
          [
            [
              120.78750541469935,
              15.082890773167573
            ],
            [
              120.84861830089196,
              15.08342977105764
            ],
            [
              120.84855107746439,
              15.083564696064007
            ],
            [
              120.78747249486528,
              15.083026000721663
            ],
            [
              120.78750541469935,
              15.082890773167573
            ]
          ],
          [
            [
              120.86880776465732,
              15.04304938348018
            ],
            [
              120.90119090404735,
              15.086391744367688
            ],
            [
              120.9556252301394,
              15.096462009014118
            ],
            [
              120.95562213834124,
              15.09662056296127
            ],
            [
              120.95562213834124,
              15.096621366366275
            ],
            [
              120.9010531034542,
              15.086526046903971
            ],
            [
              120.86871245223132,
              15.043240686911046
            ],
            [
              120.86880776465732,
              15.04304938348018
            ]
          ],
          [
            [
              121.14399554917605,
              15.151270447559327
            ],
            [
              121.24142056853248,
              15.082622569797504
            ],
            [
              121.3119744722248,
              15.0777768325237
            ],
            [
              121.31201062580793,
              15.077533337857043
            ],
            [
              121.31206625800156,
              15.077780080649294
            ],
            [
              121.24155836912561,
              15.082757140135456
            ],
            [
              121.1441333497692,
              15.151404883996445
            ],
            [
              121.04218671413719,
              15.134509659415466
            ],
            [
              121.14399554917605,
              15.151270447559327
            ]
          ],
          [
            [
              120.4357005003897,
              14.758496453804373
            ],
            [
              120.43586156721695,
              14.75880506217062
            ],
            [
              120.3761706441493,
              14.767919591081082
            ],
            [
              120.37603896083871,
              14.767606495987234
            ],
            [
              120.4357005003897,
              14.758496453804373
            ]
          ],
          [
            [
              120.52540868652976,
              14.717173986994498
            ],
            [
              120.52546722298725,
              14.717138324192682
            ],
            [
              120.5033605916259,
              14.744499397946443
            ],
            [
              120.49784856789995,
              14.787976329171903
            ],
            [
              120.49771955934627,
              14.788040747547209
            ],
            [
              120.50322279103275,
              14.744633164879392
            ],
            [
              120.52540868652976,
              14.717173986994498
            ]
          ],
          [
            [
              120.91869157937728,
              14.88502537718429
            ],
            [
              120.91803403241632,
              14.884887435107274
            ],
            [
              120.92103418946083,
              14.871833199238232
            ],
            [
              120.9214806850495,
              14.87288946470747
            ],
            [
              120.91869157937728,
              14.88502537718429
            ]
          ],
          [
            [
              120.93936166834965,
              14.913561251673642
            ],
            [
              120.93934895238813,
              14.913531169783909
            ],
            [
              120.96692178697947,
              14.912348377921226
            ],
            [
              120.9669240396599,
              14.91237890865432
            ],
            [
              120.93936166834965,
              14.913561251673642
            ]
          ],
          [
            [
              120.72218821009292,
              15.429629608115745
            ],
            [
              120.75429547175041,
              15.48575874737649
            ],
            [
              120.75429480694895,
              15.485758924194963
            ],
            [
              120.72218793354668,
              15.429630463672627
            ],
            [
              120.72218821009292,
              15.429629608115745
            ]
          ],
          [
            [
              120.73941300769032,
              15.217360551594208
            ],
            [
              120.73941310272195,
              15.217360481225848
            ],
            [
              120.7427202219259,
              15.261509397203595
            ],
            [
              120.76504391801605,
              15.297044669977332
            ],
            [
              120.7650436322414,
              15.297045554084308
            ],
            [
              120.7427202219259,
              15.261510736211932
            ],
            [
              120.73941300769032,
              15.217360551594208
            ]
          ],
          [
            [
              120.22224738160175,
              15.45695547292207
            ],
            [
              120.26358755954648,
              15.480511039799666
            ],
            [
              120.2635355405063,
              15.480615567901232
            ],
            [
              120.22224738160175,
              15.457089507656688
            ],
            [
              120.18615007060227,
              15.388178716340006
            ],
            [
              120.22224738160175,
              15.45695547292207
            ]
          ],
          [
            [
              120.18591523955642,
              15.387314524695556
            ],
            [
              120.16326872773394,
              15.240108562543252
            ],
            [
              120.16328760553168,
              15.240097482042936
            ],
            [
              120.18591523955642,
              15.387314524695556
            ]
          ]
        ]
      }
    },
    {
      "type": "Feature",
      "properties": {
        "Region": "Region IV-A - CALABARZON",
        "Region_Code": "04",
        "Source_Geometry": "philippines.svg",
        "Classification": "17-region structure aligned with project PSA 2024 dataset",
        "SVG_Path_Count": 5
      },
      "geometry": {
        "type": "MultiPolygon",
        "coordinates": [
          [
            [
              [
                121.04257431261833,
                13.445574542502449
              ],
              [
                121.06145299387975,
                13.437229173036869
              ],
              [
                121.08556809768085,
                13.447862907751816
              ],
              [
                121.0997615587752,
                13.408693298547519
              ],
              [
                121.08115847870008,
                13.400347795181103
              ],
              [
                121.04257431261833,
                13.445574542502449
              ]
            ]
          ],
          [
            [
              [
                120.92806201971143,
                13.532124693939508
              ],
              [
                120.94721630215915,
                13.513011019421029
              ],
              [
                120.90560052302813,
                13.498608377937567
              ],
              [
                120.87363078541753,
                13.508569127061916
              ],
              [
                120.84138544662065,
                13.524721450740433
              ],
              [
                120.83022359857557,
                13.56308350401618
              ],
              [
                120.85861052076429,
                13.539258796462681
              ],
              [
                120.92806201971143,
                13.532124693939508
              ]
            ]
          ],
          [
            [
              [
                121.75679478691009,
                13.817753382913935
              ],
              [
                121.79014253045217,
                13.813580631230725
              ],
              [
                121.7865597150303,
                13.78639072792257
              ],
              [
                121.80268238442875,
                13.772795776268492
              ],
              [
                121.79179613756996,
                13.753682101750009
              ],
              [
                121.78104769130434,
                13.753817341592132
              ],
              [
                121.754865578606,
                13.757720952599431
              ],
              [
                121.74039651632535,
                13.767681433922114
              ],
              [
                121.73846730802127,
                13.79325622537317
              ],
              [
                121.75679478691009,
                13.8177540524181
              ],
              [
                121.75679478691009,
                13.817753382913935
              ]
            ]
          ],
          [
            [
              [
                122.19141785770235,
                13.882632220006407
              ],
              [
                122.15903471831231,
                13.875767392059974
              ],
              [
                122.05761348175457,
                13.937954286790056
              ],
              [
                122.03818359812055,
                13.96447107060678
              ],
              [
                121.9858193727239,
                13.985873244275462
              ],
              [
                121.91292285894802,
                14.068385080466435
              ],
              [
                121.92987233190536,
                14.110650610848651
              ],
              [
                121.96570048612412,
                14.0775381397614
              ],
              [
                122.1287185878195,
                13.961779128244387
              ],
              [
                122.19141785770235,
                13.882632220006407
              ]
            ]
          ],
          [
            [
              [
                121.45694069621766,
                13.694456959562395
              ],
              [
                121.43268779182341,
                13.636038971600827
              ],
              [
                121.44991286596705,
                13.594850271723901
              ],
              [
                121.4435740386822,
                13.570352578579804
              ],
              [
                121.45955890748749,
                13.574659766700131
              ],
              [
                121.46975615138052,
                13.558507443021615
              ],
              [
                121.42331735148927,
                13.52916387870288
              ],
              [
                121.38431978362809,
                13.542489555780218
              ],
              [
                121.28606796071278,
                13.471284439894792
              ],
              [
                121.26071265157334,
                13.471688820412819
              ],
              [
                121.23384153590928,
                13.501839940660107
              ],
              [
                121.20311200363702,
                13.501975180502228
              ],
              [
                121.18409552178245,
                13.519069898248915
              ],
              [
                121.07950487158229,
                13.49336067036074
              ],
              [
                121.0369244882992,
                13.508032452520109
              ],
              [
                121.05387396125656,
                13.540741078692669
              ],
              [
                121.06172859506606,
                13.59512088530898
              ],
              [
                121.05180695235931,
                13.611677187803021
              ],
              [
                121.03664888711292,
                13.639405372462988
              ],
              [
                121.00137193526675,
                13.65636538597089
              ],
              [
                120.96444137630279,
                13.64653947498616
              ],
              [
                120.89333627023785,
                13.55702810660997
              ],
              [
                120.87363078541753,
                13.593909484465737
              ],
              [
                120.92778641852513,
                13.636713430100597
              ],
              [
                120.9021555081994,
                13.696477255342526
              ],
              [
                120.91552216573486,
                13.70482275870894
              ],
              [
                120.91235275209243,
                13.751261040774363
              ],
              [
                120.88134761863388,
                13.775624163580508
              ],
              [
                120.79053702774863,
                13.80227565163602
              ],
              [
                120.74244462073959,
                13.810621155002433
              ],
              [
                120.70744327007972,
                13.795276387252468
              ],
              [
                120.69793502915243,
                13.766874949200236
              ],
              [
                120.72287693651242,
                13.732416506931788
              ],
              [
                120.7183295169385,
                13.715860204437746
              ],
              [
                120.65342543756528,
                13.73497401285706
              ],
              [
                120.65177183044749,
                13.704688188370987
              ],
              [
                120.67671373780748,
                13.663499488494061
              ],
              [
                120.65811065773235,
                13.642770568217646
              ],
              [
                120.62228250351357,
                13.686112929105152
              ],
              [
                120.63151514325457,
                13.697554085847816
              ],
              [
                120.6184240869054,
                13.709264784968887
              ],
              [
                120.6195264916506,
                13.827311893933597
              ],
              [
                120.60285261987956,
                13.848175518448798
              ],
              [
                120.63068833969568,
                13.85073302437407
              ],
              [
                120.61401446792463,
                13.907401062338916
              ],
              [
                120.62421171181767,
                13.929745228373267
              ],
              [
                120.6203532952095,
                13.990720588359272
              ],
              [
                120.56743786744025,
                14.011987923888332
              ],
              [
                120.58741895344686,
                14.01898732217272
              ],
              [
                120.61029385190962,
                14.020333427254748
              ],
              [
                120.5732254923525,
                14.045908084804967
              ],
              [
                120.61346326555204,
                14.052907483089353
              ],
              [
                120.58314713505924,
                14.068521391515226
              ],
              [
                120.59554918844266,
                14.104864488019182
              ],
              [
                120.59554918844266,
                14.104862747308342
              ],
              [
                120.62145569995468,
                14.095978828689283
              ],
              [
                120.6215996201936,
                14.095932720780027
              ],
              [
                120.62283370588618,
                14.140936435334726
              ],
              [
                120.65535464586937,
                14.160723095443803
              ],
              [
                120.69338760957851,
                14.155608217494093
              ],
              [
                120.71391989795772,
                14.170279999653461
              ],
              [
                120.73086937091507,
                14.188989829257249
              ],
              [
                120.76890233462422,
                14.207161377509227
              ],
              [
                120.86977236880935,
                14.305691100941598
              ],
              [
                120.89306066905155,
                14.366666460927602
              ],
              [
                120.91221495149928,
                14.375550245645828
              ],
              [
                120.91221495149928,
                14.375550245645826
              ],
              [
                120.90367131472404,
                14.36020547789586
              ],
              [
                120.89898609455696,
                14.353206213512308
              ],
              [
                120.88920225244338,
                14.326689161893917
              ],
              [
                120.90560052302813,
                14.334226975430948
              ],
              [
                120.91428196039652,
                14.324266494108265
              ],
              [
                120.91841597819099,
                14.337188326270912
              ],
              [
                120.96995340002876,
                14.35051400334825
              ],
              [
                120.96898879587671,
                14.322247269534802
              ],
              [
                121.01294718509126,
                14.256291601937042
              ],
              [
                121.0132188300835,
                14.225511789531476
              ],
              [
                121.05594097015378,
                14.253599927376317
              ],
              [
                121.06200419625235,
                14.369628213470065
              ],
              [
                121.1054142947894,
                14.405858596819716
              ],
              [
                121.09356053208349,
                14.443256666645311
              ],
              [
                121.10968320148194,
                14.466542958946167
              ],
              [
                121.10182856767244,
                14.502347506296644
              ],
              [
                121.12773507918446,
                14.510423601185485
              ],
              [
                121.13214469816523,
                14.53357545704922
              ],
              [
                121.10389557656967,
                14.551343294287339
              ],
              [
                121.13145569519949,
                14.614876026297782
              ],
              [
                121.11450622224216,
                14.61622213137981
              ],
              [
                121.11395501986955,
                14.635470376236245
              ],
              [
                121.17775669449759,
                14.67975499729109
              ],
              [
                121.1825797152578,
                14.702637578578084
              ],
              [
                121.25864564267611,
                14.717443931075406
              ],
              [
                121.34565568395402,
                14.768949640393732
              ],
              [
                121.34559781695319,
                14.770070707975808
              ],
              [
                121.34215280212446,
                14.874523133088108
              ],
              [
                121.34215280212446,
                14.874525543303125
              ],
              [
                121.35166104305175,
                14.896465864422785
              ],
              [
                121.34201500153131,
                14.921367536382409
              ],
              [
                121.39851324472244,
                15.004014076812165
              ],
              [
                121.40016685184023,
                15.033357775031735
              ],
              [
                121.3818393729514,
                15.050721633454328
              ],
              [
                121.40471427141415,
                15.05799017241462
              ],
              [
                121.40168265836488,
                15.07898823336694
              ],
              [
                121.41987233666055,
                15.093794719765095
              ],
              [
                121.44784585706982,
                15.074815481683732
              ],
              [
                121.46203931816417,
                15.081949584206903
              ],
              [
                121.48257160654339,
                15.059067002919909
              ],
              [
                121.50723791271707,
                14.932404982111212
              ],
              [
                121.56800797429584,
                14.845451119660293
              ],
              [
                121.58220143539019,
                14.767515746166389
              ],
              [
                121.61403337240763,
                14.729961382720024
              ],
              [
                121.60259592317625,
                14.703309894664514
              ],
              [
                121.73488449259939,
                14.571398425568153
              ],
              [
                121.7020879514299,
                14.57772483826194
              ],
              [
                121.68706768677666,
                14.577185217901793
              ],
              [
                121.63594366671833,
                14.542457501056605
              ],
              [
                121.6200965985062,
                14.561840450151825
              ],
              [
                121.60438733088719,
                14.528189563811928
              ],
              [
                121.66102337467147,
                14.272173579832145
              ],
              [
                121.72785666234878,
                14.202179864789962
              ],
              [
                121.72964807005972,
                14.148742184440152
              ],
              [
                121.75955079877308,
                14.120340880288754
              ],
              [
                121.75472777801286,
                14.079690595664474
              ],
              [
                121.72923466828027,
                14.053577522861607
              ],
              [
                121.73460889141309,
                14.038636600026333
              ],
              [
                121.77305525690169,
                13.995024964562088
              ],
              [
                121.7638226171607,
                14.005793269614987
              ],
              [
                121.94613280189695,
                13.862978925127777
              ],
              [
                122.0995048620719,
                13.797696243120612
              ],
              [
                122.19031545295715,
                13.790023859245627
              ],
              [
                122.23206903268132,
                13.770371769474501
              ],
              [
                122.2443332854716,
                13.817617473567642
              ],
              [
                122.20009929507074,
                13.834443050638424
              ],
              [
                122.1828742209271,
                13.86957447849747
              ],
              [
                122.30028032629014,
                13.832693100641702
              ],
              [
                122.30703255535444,
                13.847365016701906
              ],
              [
                122.29421710019157,
                13.8663439869816
              ],
              [
                122.31709199865432,
                13.874958631023919
              ],
              [
                122.32370642712549,
                13.894206875880354
              ],
              [
                122.2900830823971,
                13.892187919108558
              ],
              [
                122.28774047231357,
                13.913859099552313
              ],
              [
                122.19252026244754,
                13.968373476506578
              ],
              [
                122.16496014381772,
                14.015888589077292
              ],
              [
                122.16661375093551,
                14.034463848343128
              ],
              [
                122.18907524761882,
                14.013869498404665
              ],
              [
                122.1831498221134,
                14.03782891019695
              ],
              [
                122.21649756565549,
                14.06555722875775
              ],
              [
                122.23427384217172,
                14.06946070586422
              ],
              [
                122.24640029436884,
                14.052231417779579
              ],
              [
                122.25025871097701,
                14.117917944701436
              ],
              [
                122.2732714100329,
                14.120879295541402
              ],
              [
                122.27768102901368,
                14.110380131164405
              ],
              [
                122.26018035368375,
                14.048327940673111
              ],
              [
                122.27451161537125,
                14.036886650029613
              ],
              [
                122.26886179105215,
                13.999332286583249
              ],
              [
                122.28691366875468,
                13.995024964562088
              ],
              [
                122.31144217433521,
                14.012388822984683
              ],
              [
                122.30220953459423,
                13.957739875692463
              ],
              [
                122.30372534111886,
                13.94306795963226
              ],
              [
                122.36821601871264,
                13.940241313031084
              ],
              [
                122.44483314850353,
                14.023830247529013
              ],
              [
                122.7933308485776,
                13.889495842845331
              ],
              [
                122.54901039692426,
                13.824482301514072
              ],
              [
                122.52875370973133,
                13.83551988114371
              ],
              [
                122.52517089430945,
                13.797830947359394
              ],
              [
                122.45062077341579,
                13.801061438875264
              ],
              [
                122.4189266369915,
                13.827578222691988
              ],
              [
                122.48700013000716,
                13.723125931480524
              ],
              [
                122.52572209668206,
                13.691494135813254
              ],
              [
                122.51166643618085,
                13.685436997696208
              ],
              [
                122.51042623084251,
                13.64599811391517
              ],
              [
                122.5253086949026,
                13.607905201315326
              ],
              [
                122.49292555551257,
                13.607769961473204
              ],
              [
                122.48148810628119,
                13.587848731026174
              ],
              [
                122.5042252041508,
                13.539795203202814
              ],
              [
                122.49829977864539,
                13.522162204104315
              ],
              [
                122.54708118862017,
                13.476397041530323
              ],
              [
                122.54666778684071,
                13.459302323783636
              ],
              [
                122.63499796704929,
                13.404249531576728
              ],
              [
                122.63623817238764,
                13.390250735007957
              ],
              [
                122.6187374970577,
                13.38863548925002
              ],
              [
                122.58346054521152,
                13.436015897581948
              ],
              [
                122.56527086691585,
                13.43615113742407
              ],
              [
                122.65139623763403,
                13.321334386074398
              ],
              [
                122.67744054973922,
                13.25430175407051
              ],
              [
                122.67744054973922,
                13.149984167097834
              ],
              [
                122.69149621024042,
                13.143926895079952
              ],
              [
                122.70376046303069,
                13.099911548601849
              ],
              [
                122.65869966907093,
                13.084701351189835
              ],
              [
                122.59985881579627,
                13.037993928448506
              ],
              [
                122.56499526572955,
                13.054684801280501
              ],
              [
                122.505327608896,
                13.118486941768516
              ],
              [
                122.52393068897112,
                13.15604130521488
              ],
              [
                122.51042623084251,
                13.170578517036295
              ],
              [
                122.52337948659851,
                13.186461700038906
              ],
              [
                122.51717845990682,
                13.224554478737915
              ],
              [
                122.4890671389044,
                13.284183867542726
              ],
              [
                122.41369021445185,
                13.360234720701957
              ],
              [
                122.40211496462732,
                13.39940446380709
              ],
              [
                122.33197446271443,
                13.435343581495516
              ],
              [
                122.33845109059243,
                13.451361334836081
              ],
              [
                122.32219062060084,
                13.465225561066898
              ],
              [
                122.29049648417654,
                13.466302123770522
              ],
              [
                122.28098824324925,
                13.449745955177313
              ],
              [
                122.26169616020839,
                13.457014494137603
              ],
              [
                122.27837003197942,
                13.468455784781101
              ],
              [
                122.26665698156175,
                13.481108610168675
              ],
              [
                122.20864293184599,
                13.476801288147515
              ],
              [
                122.20313090812002,
                13.512605701597158
              ],
              [
                122.15104228390966,
                13.594444686098363
              ],
              [
                122.13864023052625,
                13.59511686828396
              ],
              [
                122.13864023052625,
                13.620287814820323
              ],
              [
                122.09936706147876,
                13.659995705376431
              ],
              [
                122.07346054996673,
                13.66551456214167
              ],
              [
                122.05499527048474,
                13.649900519814963
              ],
              [
                122.02495474117823,
                13.67130255958281
              ],
              [
                122.02784855363437,
                13.681666885820185
              ],
              [
                121.98154755433627,
                13.680994703634589
              ],
              [
                121.97272831637473,
                13.715453145903037
              ],
              [
                121.89183936819622,
                13.737393467022695
              ],
              [
                121.87240948456218,
                13.770909783024639
              ],
              [
                121.85614901457059,
                13.760679893224383
              ],
              [
                121.83603012797083,
                13.777505202493497
              ],
              [
                121.82610848526409,
                13.766467890665524
              ],
              [
                121.8101236164588,
                13.789485042290472
              ],
              [
                121.8174270478957,
                13.81600196000803
              ],
              [
                121.80612739925748,
                13.824481899811564
              ],
              [
                121.78449270613307,
                13.814925129502742
              ],
              [
                121.75004255784579,
                13.843730278568833
              ],
              [
                121.69630032651764,
                13.836730880284447
              ],
              [
                121.69023710041908,
                13.824885744726256
              ],
              [
                121.70746217456272,
                13.797830545656886
              ],
              [
                121.62491961926641,
                13.783293199934638
              ],
              [
                121.61623818189801,
                13.765121785583496
              ],
              [
                121.60259592317625,
                13.778447596561666
              ],
              [
                121.49428465696107,
                13.727567422137131
              ],
              [
                121.45666509503137,
                13.695531781555168
              ],
              [
                121.38431978362809,
                13.725009916211858
              ],
              [
                121.36929951897484,
                13.745469695812368
              ],
              [
                121.27283910377047,
                13.752603664434707
              ],
              [
                121.23843637944772,
                13.799357931558296
              ],
              [
                121.23825115489004,
                13.798909384674694
              ],
              [
                121.27311470495677,
                13.751528842441932
              ],
              [
                121.36957512016113,
                13.744394873819594
              ],
              [
                121.38459538481439,
                13.723935094219083
              ],
              [
                121.45694069621766,
                13.694456959562395
              ]
            ],
            [
              [
                121.24293637505711,
                13.863114700573233
              ],
              [
                121.26112651592103,
                13.866053727461663
              ],
              [
                121.2611260533528,
                13.866076319214866
              ],
              [
                121.24292257118304,
                13.863135136738041
              ],
              [
                121.24293637505711,
                13.863114700573233
              ]
            ],
            [
              [
                121.00922656907625,
                14.186432323331978
              ],
              [
                121.07078975200547,
                14.203537391038154
              ],
              [
                121.07096123480704,
                14.203931287695857
              ],
              [
                121.00926344706089,
                14.186788820615611
              ],
              [
                121.00922656907625,
                14.186432323331978
              ]
            ],
            [
              [
                121.03595988414718,
                14.122630316744793
              ],
              [
                121.05310193039693,
                14.11722468520214
              ],
              [
                121.0531849582908,
                14.117381136258798
              ],
              [
                121.0360298459837,
                14.122791019353567
              ],
              [
                121.03595988414718,
                14.122630316744793
              ]
            ],
            [
              [
                121.03403067584308,
                14.080499356700532
              ],
              [
                121.04696763047603,
                14.076945213986
              ],
              [
                121.0469839315991,
                14.077134696549209
              ],
              [
                121.03412051191624,
                14.080668637159413
              ],
              [
                121.03403067584308,
                14.080499356700532
              ]
            ],
            [
              [
                121.04314919918681,
                14.029086928983173
              ],
              [
                121.10777124161173,
                14.031499202524115
              ],
              [
                121.10775399317785,
                14.031504104313171
              ],
              [
                121.04314967781478,
                14.029092492504985
              ],
              [
                121.04314919918681,
                14.029086928983173
              ]
            ],
            [
              [
                120.68145827734318,
                14.07653059973601
              ],
              [
                120.6720285176404,
                14.052501897463824
              ],
              [
                120.67220047172485,
                14.05231965204795
              ],
              [
                120.68167455916084,
                14.07646130925611
              ],
              [
                120.68145827734318,
                14.07653059973601
              ]
            ],
            [
              [
                120.83785251686716,
                13.963319818833714
              ],
              [
                120.84441705966992,
                13.935800625779475
              ],
              [
                120.84448113924684,
                13.935840398265983
              ],
              [
                120.83794043179192,
                13.963259803664375
              ],
              [
                120.83785251686716,
                13.963319818833714
              ]
            ],
            [
              [
                121.05091652295903,
                14.019758195364213
              ],
              [
                121.05098014880042,
                14.01979313739043
              ],
              [
                121.04313405096902,
                14.028910847671122
              ],
              [
                121.04312551499092,
                14.028811626347444
              ],
              [
                121.05091652295903,
                14.019758195364213
              ]
            ],
            [
              [
                121.38842395555314,
                14.220277054942034
              ],
              [
                121.38872940260886,
                14.220487724090734
              ],
              [
                121.36774919074927,
                14.24299025800278
              ],
              [
                121.36764591185704,
                14.242562883350011
              ],
              [
                121.38842395555314,
                14.220277054942034
              ]
            ],
            [
              [
                121.34063699559982,
                14.287251215418713
              ],
              [
                121.34055191549109,
                14.287582756128192
              ],
              [
                121.3060490467194,
                14.203796717357905
              ],
              [
                121.30608905761663,
                14.203355865271778
              ],
              [
                121.34063699559982,
                14.287251215418713
              ]
            ],
            [
              [
                121.47016955315998,
                14.451332092029986
              ],
              [
                121.55918873633429,
                14.284019920497842
              ],
              [
                121.57407120039439,
                14.293442120468713
              ],
              [
                121.59667049767084,
                14.272040214601699
              ],
              [
                121.62319012450403,
                14.268684754615823
              ],
              [
                121.62312821155547,
                14.269749573038148
              ],
              [
                121.59653269707769,
                14.27311463489197
              ],
              [
                121.57393339980125,
                14.294516540758984
              ],
              [
                121.55905093574114,
                14.285094340788113
              ],
              [
                121.47003175256683,
                14.452406512320257
              ],
              [
                121.35147591496583,
                14.657789299843358
              ],
              [
                121.3515232424586,
                14.656872416004095
              ],
              [
                121.47016955315998,
                14.45133289543499
              ],
              [
                121.47014385048767,
                14.451324057979917
              ],
              [
                121.47016955315998,
                14.45133262763332
              ],
              [
                121.47016955315998,
                14.451332092029986
              ]
            ],
            [
              [
                121.36020467982699,
                14.332477962740061
              ],
              [
                121.375157963397,
                14.274186512608198
              ],
              [
                121.37522494448025,
                14.274463685792355
              ],
              [
                121.36027333806176,
                14.332748597989314
              ],
              [
                121.36020467982699,
                14.332477962740061
              ]
            ]
          ],
          [
            [
              [
                121.82045866094498,
                14.123707147250084
              ],
              [
                121.80364698858078,
                14.16785706406614
              ],
              [
                121.82831329475448,
                14.179029214033733
              ],
              [
                121.85311740152132,
                14.174587321674618
              ],
              [
                121.82045866094498,
                14.123707147250084
              ]
            ]
          ],
          [
            [
              [
                122.41065860140256,
                14.6058568678366
              ],
              [
                122.43904552359128,
                14.578128683176633
              ],
              [
                122.42457646131062,
                14.564129886607864
              ],
              [
                122.30744595713388,
                14.55295773664027
              ],
              [
                122.33597067991575,
                14.588223868738103
              ],
              [
                122.41065860140256,
                14.6058568678366
              ]
            ]
          ],
          [
            [
              [
                122.09481964190483,
                14.718116247161834
              ],
              [
                122.11921034689222,
                14.707751787023627
              ],
              [
                122.13409281095232,
                14.705463555675095
              ],
              [
                122.18411442626544,
                14.721750583592398
              ],
              [
                122.1988590897324,
                14.707347942108935
              ],
              [
                122.19141785770235,
                14.684599931159891
              ],
              [
                122.23427384217172,
                14.662794180378185
              ],
              [
                122.25825114537966,
                14.6672360727373
              ],
              [
                122.25852674656595,
                14.602626376320732
              ],
              [
                122.243782083099,
                14.596165527189825
              ],
              [
                122.23069102674984,
                14.62658592201385
              ],
              [
                122.10804849884714,
                14.680965728630163
              ],
              [
                122.09481964190483,
                14.718116247161834
              ]
            ]
          ],
          [
            [
              [
                122.01930491685913,
                14.845585689998249
              ],
              [
                122.0212341251632,
                14.79739772573777
              ],
              [
                121.98016954840477,
                14.777610931727859
              ],
              [
                121.9681808968008,
                14.78447575967429
              ],
              [
                121.98182315552256,
                14.718116247161834
              ],
              [
                122.00993447652499,
                14.710040018372158
              ],
              [
                122.02357673524675,
                14.686753592170472
              ],
              [
                122.03749459515481,
                14.590781374663376
              ],
              [
                122.00345784864697,
                14.542054861249419
              ],
              [
                121.93882937046006,
                14.50180842153983
              ],
              [
                121.9151276684384,
                14.515538077432693
              ],
              [
                121.90341461802073,
                14.551746335797027
              ],
              [
                121.90506822513852,
                14.600203574634245
              ],
              [
                121.91843488267398,
                14.582436005197794
              ],
              [
                121.93772696571486,
                14.587820023823411
              ],
              [
                121.9086510405604,
                14.67908120829549
              ],
              [
                121.87819710947444,
                14.712328383621527
              ],
              [
                121.83410091966674,
                14.832394717159696
              ],
              [
                121.82376587518056,
                14.833336040021198
              ],
              [
                121.83093150602431,
                14.8049347358698
              ],
              [
                121.82073426213127,
                14.813414675673332
              ],
              [
                121.8098480152725,
                14.800223568933946
              ],
              [
                121.80102877731095,
                14.81328010533538
              ],
              [
                121.81894285442033,
                14.87829364666664
              ],
              [
                121.83603012797082,
                14.885023770374286
              ],
              [
                121.83713253271601,
                14.916790136379507
              ],
              [
                121.85697581812948,
                14.917329756739655
              ],
              [
                121.86634625846362,
                14.899292912726466
              ],
              [
                121.9319393408026,
                14.934424340585508
              ],
              [
                121.9459950013038,
                14.920694818593478
              ],
              [
                121.95054242087772,
                14.935366600752847
              ],
              [
                121.95054242087772,
                14.935366332951178
              ],
              [
                121.97520872705141,
                14.927828519414149
              ],
              [
                121.97121250985009,
                14.9155796728421
              ],
              [
                121.9933984053471,
                14.923252056717082
              ],
              [
                122.02040732160431,
                14.908041859305069
              ],
              [
                122.01021007771128,
                14.885562989031932
              ],
              [
                122.05058565150397,
                14.883678602598092
              ],
              [
                122.05692447878883,
                14.840066967133845
              ],
              [
                122.05471966929844,
                14.829029655305874
              ],
              [
                122.03143136905625,
                14.869545235691369
              ],
              [
                122.01076128008388,
                14.865237913670207
              ],
              [
                121.99160699763615,
                14.835086659522087
              ],
              [
                122.01930491685913,
                14.845585689998249
              ]
            ]
          ],
          [
            [
              [
                122.0851736003844,
                14.717847909890931
              ],
              [
                122.06257430310794,
                14.730635171715626
              ],
              [
                122.04397122303281,
                14.716501804808903
              ],
              [
                122.02523034236454,
                14.722289668349209
              ],
              [
                122.01310389016741,
                14.750018120810847
              ],
              [
                122.02412793761934,
                14.756075258927893
              ],
              [
                122.02412793761934,
                14.756074455522892
              ],
              [
                122.02757295244807,
                14.744767735217346
              ],
              [
                122.06326330607368,
                14.744095553031752
              ],
              [
                122.0851736003844,
                14.717847909890931
              ]
            ]
          ]
        ]
      }
    },
    {
      "type": "Feature",
      "properties": {
        "Region": "MIMAROPA Region",
        "Region_Code": "17",
        "Source_Geometry": "philippines.svg",
        "Classification": "17-region structure aligned with project PSA 2024 dataset",
        "SVG_Path_Count": 5
      },
      "geometry": {
        "type": "MultiPolygon",
        "coordinates": [
          [
            [
              [
                116.95499531803667,
                7.853202604195902
              ],
              [
                116.93418742847115,
                7.854010026223618
              ],
              [
                116.927573,
                7.876354192257969
              ],
              [
                116.94369566939844,
                7.87029705414092
              ],
              [
                116.96588156489544,
                7.8910261083181705
              ],
              [
                116.94920769312441,
                7.937867967496619
              ],
              [
                116.96615716608174,
                7.992113203774979
              ],
              [
                116.96781077319953,
                7.95509725558126
              ],
              [
                117.00322552563885,
                7.981075758046172
              ],
              [
                116.99592209420194,
                7.999785721550795
              ],
              [
                117.07198802162024,
                8.01163072320815
              ],
              [
                117.07198802162024,
                8.011630857108983
              ],
              [
                117.07777564653252,
                7.956443494564121
              ],
              [
                117.07750004534621,
                7.942310127657398
              ],
              [
                117.07446843229694,
                7.9292534573551325
              ],
              [
                117.0859058815283,
                7.845933931334775
              ],
              [
                117.06785400382577,
                7.837723132207147
              ],
              [
                117.07846464949826,
                7.821166963613937
              ],
              [
                117.06096397416832,
                7.784151015420219
              ],
              [
                117.02706502825365,
                7.754269035848839
              ],
              [
                117.02513581994955,
                7.749423298575033
              ],
              [
                117.0109423588552,
                7.745923532482426
              ],
              [
                116.99206367759378,
                7.757095682450016
              ],
              [
                116.99881590665808,
                7.791957969633154
              ],
              [
                116.9817286331076,
                7.79491932047312
              ],
              [
                116.95499531803667,
                7.853202604195902
              ]
            ]
          ],
          [
            [
              [
                117.05035332849585,
                8.053761817153246
              ],
              [
                117.06206637891351,
                8.021187761318643
              ],
              [
                117.01548977842911,
                8.007996654579255
              ],
              [
                117.00846194817852,
                8.027917885026287
              ],
              [
                116.98903206454449,
                8.03478271297272
              ],
              [
                117.02885643596458,
                8.065472248472652
              ],
              [
                117.02885643596458,
                8.06547224847265
              ],
              [
                117.05035332849585,
                8.053761817153246
              ]
            ]
          ],
          [
            [
              [
                117.14777834785225,
                8.086470577226638
              ],
              [
                117.13082887489492,
                8.108141757670394
              ],
              [
                117.13951031226331,
                8.114333466125393
              ],
              [
                117.13951031226331,
                8.11433333222456
              ],
              [
                117.18760271927233,
                8.113525910196843
              ],
              [
                117.20482779341597,
                8.088893512813959
              ],
              [
                117.14777834785225,
                8.086470577226638
              ]
            ]
          ],
          [
            [
              [
                117.11374160134443,
                8.174904981196708
              ],
              [
                117.12586805354155,
                8.149734034660344
              ],
              [
                117.08328767025847,
                8.15054145668806
              ],
              [
                117.08866189339129,
                8.180961985412921
              ],
              [
                117.08866189339129,
                8.180962253214588
              ],
              [
                117.11374160134443,
                8.174904981196708
              ]
            ]
          ],
          [
            [
              [
                117.35144762452661,
                8.222823804781278
              ],
              [
                117.3457978002075,
                8.143676896543298
              ],
              [
                117.2930201730314,
                8.113121931381317
              ],
              [
                117.2624284413523,
                8.143004044853532
              ],
              [
                117.26738926270566,
                8.2360150454215
              ],
              [
                117.2781377089713,
                8.254186459772644
              ],
              [
                117.32195829759272,
                8.255667001291792
              ],
              [
                117.32195829759272,
                8.25566700129179
              ],
              [
                117.35144762452661,
                8.222823804781278
              ]
            ]
          ],
          [
            [
              [
                117.23018310255542,
                8.270069642775255
              ],
              [
                117.22963190018281,
                8.243283584381789
              ],
              [
                117.25760542059209,
                8.246379505559707
              ],
              [
                117.25581401288115,
                8.220804848009486
              ],
              [
                117.21915905510349,
                8.194960915882525
              ],
              [
                117.17506286529577,
                8.188499932850785
              ],
              [
                117.1619718089466,
                8.218112637845428
              ],
              [
                117.19187453765996,
                8.222554664105374
              ],
              [
                117.23018310255542,
                8.270069642775255
              ]
            ]
          ],
          [
            [
              [
                119.50237708299088,
                10.898607148452331
              ],
              [
                119.4833606011363,
                10.767233960707784
              ],
              [
                119.50871591027573,
                10.753773713292492
              ],
              [
                119.51064511857982,
                10.72214178372439
              ],
              [
                119.53448462119461,
                10.705989460045874
              ],
              [
                119.5743089926147,
                10.730891132005496
              ],
              [
                119.59911309938154,
                10.715411660016745
              ],
              [
                119.59828629582265,
                10.701951278700617
              ],
              [
                119.57913201337492,
                10.705450910892395
              ],
              [
                119.59484128099392,
                10.691452248224458
              ],
              [
                119.57692720388454,
                10.676645895727136
              ],
              [
                119.59497908158706,
                10.663723929663655
              ],
              [
                119.58657324540496,
                10.638418412789342
              ],
              [
                119.60049110531303,
                10.618631752680262
              ],
              [
                119.57031277541337,
                10.5588677935375
              ],
              [
                119.61110175098551,
                10.559136934213406
              ],
              [
                119.63521685478659,
                10.585922992606868
              ],
              [
                119.65740275028361,
                10.56869370452223
              ],
              [
                119.6489969141015,
                10.559944490141957
              ],
              [
                119.66773779476979,
                10.550926001184944
              ],
              [
                119.62281480140318,
                10.553752781686955
              ],
              [
                119.63976427436052,
                10.529524095317928
              ],
              [
                119.62570861385932,
                10.516063714001804
              ],
              [
                119.65450893782747,
                10.50300717760037
              ],
              [
                119.67021820544647,
                10.440551142194384
              ],
              [
                119.7031525472091,
                10.438666755760543
              ],
              [
                119.69267970212977,
                10.423725699024436
              ],
              [
                119.70811336856246,
                10.428167591383549
              ],
              [
                119.71638140415142,
                10.404477454168001
              ],
              [
                119.67669483332448,
                10.389670967769849
              ],
              [
                119.63287424470306,
                10.34040617300408
              ],
              [
                119.58547084065978,
                10.320350104417429
              ],
              [
                119.56976157304078,
                10.271085309651658
              ],
              [
                119.51036951739351,
                10.259644019008162
              ],
              [
                119.45621388428592,
                10.273642815576931
              ],
              [
                119.4270001585383,
                10.250356389375245
              ],
              [
                119.37187992127868,
                10.244299251258198
              ],
              [
                119.3517610346789,
                10.214148131010909
              ],
              [
                119.32296071071075,
                10.21105220983299
              ],
              [
                119.24317416727742,
                10.102292462699534
              ],
              [
                119.21809445932428,
                9.980207172389573
              ],
              [
                119.19687316797932,
                9.95059446739493
              ],
              [
                118.97294720411203,
                9.887869157412204
              ],
              [
                118.89963728855672,
                9.878850668455192
              ],
              [
                118.90060189270876,
                9.893253309938654
              ],
              [
                118.85223388451342,
                9.87548560660137
              ],
              [
                118.82177995342748,
                9.843180825343502
              ],
              [
                118.77258514167325,
                9.843449966019406
              ],
              [
                118.75122604973514,
                9.833354646557105
              ],
              [
                118.74144220762156,
                9.746804629020875
              ],
              [
                118.77396314760475,
                9.703866113048063
              ],
              [
                118.77010473099656,
                9.630507202251222
              ],
              [
                118.73124496372853,
                9.639256550532329
              ],
              [
                118.73785939219968,
                9.662004427580538
              ],
              [
                118.72421713347792,
                9.695924454596339
              ],
              [
                118.71498449373694,
                9.677887744483982
              ],
              [
                118.69734601781384,
                9.683944748700197
              ],
              [
                118.69100719052899,
                9.67102291653755
              ],
              [
                118.69459000595086,
                9.620412016689754
              ],
              [
                118.72876455305185,
                9.615969990429807
              ],
              [
                118.73014255898333,
                9.608297606554826
              ],
              [
                118.7351033803367,
                9.589183932036345
              ],
              [
                118.76128549303503,
                9.595644915068084
              ],
              [
                118.76045868947614,
                9.575185135467574
              ],
              [
                118.73579238330244,
                9.559032811789058
              ],
              [
                118.73110716313538,
                9.545841571148838
              ],
              [
                118.67943194070446,
                9.477193693387019
              ],
              [
                118.65242302444724,
                9.462656615466436
              ],
              [
                118.63822956335288,
                9.416756748653658
              ],
              [
                118.62183129276814,
                9.416217128293509
              ],
              [
                118.56574645135646,
                9.33424357345435
              ],
              [
                118.56354164186607,
                9.328186301436467
              ],
              [
                118.53777293094718,
                9.302611777787082
              ],
              [
                118.54011554103073,
                9.272998938891606
              ],
              [
                118.48788911622722,
                9.222522609381762
              ],
              [
                118.48844031859981,
                9.207985397560345
              ],
              [
                118.46611662250966,
                9.215927056012069
              ],
              [
                118.44227711989487,
                9.190487102700635
              ],
              [
                118.4305640694772,
                9.193852164554457
              ],
              [
                118.4205046261773,
                9.160066573975774
              ],
              [
                118.39542491822418,
                9.15764377228929
              ],
              [
                118.34361189520011,
                9.094245476715964
              ],
              [
                118.29414148225959,
                9.098821939413028
              ],
              [
                118.22096936729741,
                9.074054971692192
              ],
              [
                118.2091185162866,
                9.08549626233569
              ],
              [
                118.14821065411469,
                9.051845375995795
              ],
              [
                118.12395774972045,
                9.062075131895215
              ],
              [
                118.10452786608643,
                9.019944305751785
              ],
              [
                118.1021852560029,
                8.970544806747231
              ],
              [
                118.06897531305397,
                8.965564633036307
              ],
              [
                118.08523578304556,
                8.949815886470816
              ],
              [
                118.08082616406479,
                8.933932703468205
              ],
              [
                118.05850246797463,
                8.928144706027062
              ],
              [
                118.06621930119098,
                8.914280613697077
              ],
              [
                118.05547085492535,
                8.914549754372983
              ],
              [
                118.0160598852847,
                8.82624992074087
              ],
              [
                118.00048841825887,
                8.826385160582989
              ],
              [
                118.0025554271561,
                8.80161805896132
              ],
              [
                117.88611392594511,
                8.751007159113524
              ],
              [
                117.83898612308812,
                8.693531431319293
              ],
              [
                117.80687858488439,
                8.690031799127517
              ],
              [
                117.77918066566141,
                8.639420899279722
              ],
              [
                117.74114770195226,
                8.612096425633613
              ],
              [
                117.69167728901174,
                8.610481045974844
              ],
              [
                117.62250139125089,
                8.582618157076089
              ],
              [
                117.56462514212826,
                8.598905184993393
              ],
              [
                117.53472241341491,
                8.568080945254676
              ],
              [
                117.5464354638326,
                8.522585057257421
              ],
              [
                117.49972106275504,
                8.428900937198023
              ],
              [
                117.48594100344013,
                8.422574658405072
              ],
              [
                117.45548707235419,
                8.449091576122628
              ],
              [
                117.4383997988037,
                8.428766366860073
              ],
              [
                117.4308207661805,
                8.422574658405072
              ],
              [
                117.37225551409213,
                8.42243941856295
              ],
              [
                117.36757029392506,
                8.404268004211808
              ],
              [
                117.26201503957286,
                8.337639351023446
              ],
              [
                117.23652192984026,
                8.299277297747699
              ],
              [
                117.20730820409266,
                8.292008758787407
              ],
              [
                117.21778104917199,
                8.28137502407246
              ],
              [
                117.20730820409266,
                8.265895685984542
              ],
              [
                117.18002368664914,
                8.264683883438797
              ],
              [
                117.17671647241356,
                8.300219156212535
              ],
              [
                117.21350923078437,
                8.360521530607942
              ],
              [
                117.21667864442679,
                8.450302173560871
              ],
              [
                117.2391401411101,
                8.46820444723611
              ],
              [
                117.23693533161972,
                8.495259780206315
              ],
              [
                117.26380644728378,
                8.50670093694898
              ],
              [
                117.25347140279762,
                8.535775360591808
              ],
              [
                117.2711098787207,
                8.52864139196947
              ],
              [
                117.29398477718344,
                8.5822135087564
              ],
              [
                117.3322933420789,
                8.599173656165133
              ],
              [
                117.34235278537878,
                8.623671483210066
              ],
              [
                117.32154489581326,
                8.621517822199486
              ],
              [
                117.35819985359092,
                8.668494519517553
              ],
              [
                117.42337953415044,
                8.682224041509585
              ],
              [
                117.41745410864503,
                8.708875529565097
              ],
              [
                117.45410906642269,
                8.734315616777364
              ],
              [
                117.46582211684037,
                8.777523273426084
              ],
              [
                117.48277158979771,
                8.78263828527663
              ],
              [
                117.5287969879095,
                8.854516386752653
              ],
              [
                117.54188804425867,
                8.855056007112802
              ],
              [
                117.54726226739149,
                8.877804018061846
              ],
              [
                117.58253921923765,
                8.882380480758911
              ],
              [
                117.62043438235365,
                8.919800273867322
              ],
              [
                117.6284268167563,
                8.967046111861297
              ],
              [
                117.66315256622987,
                8.993293755002115
              ],
              [
                117.68561406291317,
                8.991678643145013
              ],
              [
                117.68974808070764,
                9.008100107499436
              ],
              [
                117.69953192282124,
                8.982525449949215
              ],
              [
                117.74528171974674,
                8.986563631294468
              ],
              [
                117.75809717490961,
                9.04202026841607
              ],
              [
                117.77862946328882,
                9.061403217511291
              ],
              [
                117.77394424312175,
                9.081862863210967
              ],
              [
                117.80977239734051,
                9.114706193622313
              ],
              [
                117.82479266199377,
                9.10541843008856
              ],
              [
                117.84780536104967,
                9.130589376624924
              ],
              [
                117.86006961383994,
                9.125609069013166
              ],
              [
                117.9043036042408,
                9.176623813775656
              ],
              [
                117.95101800531833,
                9.167336184142737
              ],
              [
                117.9798183292865,
                9.195872058632087
              ],
              [
                117.98243654055634,
                9.16100977144895
              ],
              [
                118.01881589714769,
                9.159529096028965
              ],
              [
                118.02267431375587,
                9.180931135796813
              ],
              [
                118.0472028193364,
                9.193853101860293
              ],
              [
                118.05064783416513,
                9.215120437389356
              ],
              [
                118.06828631008821,
                9.21337062129347
              ],
              [
                118.08606258660446,
                9.231407465306658
              ],
              [
                118.0864759883839,
                9.248232774575774
              ],
              [
                118.12561135683825,
                9.256981988956046
              ],
              [
                118.11472510997946,
                9.28807536937067
              ],
              [
                118.12588695802454,
                9.310554373544642
              ],
              [
                118.18403880833345,
                9.323610909946074
              ],
              [
                118.19616526053058,
                9.38324016485005
              ],
              [
                118.23598963195067,
                9.40437293004116
              ],
              [
                118.29675969352942,
                9.47450134932213
              ],
              [
                118.32776482698797,
                9.49173063740677
              ],
              [
                118.33892667503305,
                9.558493860933083
              ],
              [
                118.35532494561778,
                9.566704793961545
              ],
              [
                118.37365242450662,
                9.554725088065403
              ],
              [
                118.4050709597446,
                9.572627227839805
              ],
              [
                118.41843761728008,
                9.613546787040828
              ],
              [
                118.50979941053792,
                9.667792023319187
              ],
              [
                118.5669866566948,
                9.751111549339543
              ],
              [
                118.60419281684506,
                9.77614779163712
              ],
              [
                118.61342545658604,
                9.798088246657612
              ],
              [
                118.6037794150656,
                9.820297708453177
              ],
              [
                118.64374158707885,
                9.839411382971658
              ],
              [
                118.6425013817405,
                9.864716899845972
              ],
              [
                118.66248246774713,
                9.879927097257987
              ],
              [
                118.6436037864857,
                9.908193831071433
              ],
              [
                118.6590374529184,
                9.90267510820703
              ],
              [
                118.70327144331925,
                9.942113858087234
              ],
              [
                118.72187452339439,
                9.939960197076653
              ],
              [
                118.72545733881626,
                9.97388035799329
              ],
              [
                118.74461162126399,
                9.98707159863351
              ],
              [
                118.76100989184873,
                10.035528837470727
              ],
              [
                118.7729985434527,
                9.973072802064738
              ],
              [
                118.77492775175679,
                9.962708208025697
              ],
              [
                118.77465215057049,
                9.927711350504604
              ],
              [
                118.79325523064561,
                9.926903928476888
              ],
              [
                118.80772429292627,
                9.934038031000059
              ],
              [
                118.80882669767146,
                9.972938499528453
              ],
              [
                118.83776482223277,
                10.008608342640143
              ],
              [
                118.80579508462219,
                10.01924207735509
              ],
              [
                118.80510608165643,
                10.093812388995172
              ],
              [
                118.83776482223277,
                10.088832081383416
              ],
              [
                118.8642225361174,
                10.111849233008364
              ],
              [
                118.8945386666102,
                10.097850436439593
              ],
              [
                118.93849705582477,
                10.109964712673689
              ],
              [
                118.95158811217392,
                10.153172503223242
              ],
              [
                118.93656784752068,
                10.165286779457338
              ],
              [
                118.96137195428751,
                10.170940206560527
              ],
              [
                118.93174482676046,
                10.189650036164316
              ],
              [
                118.94235547243294,
                10.200014630203357
              ],
              [
                118.96509257030255,
                10.184939003129298
              ],
              [
                118.9708801952148,
                10.21010968186399
              ],
              [
                118.98920767410362,
                10.201360601384552
              ],
              [
                119.00395233757058,
                10.212263342874571
              ],
              [
                118.9938928942707,
                10.221551106408324
              ],
              [
                119.00560594468837,
                10.242683871599432
              ],
              [
                119.02600043247445,
                10.239184239407658
              ],
              [
                119.01511418561566,
                10.274450237604654
              ],
              [
                118.97446301063668,
                10.245375947862657
              ],
              [
                118.9649547697094,
                10.269739070668802
              ],
              [
                118.99168808478032,
                10.290333420607265
              ],
              [
                118.98562485868176,
                10.305947462933972
              ],
              [
                119.01125576900749,
                10.302717105318935
              ],
              [
                119.02420902476351,
                10.31496581799015
              ],
              [
                119.06251758965895,
                10.286968358753443
              ],
              [
                119.07519524422867,
                10.307966553606597
              ],
              [
                119.06306879203154,
                10.320888519670078
              ],
              [
                119.09049111006821,
                10.31631192307218
              ],
              [
                119.10413336878997,
                10.331925965398886
              ],
              [
                119.0859436904943,
                10.340944320455064
              ],
              [
                119.07326603592458,
                10.348751408568832
              ],
              [
                119.0767110507533,
                10.361000389041713
              ],
              [
                119.08194747329297,
                10.377960402549615
              ],
              [
                119.09104231244082,
                10.368538202578744
              ],
              [
                119.09669213675993,
                10.38280613982342
              ],
              [
                119.11391721090357,
                10.382536999147517
              ],
              [
                119.12108284174732,
                10.37015344833668
              ],
              [
                119.10496017234887,
                10.3572314822732
              ],
              [
                119.12397665420345,
                10.343636664519954
              ],
              [
                119.11309040734467,
                10.309447362927413
              ],
              [
                119.13858351707725,
                10.280507509622534
              ],
              [
                119.14147732953339,
                10.298006072283917
              ],
              [
                119.17551407604121,
                10.309851073941271
              ],
              [
                119.21547624805444,
                10.378633522041044
              ],
              [
                119.25543842006769,
                10.381191027966317
              ],
              [
                119.26839167582371,
                10.410399888046268
              ],
              [
                119.22898070618307,
                10.443781633710257
              ],
              [
                119.26591126514703,
                10.435032285429152
              ],
              [
                119.31813768995053,
                10.487123994597763
              ],
              [
                119.34294179671737,
                10.62980363484619
              ],
              [
                119.3062868389397,
                10.668165688121938
              ],
              [
                119.27417930073597,
                10.658608917813115
              ],
              [
                119.26205284853884,
                10.724564585410878
              ],
              [
                119.20872401899014,
                10.741793873495519
              ],
              [
                119.21092882848053,
                10.753504304814921
              ],
              [
                119.2448277743952,
                10.752427742111298
              ],
              [
                119.24055595600758,
                10.764003603092748
              ],
              [
                119.24372536965001,
                10.778136969999473
              ],
              [
                119.25860783371012,
                10.777329547971755
              ],
              [
                119.23972915244869,
                10.800212129258751
              ],
              [
                119.21299583737776,
                10.797520052995527
              ],
              [
                119.23146111685975,
                10.82565221647102
              ],
              [
                119.21409824212296,
                10.830767094420729
              ],
              [
                119.21974806644207,
                10.84584272149479
              ],
              [
                119.24152056015963,
                10.842343089303016
              ],
              [
                119.24344976846372,
                10.80276950128319
              ],
              [
                119.25764322955807,
                10.80869220296312
              ],
              [
                119.24992639634172,
                10.82430611138899
              ],
              [
                119.26549786336757,
                10.839381738463052
              ],
              [
                119.2841009434427,
                10.827940447819554
              ],
              [
                119.27473050310856,
                10.816230016500151
              ],
              [
                119.29319578259054,
                10.803308050436671
              ],
              [
                119.2770731131921,
                10.785674917437339
              ],
              [
                119.29829440453706,
                10.783790531003497
              ],
              [
                119.26494666099498,
                10.76306161072708
              ],
              [
                119.3076648448712,
                10.763601231087229
              ],
              [
                119.28258513691806,
                10.740180234547589
              ],
              [
                119.31152326147937,
                10.722681805787042
              ],
              [
                119.31662188342588,
                10.739507382857825
              ],
              [
                119.33150434748599,
                10.7038374058453
              ],
              [
                119.34390640086941,
                10.720393574438509
              ],
              [
                119.35603285306652,
                10.714471006659414
              ],
              [
                119.34459540383516,
                10.693607516045047
              ],
              [
                119.38565998059359,
                10.687281103351259
              ],
              [
                119.40316065592351,
                10.666686753412794
              ],
              [
                119.39627062626606,
                10.649726739904892
              ],
              [
                119.41501150693435,
                10.660091200043102
              ],
              [
                119.4300317715876,
                10.613652917977676
              ],
              [
                119.46131250623245,
                10.619037070504127
              ],
              [
                119.43292558404373,
                10.69279982621566
              ],
              [
                119.43127197692594,
                10.723624065954379
              ],
              [
                119.44973725640791,
                10.721201264267894
              ],
              [
                119.45235546767775,
                10.736276891341955
              ],
              [
                119.4145981051549,
                10.748794878589909
              ],
              [
                119.41239329566451,
                10.764005076001924
              ],
              [
                119.37132871890608,
                10.75067926502375
              ],
              [
                119.36361188568974,
                10.765485751421904
              ],
              [
                119.34790261807073,
                10.763601231087229
              ],
              [
                119.34790261807073,
                10.786349242036273
              ],
              [
                119.33302015401063,
                10.785406580166438
              ],
              [
                119.3604424720473,
                10.828748941053943
              ],
              [
                119.34859162103648,
                10.839382675768888
              ],
              [
                119.32668132672578,
                10.825383879200118
              ],
              [
                119.3087672496164,
                10.83507535374773
              ],
              [
                119.31193666325882,
                10.844228413042694
              ],
              [
                119.30229062173838,
                10.898204374744314
              ],
              [
                119.31937789528887,
                10.924855862799825
              ],
              [
                119.34018578485438,
                10.884474852752282
              ],
              [
                119.37325792721016,
                10.89564686881904
              ],
              [
                119.32723252909837,
                10.928355628892433
              ],
              [
                119.34321739790366,
                10.94585405765298
              ],
              [
                119.32240950833815,
                10.946123198328886
              ],
              [
                119.32516552020112,
                10.995926542248132
              ],
              [
                119.33991018366808,
                10.97506291773293
              ],
              [
                119.35382804357614,
                10.978697120262659
              ],
              [
                119.34680021332554,
                10.963756197427385
              ],
              [
                119.37174212068552,
                10.934143492432742
              ],
              [
                119.41556270930694,
                10.927682509401
              ],
              [
                119.41308229863026,
                10.999426040539074
              ],
              [
                119.42603555438627,
                11.028231323505999
              ],
              [
                119.40922388202208,
                11.03469230653774
              ],
              [
                119.39930223931535,
                11.021770340474259
              ],
              [
                119.39503042092772,
                11.05703647257209
              ],
              [
                119.41597611108638,
                11.098494313124922
              ],
              [
                119.40949948320838,
                11.19944697214461
              ],
              [
                119.42534655142052,
                11.204965695009014
              ],
              [
                119.43113417633279,
                11.233366999160413
              ],
              [
                119.45042625937366,
                11.219368336492478
              ],
              [
                119.47274995546381,
                11.250192442330363
              ],
              [
                119.47812417859663,
                11.310763957401674
              ],
              [
                119.47812417859663,
                11.310762886195002
              ],
              [
                119.50485749366756,
                11.301744531138823
              ],
              [
                119.51036951739351,
                11.219770976299662
              ],
              [
                119.53724063305759,
                11.209541086499408
              ],
              [
                119.55336330245603,
                11.227712634751386
              ],
              [
                119.56810796592299,
                11.179524536590074
              ],
              [
                119.53792963602334,
                11.063630954735112
              ],
              [
                119.50044787468678,
                11.022576825196138
              ],
              [
                119.53682723127814,
                10.959582374537504
              ],
              [
                119.56066673389294,
                10.974658001611566
              ],
              [
                119.55060729059305,
                10.951909990662523
              ],
              [
                119.56921037066819,
                10.897799324722115
              ],
              [
                119.56149353745184,
                10.886762012894144
              ],
              [
                119.53696503187129,
                10.904125737415901
              ],
              [
                119.50237708299088,
                10.898607148452331
              ]
            ]
          ],
          [
            [
              [
                119.14147732953339,
                10.446743118451057
              ],
              [
                119.11874023166378,
                10.445666555747433
              ],
              [
                119.13513850224852,
                10.466799187037706
              ],
              [
                119.12039383878157,
                10.48227865902646
              ],
              [
                119.16256075415275,
                10.48295084015784
              ],
              [
                119.16083797106768,
                10.468970643581127
              ],
              [
                119.15346598113736,
                10.464510687887508
              ],
              [
                119.14147732953339,
                10.446743118451057
              ]
            ]
          ],
          [
            [
              [
                119.16076941257425,
                10.46841429889481
              ],
              [
                119.16083797106768,
                10.468970643581127
              ],
              [
                119.17482507307547,
                10.477432653950988
              ],
              [
                119.16076941257425,
                10.46841429889481
              ]
            ]
          ],
          [
            [
              [
                119.1625608202852,
                10.482950841212055
              ],
              [
                119.16256075415275,
                10.48295084015784
              ],
              [
                119.1625608202852,
                10.482951376815391
              ],
              [
                119.1625608202852,
                10.482950841212055
              ]
            ]
          ],
          [
            [
              [
                119.26949408056889,
                10.909509889942356
              ],
              [
                119.28520334818789,
                10.903183477248568
              ],
              [
                119.2916799760659,
                10.91354807128761
              ],
              [
                119.29167997606591,
                10.91354807128761
              ],
              [
                119.30518443419452,
                10.906413968764438
              ],
              [
                119.28919956538921,
                10.874513032421264
              ],
              [
                119.30077481521374,
                10.849745930799592
              ],
              [
                119.29278238081109,
                10.8392467664226
              ],
              [
                119.2624662503183,
                10.873301631578022
              ],
              [
                119.26949408056889,
                10.909509889942356
              ]
            ]
          ],
          [
            [
              [
                119.63342544707567,
                10.885685182388855
              ],
              [
                119.62874022690859,
                10.91354807128761
              ],
              [
                119.60903474208827,
                10.895914938288277
              ],
              [
                119.5973216916706,
                10.924181672101723
              ],
              [
                119.56066673389294,
                10.934142421226074
              ],
              [
                119.58409283472828,
                10.990137473600319
              ],
              [
                119.58932925726795,
                10.977753788888652
              ],
              [
                119.62460620911412,
                10.97560012787807
              ],
              [
                119.61799178064297,
                10.950833160157233
              ],
              [
                119.64293368800296,
                10.91543245772145
              ],
              [
                119.63342544707567,
                10.885685182388855
              ]
            ]
          ],
          [
            [
              [
                119.5959436857391,
                11.050305143756939
              ],
              [
                119.59401447743502,
                11.030114638733167
              ],
              [
                119.56245814160387,
                11.027153421794038
              ],
              [
                119.55570591253957,
                11.062015575076341
              ],
              [
                119.5886402543022,
                11.063900229311852
              ],
              [
                119.59194746853778,
                11.081398524171563
              ],
              [
                119.6049007242938,
                11.08180290468959
              ],
              [
                119.6049007242938,
                11.081802369086255
              ],
              [
                119.62805122394285,
                11.075879935207993
              ],
              [
                119.62515741148671,
                11.051381974262227
              ],
              [
                119.6057275278527,
                11.04020995819547
              ],
              [
                119.5959436857391,
                11.050305143756939
              ]
            ]
          ],
          [
            [
              [
                119.67683263391763,
                11.151123232438675
              ],
              [
                119.65547354197952,
                11.18719705436589
              ],
              [
                119.6944711098407,
                11.209137241584717
              ],
              [
                119.67683263391763,
                11.151123232438675
              ]
            ]
          ],
          [
            [
              [
                119.91260944879573,
                10.371499687319542
              ],
              [
                119.8561112056046,
                10.381595006781843
              ],
              [
                119.87430088390028,
                10.358577721256061
              ],
              [
                119.80498718554628,
                10.338925631484935
              ],
              [
                119.76240680226321,
                10.361269797519286
              ],
              [
                119.76461161175361,
                10.423995107502012
              ],
              [
                119.74876454354145,
                10.41470734396826
              ],
              [
                119.7497291476935,
                10.44876207522285
              ],
              [
                119.76350920700841,
                10.461145626033685
              ],
              [
                119.79244733156972,
                10.442974077781708
              ],
              [
                119.80347137902164,
                10.481066990381551
              ],
              [
                119.8336497089213,
                10.509468294532951
              ],
              [
                119.82882668816109,
                10.54554198255933
              ],
              [
                119.86217443170317,
                10.516198418240597
              ],
              [
                119.86851325898802,
                10.529389524979981
              ],
              [
                119.90461701439308,
                10.493719681868292
              ],
              [
                119.98288775130177,
                10.495604068302132
              ],
              [
                120.00397124205358,
                10.4610109217949
              ],
              [
                119.9857815637579,
                10.446608414212271
              ],
              [
                119.97792692994841,
                10.465452948054846
              ],
              [
                119.97007229613891,
                10.442031951515204
              ],
              [
                119.98316335248806,
                10.427225599017884
              ],
              [
                119.94747299886245,
                10.415111188882953
              ],
              [
                119.94430358522003,
                10.431936632052903
              ],
              [
                119.92997232353252,
                10.40124709655297
              ],
              [
                119.90985343693275,
                10.413226802449113
              ],
              [
                119.90379021083419,
                10.442301226091944
              ],
              [
                119.88477372897961,
                10.446069998959626
              ],
              [
                119.92377129684081,
                10.380518176276556
              ],
              [
                119.91260944879573,
                10.371499687319542
              ]
            ]
          ],
          [
            [
              [
                119.70769996678303,
                10.948409822867413
              ],
              [
                119.70769996678303,
                10.948410224569914
              ],
              [
                119.72382263618147,
                10.920412765333207
              ],
              [
                119.69956973178722,
                10.91947010346337
              ],
              [
                119.70769996678303,
                10.948409822867413
              ]
            ]
          ],
          [
            [
              [
                119.67090720841222,
                10.945179733054045
              ],
              [
                119.6879944819627,
                10.96294743639133
              ],
              [
                119.69722712170369,
                10.955005911840443
              ],
              [
                119.67476562502038,
                10.919739779742612
              ],
              [
                119.67090720841222,
                10.945179733054045
              ]
            ]
          ],
          [
            [
              [
                119.6669109912109,
                11.011000964214686
              ],
              [
                119.68716767840381,
                11.01396231505465
              ],
              [
                119.68716767840381,
                11.013962315054652
              ],
              [
                119.69832952644889,
                10.982868934640027
              ],
              [
                119.67724603569707,
                10.965774082992505
              ],
              [
                119.68413606535452,
                10.985022595650607
              ],
              [
                119.6669109912109,
                11.011000964214686
              ]
            ]
          ],
          [
            [
              [
                119.72850785634854,
                11.365277397050098
              ],
              [
                119.72768105278965,
                11.352086290310712
              ],
              [
                119.76984803429326,
                11.32435797174991
              ],
              [
                119.76640301946453,
                11.344413772534894
              ],
              [
                119.78597070369172,
                11.344144631858988
              ],
              [
                119.76337140641526,
                11.362316180110966
              ],
              [
                119.77715146573017,
                11.364469841121547
              ],
              [
                119.77660026335758,
                11.379006919042126
              ],
              [
                119.80126656953126,
                11.338356768318679
              ],
              [
                119.81408202469413,
                11.341183414919856
              ],
              [
                119.80870780156131,
                11.358143294526924
              ],
              [
                119.8347521136665,
                11.34347164626839
              ],
              [
                119.82400366740086,
                11.368642458903919
              ],
              [
                119.84742976823621,
                11.371334535167144
              ],
              [
                119.81463322706672,
                11.405389266421732
              ],
              [
                119.81463322706672,
                11.405389266421736
              ],
              [
                119.86300123526206,
                11.39542865119822
              ],
              [
                119.87168267263044,
                11.378064792775627
              ],
              [
                119.86975346432637,
                11.338491338656636
              ],
              [
                119.83199610180351,
                11.265536138873657
              ],
              [
                119.81973184901324,
                11.263382477863075
              ],
              [
                119.80154217071755,
                11.287207319317409
              ],
              [
                119.82455486977346,
                11.30026385571884
              ],
              [
                119.82290126265566,
                11.31453192686435
              ],
              [
                119.80471158435999,
                11.302148376053514
              ],
              [
                119.78597070369172,
                11.311705146362337
              ],
              [
                119.77343084971514,
                11.281419321876264
              ],
              [
                119.75744598090985,
                11.308340218409347
              ],
              [
                119.72712985041704,
                11.31964680481406
              ],
              [
                119.73443328185395,
                11.339433598823971
              ],
              [
                119.7118339845775,
                11.350201769976037
              ],
              [
                119.72850785634854,
                11.365277397050098
              ]
            ]
          ],
          [
            [
              [
                120.17994259950498,
                11.62923517338244
              ],
              [
                120.13970482630545,
                11.635023036922746
              ],
              [
                120.14328764172731,
                11.647406587733583
              ],
              [
                120.14328764172731,
                11.647406319931918
              ],
              [
                120.1769109864557,
                11.646329757228292
              ],
              [
                120.17994259950498,
                11.62923517338244
              ]
            ]
          ],
          [
            [
              [
                120.19441166178564,
                11.657905350408075
              ],
              [
                120.19716767364862,
                11.633676797939886
              ],
              [
                120.16643814137636,
                11.665039452931248
              ],
              [
                120.1769109864557,
                11.665308593607154
              ],
              [
                120.1769109864557,
                11.665308593607156
              ],
              [
                120.19441166178564,
                11.657905350408075
              ]
            ]
          ],
          [
            [
              [
                120.04875643482704,
                11.757915883161266
              ],
              [
                120.07480074693221,
                11.74445550184514
              ],
              [
                120.02133411679037,
                11.725476397664611
              ],
              [
                120.05178804787631,
                11.722515046824647
              ],
              [
                120.03015335475192,
                11.707977968904066
              ],
              [
                120.03001555415877,
                11.688864294385585
              ],
              [
                120.04283100932163,
                11.696805818936472
              ],
              [
                120.07369834218703,
                11.67123116138625
              ],
              [
                120.03511417610528,
                11.640676196224272
              ],
              [
                120.05840247634748,
                11.639599633520648
              ],
              [
                120.04958323838594,
                11.60191069973633
              ],
              [
                119.98054514121823,
                11.550895954973841
              ],
              [
                119.96938329317317,
                11.549549849891811
              ],
              [
                119.95711904038289,
                11.543358141436812
              ],
              [
                119.94292557928853,
                11.546184788037989
              ],
              [
                119.95298502258842,
                11.55695309309089
              ],
              [
                119.93989396623925,
                11.562202675279387
              ],
              [
                119.93879156149406,
                11.615101806475717
              ],
              [
                119.95436302851991,
                11.626139386105354
              ],
              [
                120.00328223908784,
                11.670289302921411
              ],
              [
                119.9857815637579,
                11.668270212248784
              ],
              [
                119.97406851334023,
                11.673788801212353
              ],
              [
                119.96400907004035,
                11.683480275759964
              ],
              [
                119.96318226648145,
                11.647945002986228
              ],
              [
                119.92969672234622,
                11.643906955541805
              ],
              [
                119.90682182388348,
                11.67607716646172
              ],
              [
                119.89331736575485,
                11.713227684993393
              ],
              [
                119.91426305591352,
                11.726822636647471
              ],
              [
                119.86934006254691,
                11.778241226324653
              ],
              [
                119.87113147025785,
                11.810680711821306
              ],
              [
                119.84591396171157,
                11.82992895667774
              ],
              [
                119.85321739314847,
                11.83773604479151
              ],
              [
                119.89056135389188,
                11.806777100814003
              ],
              [
                119.89400636872061,
                11.826429324485964
              ],
              [
                119.87430088390028,
                11.835716954118881
              ],
              [
                119.8723716755962,
                11.852676967626783
              ],
              [
                119.90613282091772,
                11.85792654981528
              ],
              [
                119.90613282091772,
                11.857926282013613
              ],
              [
                119.92666510929693,
                11.837197227836363
              ],
              [
                119.97503311749227,
                11.827775027865492
              ],
              [
                119.94444138581318,
                11.82252557957783
              ],
              [
                119.95532763267195,
                11.796277802536178
              ],
              [
                119.94499258818577,
                11.792105184753805
              ],
              [
                119.9630444658883,
                11.78658632798857
              ],
              [
                119.96221766232941,
                11.809199768599658
              ],
              [
                119.97861593291415,
                11.799239019475309
              ],
              [
                119.99446300112629,
                11.814987766040801
              ],
              [
                120.0245035304328,
                11.811622704186979
              ],
              [
                120.02891314941357,
                11.796143232198226
              ],
              [
                119.98839977502773,
                11.778913944113587
              ],
              [
                120.02381452746705,
                11.77501046700712
              ],
              [
                120.04200420576274,
                11.745397628111645
              ],
              [
                120.04875643482704,
                11.757915883161266
              ]
            ]
          ],
          [
            [
              [
                120.28839166631332,
                11.788874827138768
              ],
              [
                120.29390369003929,
                11.766799801780323
              ],
              [
                120.29211228232835,
                11.753339420464197
              ],
              [
                120.25697313107533,
                11.739071483219522
              ],
              [
                120.24705148836858,
                11.730726113753942
              ],
              [
                120.1912422481432,
                11.818622102471364
              ],
              [
                120.24870509548637,
                11.86586807436617
              ],
              [
                120.24870509548637,
                11.865867940465336
              ],
              [
                120.27254459810118,
                11.85092688372923
              ],
              [
                120.27736761886139,
                11.81754513806524
              ],
              [
                120.24898069667267,
                11.789682249166486
              ],
              [
                120.28839166631332,
                11.788874827138768
              ]
            ]
          ],
          [
            [
              [
                120.20447110508552,
                12.100212610100531
              ],
              [
                120.21769996202784,
                12.106538888893486
              ],
              [
                120.2234875869401,
                12.078810704233518
              ],
              [
                120.24333087235357,
                12.080022506779262
              ],
              [
                120.2467758871823,
                12.012451459522731
              ],
              [
                120.25986694353145,
                12.00599047649099
              ],
              [
                120.27516280937101,
                12.024700439995613
              ],
              [
                120.28660025860238,
                11.995626016352782
              ],
              [
                120.30175832384879,
                11.999798768035989
              ],
              [
                120.3076837493542,
                11.979473692674265
              ],
              [
                120.33290125790047,
                11.972474160489048
              ],
              [
                120.34144489467572,
                11.936804317377357
              ],
              [
                120.32504662409097,
                11.918902043702118
              ],
              [
                120.34075589170997,
                11.894135075981282
              ],
              [
                120.33648407332235,
                11.873809866718725
              ],
              [
                120.31912119858556,
                11.882289940423092
              ],
              [
                120.2998291155447,
                11.863041561665826
              ],
              [
                120.252976913874,
                11.887808529386664
              ],
              [
                120.22486559287158,
                11.863983821833163
              ],
              [
                120.17773779001459,
                11.889558479383386
              ],
              [
                120.17002095679824,
                11.9102873996598
              ],
              [
                120.15665429926278,
                11.902345741208078
              ],
              [
                120.13226359427539,
                11.91311404626098
              ],
              [
                120.12399555868645,
                11.900192214098332
              ],
              [
                120.1376378174082,
                11.884174326856938
              ],
              [
                120.12675157054943,
                11.872194620960792
              ],
              [
                120.11958593970567,
                11.86048418964139
              ],
              [
                120.09988045488535,
                11.842312641389412
              ],
              [
                120.08017497006503,
                11.868022003178421
              ],
              [
                120.08816740446768,
                11.879867004835775
              ],
              [
                120.0545440597393,
                11.89938452426895
              ],
              [
                120.04765403008184,
                11.876501942981953
              ],
              [
                120.02105851560407,
                11.869502544697568
              ],
              [
                120.01458188772607,
                11.887135543796067
              ],
              [
                119.97902933469359,
                11.890231464973985
              ],
              [
                119.97296610859503,
                11.905172387809257
              ],
              [
                119.96910769198686,
                11.944880546167036
              ],
              [
                119.95298502258842,
                11.9370735919541
              ],
              [
                119.93796475793516,
                11.954572020714647
              ],
              [
                119.9332795377681,
                11.968570817283418
              ],
              [
                119.93135032946401,
                12.017162626458589
              ],
              [
                119.90048299659861,
                12.043410403500241
              ],
              [
                119.89634897880414,
                12.081772322875157
              ],
              [
                119.88050191059199,
                12.08311829405635
              ],
              [
                119.85239058958958,
                12.028469212863298
              ],
              [
                119.8488077741677,
                12.056601376338792
              ],
              [
                119.87526548805232,
                12.102905088066263
              ],
              [
                119.85886721746758,
                12.113673393119164
              ],
              [
                119.85914281865388,
                12.131440962555615
              ],
              [
                119.86713525305653,
                12.147997265049657
              ],
              [
                119.8793995058468,
                12.168591614988122
              ],
              [
                119.8642414406004,
                12.189185964926583
              ],
              [
                119.89690018117673,
                12.207088104700988
              ],
              [
                119.89690018117673,
                12.207087702998482
              ],
              [
                119.92638950811065,
                12.197396228450874
              ],
              [
                119.92363349624766,
                12.176936582751196
              ],
              [
                119.9394805644598,
                12.161726385339183
              ],
              [
                119.92997232353252,
                12.149881249780993
              ],
              [
                120.01471968831922,
                12.13413277101717
              ],
              [
                120.0480674318613,
                12.107615719398776
              ],
              [
                120.06308769651454,
                12.070734341543009
              ],
              [
                120.1002938566648,
                12.080964231343266
              ],
              [
                120.09905365132646,
                12.056600974636288
              ],
              [
                120.16340652832709,
                12.001817457006117
              ],
              [
                120.18655702797614,
                11.998586965490247
              ],
              [
                120.18807283450077,
                12.018508329838111
              ],
              [
                120.21329034304706,
                12.013124177311662
              ],
              [
                120.20571131042387,
                12.041390777224274
              ],
              [
                120.21907796795932,
                12.077329894912703
              ],
              [
                120.20447110508552,
                12.100212610100531
              ]
            ]
          ],
          [
            [
              [
                120.30713254698159,
                13.556218676069749
              ],
              [
                120.38250947143415,
                13.527548231242445
              ],
              [
                120.41199879836806,
                13.52916347700038
              ],
              [
                120.42288504522683,
                13.501704433016318
              ],
              [
                120.38760809338066,
                13.506953881303982
              ],
              [
                120.30713254698159,
                13.556218676069749
              ]
            ]
          ],
          [
            [
              [
                120.20323089974718,
                13.607906272521998
              ],
              [
                120.17456837637216,
                13.61032920810932
              ],
              [
                120.1005694578511,
                13.658248165594726
              ],
              [
                120.09450623175253,
                13.709397346794335
              ],
              [
                120.07645435405001,
                13.722453883195767
              ],
              [
                120.0924392228553,
                13.739010185689809
              ],
              [
                120.0924392228553,
                13.739010319590646
              ],
              [
                120.13791341859451,
                13.729991830633633
              ],
              [
                120.20295529856088,
                13.685034357889025
              ],
              [
                120.22334978634694,
                13.69580252904109
              ],
              [
                120.28880506809277,
                13.609117941166911
              ],
              [
                120.26234735420815,
                13.610463912348107
              ],
              [
                120.25090990497677,
                13.594580863246328
              ],
              [
                120.27144219335598,
                13.578697546342884
              ],
              [
                120.28866726749962,
                13.584754684459933
              ],
              [
                120.29583289834336,
                13.559987716739096
              ],
              [
                120.27833222301344,
                13.560795138766814
              ],
              [
                120.26772157734095,
                13.54450811084951
              ],
              [
                120.25380371743289,
                13.576409047192683
              ],
              [
                120.2218339798223,
                13.583408579377902
              ],
              [
                120.20323089974718,
                13.607906272521998
              ]
            ]
          ],
          [
            [
              [
                120.33675967450866,
                13.680996310444606
              ],
              [
                120.33455486501826,
                13.66295933253058
              ],
              [
                120.31209336833496,
                13.648691395285905
              ],
              [
                120.26124494946295,
                13.681265317219676
              ],
              [
                120.28315524377365,
                13.6885339900808
              ],
              [
                120.29156107995574,
                13.7100706001866
              ],
              [
                120.33675967450866,
                13.680996310444606
              ]
            ]
          ],
          [
            [
              [
                120.05867807753377,
                13.752336130568818
              ],
              [
                120.04834303304759,
                13.74062556534858
              ],
              [
                120.01830250374108,
                13.759739239867063
              ],
              [
                120.03566537847787,
                13.773603466097878
              ],
              [
                120.05867807753377,
                13.752336130568818
              ]
            ]
          ],
          [
            [
              [
                121.05952378557566,
                10.7325062438626
              ],
              [
                121.06586261286053,
                10.701816708362667
              ],
              [
                121.02273102720486,
                10.69252907872975
              ],
              [
                120.99889152459006,
                10.72308404389173
              ],
              [
                121.00481695009547,
                10.74906254635664
              ],
              [
                121.0461571280402,
                10.765349574273944
              ],
              [
                121.05166915176616,
                10.796308384350615
              ],
              [
                121.07123683599333,
                10.799942720781178
              ],
              [
                121.07123683599333,
                10.79994272078118
              ],
              [
                121.08033167514118,
                10.78648220556422
              ],
              [
                121.06172859506604,
                10.768983776803674
              ],
              [
                121.08226088344526,
                10.74865870144195
              ],
              [
                121.05952378557566,
                10.7325062438626
              ]
            ]
          ],
          [
            [
              [
                120.96609498342058,
                11.023115240448783
              ],
              [
                120.94514929326192,
                11.024595915868767
              ],
              [
                120.9386726653839,
                11.043305879373388
              ],
              [
                120.98152864985327,
                11.063092405581633
              ],
              [
                120.98786747713814,
                11.043844160725198
              ],
              [
                120.96609498342058,
                11.023115240448783
              ]
            ]
          ],
          [
            [
              [
                121.96211767070224,
                11.94689923513716
              ],
              [
                121.9549520398585,
                11.912709799643784
              ],
              [
                121.91099365064393,
                11.943534039382504
              ],
              [
                121.915678870811,
                11.964801374911563
              ],
              [
                121.93690016215596,
                11.978127185889736
              ],
              [
                121.93690016215596,
                11.978127185889738
              ],
              [
                121.96211767070224,
                11.94689923513716
              ]
            ]
          ],
          [
            [
              [
                121.01418739042961,
                12.115153532935809
              ],
              [
                121.03582208355402,
                12.07813758474209
              ],
              [
                121.00660835780641,
                12.082041061848557
              ],
              [
                121.00137193526675,
                12.10048175077644
              ],
              [
                121.01418739042961,
                12.115153532935809
              ]
            ]
          ],
          [
            [
              [
                121.09755674928482,
                12.071811172048301
              ],
              [
                121.11505742461475,
                12.080022105076765
              ],
              [
                121.13641651655286,
                12.046640493313607
              ],
              [
                121.11974264478182,
                12.033179978096648
              ],
              [
                121.08611930005344,
                12.0541781729498
              ],
              [
                121.07440624963577,
                12.092540092324716
              ],
              [
                121.03747569067181,
                12.105192783811459
              ],
              [
                121.04243651202518,
                12.168994924299474
              ],
              [
                121.07054783302759,
                12.177609568341794
              ],
              [
                121.07054783302759,
                12.177609568341795
              ],
              [
                121.10499798131487,
                12.114076702430518
              ],
              [
                121.09755674928482,
                12.071811172048301
              ]
            ]
          ],
          [
            [
              [
                122.54749459039961,
                12.383822208402332
              ],
              [
                122.6560814578011,
                12.362016457620626
              ],
              [
                122.69976424582936,
                12.28058131803411
              ],
              [
                122.68336597524463,
                12.208568378418466
              ],
              [
                122.63499796704929,
                12.163610771773024
              ],
              [
                122.63554916942188,
                12.147323743855722
              ],
              [
                122.61046946146875,
                12.17599432258386
              ],
              [
                122.56292825683231,
                12.192012209825256
              ],
              [
                122.5415691648942,
                12.24073858933838
              ],
              [
                122.4500695710432,
                12.276408566350902
              ],
              [
                122.42485206249691,
                12.312482388278118
              ],
              [
                122.42871047910509,
                12.334961124650421
              ],
              [
                122.46178262146087,
                12.365650660150354
              ],
              [
                122.54749459039961,
                12.38382220840233
              ],
              [
                122.54749459039961,
                12.383822208402332
              ]
            ]
          ],
          [
            [
              [
                122.02564374414398,
                12.036545173851305
              ],
              [
                122.0158599020304,
                11.979473290971768
              ],
              [
                121.9847169679787,
                12.022277102705795
              ],
              [
                121.99160699763615,
                12.04071779163368
              ],
              [
                121.96721629264876,
                12.036814314527211
              ],
              [
                121.95936165883927,
                12.069119229685912
              ],
              [
                121.96859429858026,
                12.118518594789633
              ],
              [
                121.9760355306103,
                12.078003014404137
              ],
              [
                121.98967778933206,
                12.070061355952413
              ],
              [
                122.01875371448652,
                12.11380742785378
              ],
              [
                121.98113415255682,
                12.143689541325996
              ],
              [
                121.96804309620767,
                12.137363128632208
              ],
              [
                121.96804309620767,
                12.156611507389474
              ],
              [
                121.95054242087772,
                12.157957478570669
              ],
              [
                121.94530599833806,
                12.177609568341795
              ],
              [
                121.92835652538072,
                12.166841263288894
              ],
              [
                121.92229329928216,
                12.198069214041473
              ],
              [
                121.9392427722395,
                12.214087235183703
              ],
              [
                121.92835652538072,
                12.224316991083125
              ],
              [
                121.94282558766137,
                12.271562829077098
              ],
              [
                121.98816198280743,
                12.287311441741757
              ],
              [
                122.00662726228941,
                12.322308433163684
              ],
              [
                122.01682450618245,
                12.37197707284414
              ],
              [
                121.99312280416079,
                12.447893355665421
              ],
              [
                122.00263104508808,
                12.475217963212364
              ],
              [
                122.04162861294928,
                12.49890810042791
              ],
              [
                122.0773189665749,
                12.500658050424631
              ],
              [
                122.11962374867167,
                12.534578077440433
              ],
              [
                122.11659213562238,
                12.551807365525072
              ],
              [
                122.11659213562238,
                12.551807365525073
              ],
              [
                122.15476289992469,
                12.537135583365705
              ],
              [
                122.16316873610678,
                12.50927269446695
              ],
              [
                122.1303721949373,
                12.51250318598282
              ],
              [
                122.1227931623141,
                12.495946883488779
              ],
              [
                122.14029383764404,
                12.459200209871799
              ],
              [
                122.14056943883033,
                12.416126989660198
              ],
              [
                122.1130093202005,
                12.376553535541207
              ],
              [
                122.08916981758571,
                12.192416054739947
              ],
              [
                122.04217981532187,
                12.108019564313468
              ],
              [
                122.04438462481225,
                12.072080446625039
              ],
              [
                122.05637327641622,
                12.077868444066183
              ],
              [
                122.070015535138,
                12.060773726319495
              ],
              [
                122.06092069599015,
                12.051082251771886
              ],
              [
                122.04727843726839,
                12.060235311066851
              ],
              [
                122.02564374414398,
                12.036545173851305
              ]
            ]
          ],
          [
            [
              [
                122.30772155832018,
                12.43739432518926
              ],
              [
                122.3279782455131,
                12.419222910838116
              ],
              [
                122.328805049072,
                12.38382220840233
              ],
              [
                122.30289853755997,
                12.356228460179484
              ],
              [
                122.27216900528772,
                12.367938891498888
              ],
              [
                122.24970750860442,
                12.408454605785217
              ],
              [
                122.26252296376728,
                12.420972726934004
              ],
              [
                122.24474668725105,
                12.45058556582948
              ],
              [
                122.26803498749324,
                12.454758183611853
              ],
              [
                122.28526006163688,
                12.502946147872331
              ],
              [
                122.28526006163688,
                12.502946147872333
              ],
              [
                122.29779991561345,
                12.495946883488779
              ],
              [
                122.30772155832018,
                12.43739432518926
              ]
            ]
          ],
          [
            [
              [
                122.03184477083569,
                12.663124350782136
              ],
              [
                122.03225817261514,
                12.679815357514965
              ],
              [
                122.08613820453644,
                12.714273799783411
              ],
              [
                122.06160969895589,
                12.660701682996484
              ],
              [
                122.03184477083569,
                12.663124350782136
              ]
            ]
          ],
          [
            [
              [
                121.44150702978496,
                13.103143245225226
              ],
              [
                121.44343623808905,
                13.019823719204869
              ],
              [
                121.46948055019423,
                13.01053608957195
              ],
              [
                121.50902932042803,
                13.026823117489254
              ],
              [
                121.5572595280302,
                12.994922047245247
              ],
              [
                121.55712172743705,
                12.96477092699796
              ],
              [
                121.5050331032267,
                12.930312350828679
              ],
              [
                121.48656782374472,
                12.89396952212639
              ],
              [
                121.49896987712813,
                12.814418768973717
              ],
              [
                121.48284720772969,
                12.779287341114673
              ],
              [
                121.49428465696107,
                12.724772830259573
              ],
              [
                121.47623277925854,
                12.650875638110922
              ],
              [
                121.54899149244126,
                12.546961628251267
              ],
              [
                121.54678668295087,
                12.533097535921284
              ],
              [
                121.54844029006865,
                12.509003419890211
              ],
              [
                121.52763240050315,
                12.473468147116474
              ],
              [
                121.52680559694426,
                12.468083994590025
              ],
              [
                121.50654890975133,
                12.425683893869856
              ],
              [
                121.46314172290937,
                12.395667343960522
              ],
              [
                121.43778641376994,
                12.394859921932802
              ],
              [
                121.44522764579999,
                12.35515189747586
              ],
              [
                121.40967509276751,
                12.322577841641255
              ],
              [
                121.4129823070031,
                12.276139559575832
              ],
              [
                121.45266887783004,
                12.238585196129467
              ],
              [
                121.3837685812555,
                12.240873561378834
              ],
              [
                121.39741083997725,
                12.166303115837916
              ],
              [
                121.3829417776966,
                12.174648619204332
              ],
              [
                121.36737031067075,
                12.178552096310797
              ],
              [
                121.36571670355296,
                12.206145844533646
              ],
              [
                121.34463321280114,
                12.204799739451616
              ],
              [
                121.33223115941773,
                12.17397563361373
              ],
              [
                121.2760085174129,
                12.164014884489383
              ],
              [
                121.24248491962987,
                12.08983563517752
              ],
              [
                121.24252297327766,
                12.089175030470892
              ],
              [
                121.24228285466666,
                12.089388516482774
              ],
              [
                121.24224737209137,
                12.089310002511347
              ],
              [
                121.2422406898719,
                12.08942600459682
              ],
              [
                121.20876182795614,
                12.119191580380226
              ],
              [
                121.15791340908412,
                12.124172021892818
              ],
              [
                121.11119900800658,
                12.123902881216914
              ],
              [
                121.11230141275178,
                12.145843336237405
              ],
              [
                121.09287152911774,
                12.168052798032969
              ],
              [
                121.107891793771,
                12.179090377662607
              ],
              [
                121.12897528452281,
                12.166168411599127
              ],
              [
                121.12346326079684,
                12.19107008355875
              ],
              [
                121.10816739495729,
                12.234681719022996
              ],
              [
                121.08901311250958,
                12.241815553744502
              ],
              [
                121.07289044311112,
                12.225528525827198
              ],
              [
                121.04119630668683,
                12.238988907143325
              ],
              [
                120.92558160903474,
                12.383956912641116
              ],
              [
                120.91951838293618,
                12.419626889653639
              ],
              [
                120.93881046597706,
                12.45677740818531
              ],
              [
                120.92916442445662,
                12.48948603435787
              ],
              [
                120.86536274982859,
                12.565671591755889
              ],
              [
                120.85723251483279,
                12.592996199302831
              ],
              [
                120.79095042952808,
                12.609552367896042
              ],
              [
                120.78447380165007,
                12.69798690576694
              ],
              [
                120.76159890318732,
                12.715350764189534
              ],
              [
                120.79343084020476,
                12.78171027670199
              ],
              [
                120.77593016487482,
                12.807419638490996
              ],
              [
                120.76766212928588,
                12.843493192616545
              ],
              [
                120.76669752513384,
                12.854261497669444
              ],
              [
                120.73638139464103,
                12.933004694893569
              ],
              [
                120.65273643459953,
                13.064377614836449
              ],
              [
                120.60850244419866,
                13.075280490227303
              ],
              [
                120.57088288226896,
                13.104220209631347
              ],
              [
                120.52279047525994,
                13.099240035920424
              ],
              [
                120.52389288000512,
                13.14083244681121
              ],
              [
                120.5047385975574,
                13.140563306135302
              ],
              [
                120.48213930028095,
                13.16788764588058
              ],
              [
                120.48696232104116,
                13.193462437331634
              ],
              [
                120.46643003266195,
                13.249322919367929
              ],
              [
                120.47400906528514,
                13.272609211668783
              ],
              [
                120.46174481249489,
                13.289838633654258
              ],
              [
                120.4357005003897,
                13.301683635311612
              ],
              [
                120.39119090880254,
                13.28539660739431
              ],
              [
                120.39518712600386,
                13.26130262526407
              ],
              [
                120.38195826906156,
                13.249995904958524
              ],
              [
                120.34516551069075,
                13.25699530324291
              ],
              [
                120.30975075825143,
                13.295222786180705
              ],
              [
                120.29886451139265,
                13.320528169154187
              ],
              [
                120.32683803180191,
                13.36521650122289
              ],
              [
                120.36404419195217,
                13.38944505369108
              ],
              [
                120.42536545590352,
                13.401021048573366
              ],
              [
                120.42536545590352,
                13.401020914672536
              ],
              [
                120.47717847892758,
                13.379215163890827
              ],
              [
                120.55958323363075,
                13.383118640997296
              ],
              [
                120.61663267919447,
                13.363331980888217
              ],
              [
                120.67147731526781,
                13.366966183417945
              ],
              [
                120.75291746581892,
                13.338834019942452
              ],
              [
                120.89207557529075,
                13.373622420724729
              ],
              [
                120.89209606489952,
                13.373831279166044
              ],
              [
                120.91469536217596,
                13.38715695624338
              ],
              [
                120.94363348673728,
                13.378407875763942
              ],
              [
                120.95451973359606,
                13.377600453736225
              ],
              [
                120.97601662612732,
                13.34273830045392
              ],
              [
                120.97601662612732,
                13.342737630949753
              ],
              [
                121.05855918142362,
                13.279877750629073
              ],
              [
                121.0910801214068,
                13.29051148534402
              ],
              [
                121.10513578190802,
                13.2926651463546
              ],
              [
                121.13793232307751,
                13.284858058240832
              ],
              [
                121.18326871822356,
                13.292126597201122
              ],
              [
                121.20063159296033,
                13.312182665787773
              ],
              [
                121.26484666936781,
                13.230478251624518
              ],
              [
                121.2670514788582,
                13.240708141424776
              ],
              [
                121.30370643663586,
                13.22078677707691
              ],
              [
                121.37908336108842,
                13.114853810445464
              ],
              [
                121.41422251234144,
                13.117276612131949
              ],
              [
                121.44150702978496,
                13.103143245225226
              ]
            ],
            [
              [
                121.24142096245664,
                12.938758231451802
              ],
              [
                121.24142056853248,
                12.938792692334712
              ],
              [
                121.12346586789005,
                12.981814567443944
              ],
              [
                121.12360106138999,
                12.981731074406692
              ],
              [
                121.24142096245664,
                12.938758231451802
              ]
            ],
            [
              [
                120.98322678244388,
                13.068388298020077
              ],
              [
                120.98318225697106,
                13.068415796181704
              ],
              [
                120.79743041274898,
                13.154701661863786
              ],
              [
                120.79742705740608,
                13.154696539141193
              ],
              [
                120.98322678244388,
                13.068388298020077
              ]
            ]
          ],
          [
            [
              [
                121.73708930208977,
                12.804861864764058
              ],
              [
                121.71628141252425,
                12.771345682662949
              ],
              [
                121.6810044606781,
                12.805400413917537
              ],
              [
                121.70484396329289,
                12.82532164436457
              ],
              [
                121.73708930208977,
                12.804861864764058
              ]
            ]
          ],
          [
            [
              [
                122.05885368709292,
                12.78211398771585
              ],
              [
                122.05334166336695,
                12.813880353721071
              ],
              [
                122.03349837795348,
                12.82720603079841
              ],
              [
                122.08241758852141,
                12.837839899414192
              ],
              [
                122.10019386503764,
                12.833128732478338
              ],
              [
                122.09041002292406,
                12.794362834287897
              ],
              [
                122.05885368709292,
                12.78211398771585
              ]
            ]
          ],
          [
            [
              [
                122.05857808590662,
                13.361448263958545
              ],
              [
                122.04424682421912,
                13.35915989870918
              ],
              [
                122.07552755886395,
                13.350949233482385
              ],
              [
                122.08710280868848,
                13.364140340221772
              ],
              [
                122.12789178426061,
                13.32995103862923
              ],
              [
                122.11797014155387,
                13.30047290397254
              ],
              [
                122.10267427571432,
                13.309491259028718
              ],
              [
                122.10115846918968,
                13.296973137879931
              ],
              [
                122.15076668272336,
                13.24595839311744
              ],
              [
                122.04727843726839,
                13.151735991706232
              ],
              [
                122.0534794639601,
                13.116200718932493
              ],
              [
                122.02826195541381,
                13.074204329226184
              ],
              [
                121.98209875670887,
                13.082684402930552
              ],
              [
                121.95095582265716,
                13.123334687554832
              ],
              [
                121.86593285668418,
                13.159677650157953
              ],
              [
                121.82004525916552,
                13.21998002455336
              ],
              [
                121.8247304793326,
                13.277859597262282
              ],
              [
                121.81053701823824,
                13.321874809839553
              ],
              [
                121.862074440076,
                13.405867455351341
              ],
              [
                121.8542198062665,
                13.414885944308352
              ],
              [
                121.86469265134583,
                13.424442714617175
              ],
              [
                121.85573561279115,
                13.438576081523902
              ],
              [
                121.87089367803755,
                13.44530633913238
              ],
              [
                121.87089367803755,
                13.445305535727377
              ],
              [
                121.87516549642517,
                13.427672402728046
              ],
              [
                121.89004796048528,
                13.433191125592447
              ],
              [
                121.89611118658384,
                13.41125080447279
              ],
              [
                121.91691907614934,
                13.401020914672532
              ],
              [
                121.93042353427796,
                13.419057758685724
              ],
              [
                121.96735409324191,
                13.406808778212842
              ],
              [
                121.99849702729361,
                13.397790423156664
              ],
              [
                122.00993447652499,
                13.424038066297484
              ],
              [
                122.03349837795348,
                13.403712990935759
              ],
              [
                122.02399013702619,
                13.388233518947008
              ],
              [
                122.04851864260674,
                13.387561336761411
              ],
              [
                122.05857808590662,
                13.361448263958545
              ]
            ]
          ]
        ]
      }
    },
    {
      "type": "Feature",
      "properties": {
        "Region": "Region V - Bicol Region",
        "Region_Code": "05",
        "Source_Geometry": "philippines.svg",
        "Classification": "17-region structure aligned with project PSA 2024 dataset",
        "SVG_Path_Count": 6
      },
      "geometry": {
        "type": "MultiPolygon",
        "coordinates": [
          [
            [
              [
                123.12253646561079,
                11.717534739212889
              ],
              [
                123.11895365018891,
                11.73624470271751
              ],
              [
                123.13466291780792,
                11.744590072183092
              ],
              [
                123.14306875399001,
                11.734629456959576
              ],
              [
                123.12253646561079,
                11.717534739212889
              ]
            ]
          ],
          [
            [
              [
                123.37567615522568,
                12.386918129580248
              ],
              [
                123.4057166845322,
                12.401589777838783
              ],
              [
                123.44623005891802,
                12.395263499045829
              ],
              [
                123.53786745336217,
                12.32728874077544
              ],
              [
                123.5567461346236,
                12.33994143226218
              ],
              [
                123.57149079809055,
                12.290541933257625
              ],
              [
                123.61090176773119,
                12.262140629106227
              ],
              [
                123.57507361351243,
                12.234008465630733
              ],
              [
                123.62206361577627,
                12.240604019000425
              ],
              [
                123.63322546382135,
                12.238719632566587
              ],
              [
                123.65210414508277,
                12.221355774143994
              ],
              [
                123.6707072251579,
                12.228489608865498
              ],
              [
                123.69592473370419,
                12.211933574173122
              ],
              [
                123.78425491391276,
                12.075849353393554
              ],
              [
                123.79486555958523,
                12.081368076257958
              ],
              [
                123.78205010442237,
                12.106538888893489
              ],
              [
                123.8009287856838,
                12.12417202189282
              ],
              [
                123.8236658835534,
                12.116499638017837
              ],
              [
                123.85563562116398,
                12.074772522888265
              ],
              [
                123.87368749886652,
                12.102366271111114
              ],
              [
                123.89587339436352,
                12.089175030470894
              ],
              [
                123.91971289697833,
                12.032910837420742
              ],
              [
                124.05282826996034,
                11.849984623561893
              ],
              [
                124.04924545453846,
                11.829524843961382
              ],
              [
                124.01327949972655,
                11.889961788694743
              ],
              [
                123.99839703566646,
                11.892923139534707
              ],
              [
                123.99329841371994,
                11.869502142995065
              ],
              [
                124.01355510091285,
                11.833159180391945
              ],
              [
                124.02554375251682,
                11.833831362577541
              ],
              [
                124.07074234706973,
                11.736243899312509
              ],
              [
                124.05613548419592,
                11.678364326603585
              ],
              [
                124.07101794825603,
                11.605678401397343
              ],
              [
                124.05062346046996,
                11.611197124261745
              ],
              [
                124.0145197050649,
                11.669749682561266
              ],
              [
                123.92026409935092,
                11.74822360520865
              ],
              [
                123.90579503707026,
                11.745262254368685
              ],
              [
                123.86114764488995,
                11.78160535087264
              ],
              [
                123.85894283539957,
                11.782412772900358
              ],
              [
                123.72238244758881,
                11.813775427891722
              ],
              [
                123.72844567368738,
                11.828447076150255
              ],
              [
                123.71204740310263,
                11.838407825274604
              ],
              [
                123.7316150873298,
                11.862636511643629
              ],
              [
                123.75076936977753,
                11.864790172654208
              ],
              [
                123.65045053796499,
                11.928726749579345
              ],
              [
                123.64149349941029,
                11.947167438507227
              ],
              [
                123.60125572621075,
                11.955782082549549
              ],
              [
                123.61517358611881,
                11.976511002825966
              ],
              [
                123.53828085514162,
                12.09065476858504
              ],
              [
                123.50079909380507,
                12.104115016000332
              ],
              [
                123.42969398774014,
                12.081097998276213
              ],
              [
                123.36906172675452,
                11.989029123974753
              ],
              [
                123.33681638795764,
                11.974088201139478
              ],
              [
                123.32510333753997,
                11.951474760528388
              ],
              [
                123.31559509661268,
                11.956455068140146
              ],
              [
                123.29754321891015,
                11.904094218295626
              ],
              [
                123.16001822694734,
                11.788335206778617
              ],
              [
                123.14251755161742,
                11.813640723652933
              ],
              [
                123.19639758353871,
                11.900729290342637
              ],
              [
                123.19060995862645,
                11.919439119946427
              ],
              [
                123.20618142565229,
                11.939629758871032
              ],
              [
                123.21789447606997,
                12.012450120514394
              ],
              [
                123.24035597275328,
                12.017968843378796
              ],
              [
                123.2822473530706,
                12.042466670423728
              ],
              [
                123.26943189790774,
                12.077463661845654
              ],
              [
                123.28500336493357,
                12.094019964339696
              ],
              [
                123.26309307062287,
                12.125517189669011
              ],
              [
                123.22946972589449,
                12.096846477040039
              ],
              [
                123.21720547310423,
                12.117306256640548
              ],
              [
                123.23498174962046,
                12.119459917651128
              ],
              [
                123.22326869920279,
                12.147592081126621
              ],
              [
                123.26695148723105,
                12.213278474147646
              ],
              [
                123.2597858563873,
                12.25608255368334
              ],
              [
                123.27508172222684,
                12.26577402823095
              ],
              [
                123.28844837976231,
                12.299693921345918
              ],
              [
                123.27673532934463,
                12.3057511933638
              ],
              [
                123.2898263856938,
                12.3181346102738
              ],
              [
                123.25124221961205,
                12.335498468696395
              ],
              [
                123.2378755620766,
                12.47898593267504
              ],
              [
                123.23787556207658,
                12.47898686998088
              ],
              [
                123.37967237242701,
                12.419761192189927
              ],
              [
                123.34026140278637,
                12.417338524404276
              ],
              [
                123.36162049472448,
                12.362689443211224
              ],
              [
                123.32468993576052,
                12.346133274618015
              ],
              [
                123.3347493790604,
                12.32675019162196
              ],
              [
                123.34894284015476,
                12.317597266227828
              ],
              [
                123.36341190243542,
                12.349902047485696
              ],
              [
                123.38670020267762,
                12.344921739873937
              ],
              [
                123.36864832497508,
                12.37197707284414
              ],
              [
                123.37567615522568,
                12.386918129580248
              ]
            ]
          ],
          [
            [
              [
                123.26281746943657,
                12.70875507691901
              ],
              [
                123.19998039896059,
                12.717908136213975
              ],
              [
                123.17131787558557,
                12.760846652186789
              ],
              [
                123.13934813797498,
                12.768249761485032
              ],
              [
                123.14830517652968,
                12.78184471313911
              ],
              [
                123.10861860570273,
                12.800689246981685
              ],
              [
                123.0911179303728,
                12.839455011271292
              ],
              [
                123.07802687402364,
                12.83312873247834
              ],
              [
                123.06438461530188,
                12.874048157778526
              ],
              [
                122.98597607780005,
                12.882124386568202
              ],
              [
                122.96544378942082,
                12.914294597488116
              ],
              [
                122.9460139057868,
                12.901507335663425
              ],
              [
                122.94642730756625,
                12.941349930458323
              ],
              [
                122.96048296806745,
                12.959790619386204
              ],
              [
                122.92892663223631,
                12.988595768452296
              ],
              [
                122.96944000662215,
                13.004209810779003
              ],
              [
                122.99644892287937,
                13.034360931026288
              ],
              [
                122.99644892287937,
                13.034360931026285
              ],
              [
                123.01284719346411,
                13.013228165835176
              ],
              [
                123.0456437346336,
                13.011209075162549
              ],
              [
                123.18413333074844,
                12.790728497857335
              ],
              [
                123.23939136860123,
                12.786825154651702
              ],
              [
                123.27659752875148,
                12.767172930979742
              ],
              [
                123.28858618035545,
                12.69516012526493
              ],
              [
                123.38559779793242,
                12.570517195128863
              ],
              [
                123.36024248879299,
                12.573209271392088
              ],
              [
                123.335300581433,
                12.598918633181095
              ],
              [
                123.26281746943657,
                12.70875507691901
              ]
            ]
          ],
          [
            [
              [
                123.78673532458944,
                12.989672598957586
              ],
              [
                123.7768136818827,
                12.964905497335915
              ],
              [
                123.75228517630217,
                12.965040737178036
              ],
              [
                123.76620303621023,
                12.950369088919501
              ],
              [
                123.75338758104736,
                12.941081325385749
              ],
              [
                123.80382259813993,
                12.923582896625204
              ],
              [
                123.83703254108886,
                12.958983732961823
              ],
              [
                123.839926353545,
                12.986039065932024
              ],
              [
                123.85728922828179,
                12.984692960849994
              ],
              [
                123.86376585615979,
                13.010806033652862
              ],
              [
                123.87988852555823,
                13.018478417527845
              ],
              [
                123.9406503307526,
                12.993558591804279
              ],
              [
                123.94065858713698,
                12.993576611667386
              ],
              [
                123.9406840822566,
                12.993544749529606
              ],
              [
                123.94093418832328,
                12.993442175230268
              ],
              [
                123.94087300669945,
                12.993308644081948
              ],
              [
                123.95002902747112,
                12.98186604644715
              ],
              [
                123.95002902747112,
                12.981865510843814
              ],
              [
                123.97331732771332,
                12.984557587107037
              ],
              [
                124.0234767436196,
                12.927889549142193
              ],
              [
                124.0664705286821,
                12.909045149200452
              ],
              [
                124.08576261172298,
                12.878220775560902
              ],
              [
                124.10863751018573,
                12.93596577793187
              ],
              [
                124.13302821517311,
                12.951310545681835
              ],
              [
                124.18787285124647,
                12.943369021130948
              ],
              [
                124.19682988980115,
                12.930716329644206
              ],
              [
                124.19600308624226,
                12.911333380548987
              ],
              [
                124.1896642589574,
                12.906352939036395
              ],
              [
                124.19931030047783,
                12.894507803478206
              ],
              [
                124.17381719074525,
                12.87943231030498
              ],
              [
                124.16734056286725,
                12.90285330684462
              ],
              [
                124.15838352431255,
                12.894642507716991
              ],
              [
                124.1433632596593,
                12.810380721529299
              ],
              [
                124.11773234933356,
                12.786825154651705
              ],
              [
                124.12696498907457,
                12.769057317413585
              ],
              [
                124.14804847982637,
                12.773095632659674
              ],
              [
                124.15686771778792,
                12.686814621898518
              ],
              [
                124.13220141161422,
                12.60955223399521
              ],
              [
                124.1368866317813,
                12.548173162995345
              ],
              [
                124.09540865324341,
                12.513849157164017
              ],
              [
                124.11111792086241,
                12.472795027625043
              ],
              [
                124.08617601350242,
                12.460680885291783
              ],
              [
                124.10036947459679,
                12.443989878558952
              ],
              [
                124.08204199570795,
                12.414242469325524
              ],
              [
                123.99054240185696,
                12.422722676930727
              ],
              [
                123.93804037586715,
                12.477371624222945
              ],
              [
                123.93638676874936,
                12.504426957193148
              ],
              [
                123.91888609341942,
                12.495273897898182
              ],
              [
                123.91089365901678,
                12.517348789355793
              ],
              [
                123.8761679095432,
                12.533635817273096
              ],
              [
                123.83110711558345,
                12.70471702947459
              ],
              [
                123.83634353812312,
                12.713600814192814
              ],
              [
                123.86445485912553,
                12.736617965817764
              ],
              [
                123.85949403777217,
                12.751828163229778
              ],
              [
                123.93528436400416,
                12.721138627729845
              ],
              [
                123.94865102153963,
                12.752097437806516
              ],
              [
                123.98640838406249,
                12.756539330165628
              ],
              [
                123.99619222617606,
                12.739983027671586
              ],
              [
                124.01796471989363,
                12.753308838649758
              ],
              [
                124.04276882666046,
                12.805265843579585
              ],
              [
                124.0234767436196,
                12.848608070566257
              ],
              [
                123.9684943069531,
                12.83097507146776
              ],
              [
                123.94093418832328,
                12.833801718068937
              ],
              [
                123.92177990587555,
                12.855338194273902
              ],
              [
                123.88595175165679,
                12.853723082416803
              ],
              [
                123.88347134098011,
                12.825187074026616
              ],
              [
                123.8831957397938,
                12.813880353721071
              ],
              [
                123.86045864192421,
                12.797593325803767
              ],
              [
                123.85632462412974,
                12.77430689960208
              ],
              [
                123.83827274642721,
                12.780633312295867
              ],
              [
                123.83028031202456,
                12.752097437806516
              ],
              [
                123.81829166042058,
                12.766499945389144
              ],
              [
                123.79720816966878,
                12.73904076750425
              ],
              [
                123.7635848249404,
                12.763404158112062
              ],
              [
                123.7627580213815,
                12.740117598009538
              ],
              [
                123.73492230156538,
                12.721273064166963
              ],
              [
                123.72913467665312,
                12.747251566631876
              ],
              [
                123.74525734605156,
                12.758289146261516
              ],
              [
                123.73492230156538,
                12.772960928420884
              ],
              [
                123.70901579005336,
                12.759365976766807
              ],
              [
                123.70708658174927,
                12.754385669155049
              ],
              [
                123.6931687218412,
                12.741329132753615
              ],
              [
                123.67318763583458,
                12.78507520465498
              ],
              [
                123.68324707913447,
                12.780094897043222
              ],
              [
                123.68765669811525,
                12.792478447854059
              ],
              [
                123.68297147794817,
                12.798804860547847
              ],
              [
                123.6485213296609,
                12.772826358082934
              ],
              [
                123.66299039194155,
                12.765423114883856
              ],
              [
                123.65320654982797,
                12.746309440365374
              ],
              [
                123.59009387816567,
                12.780364171619963
              ],
              [
                123.5583997417414,
                12.820476040991599
              ],
              [
                123.53896985810736,
                12.824917933350712
              ],
              [
                123.53001281955268,
                12.813341938468428
              ],
              [
                123.4812314095779,
                12.86476052814561
              ],
              [
                123.48135391541997,
                12.864815513434483
              ],
              [
                123.45256888620288,
                12.900430639058964
              ],
              [
                123.40764589283627,
                12.921563270349239
              ],
              [
                123.32262292686329,
                12.881451400977603
              ],
              [
                123.29905902543479,
                12.9297742033777
              ],
              [
                123.28321195722265,
                12.930446385563297
              ],
              [
                123.2971298171307,
                12.958847689714695
              ],
              [
                123.2895507845075,
                13.022649830202711
              ],
              [
                123.31146107881821,
                13.042032645397097
              ],
              [
                123.3055356533128,
                13.062357854659655
              ],
              [
                123.3285483523687,
                13.072318469883172
              ],
              [
                123.27709865850251,
                13.136818186455805
              ],
              [
                123.27687312993778,
                13.136659159524664
              ],
              [
                123.23966696978752,
                13.164656752662204
              ],
              [
                123.21100444641252,
                13.22065180503645
              ],
              [
                123.20797283336323,
                13.270724289631602
              ],
              [
                123.18950755388126,
                13.308278653077966
              ],
              [
                123.04895094886918,
                13.382310549465405
              ],
              [
                123.03654889548577,
                13.37531115118102
              ],
              [
                123.00292555075738,
                13.396444050272962
              ],
              [
                122.9763300362796,
                13.395367487569338
              ],
              [
                122.94945892061553,
                13.424037932396644
              ],
              [
                122.88813765666418,
                13.4505548501142
              ],
              [
                122.83301741940454,
                13.513414730434882
              ],
              [
                122.79898067289672,
                13.524317605825733
              ],
              [
                122.8244737826293,
                13.523777985465584
              ],
              [
                122.862093344559,
                13.564024425175173
              ],
              [
                122.83646243423327,
                13.608578186905921
              ],
              [
                122.7725229590121,
                13.650439872373445
              ],
              [
                122.74992366173564,
                13.66457323928017
              ],
              [
                122.72704876327289,
                13.694051507837692
              ],
              [
                122.70128005235401,
                13.68866735531124
              ],
              [
                122.68047216278849,
                13.701454617135933
              ],
              [
                122.6801965616022,
                13.68126397821133
              ],
              [
                122.65401444890387,
                13.694320514612762
              ],
              [
                122.63761617831912,
                13.712895907779433
              ],
              [
                122.65139623763403,
                13.72541402892822
              ],
              [
                122.64050999077526,
                13.756776683919583
              ],
              [
                122.57781072089242,
                13.779659131305745
              ],
              [
                122.58580315529507,
                13.799715199892397
              ],
              [
                122.55521142361596,
                13.79554244820919
              ],
              [
                122.56912928352402,
                13.807656858344119
              ],
              [
                122.54887259633111,
                13.82327076676999
              ],
              [
                122.79319304798446,
                13.88828430810125
              ],
              [
                122.94243109036492,
                13.803618676998866
              ],
              [
                123.05983719572795,
                13.71101152134559
              ],
              [
                123.04660833878565,
                13.650305302035491
              ],
              [
                123.12350106976284,
                13.600367387778292
              ],
              [
                123.23429274665472,
                13.604540005560665
              ],
              [
                123.27769993349668,
                13.624999785161176
              ],
              [
                123.32317412923588,
                13.675610818909805
              ],
              [
                123.32689474525091,
                13.701185342559192
              ],
              [
                123.28486556434044,
                13.770371635573657
              ],
              [
                123.33323357253576,
                13.813310017645637
              ],
              [
                123.341777209311,
                13.84574950314229
              ],
              [
                123.32593014109887,
                13.827443518453194
              ],
              [
                123.31297688534285,
                13.804291796490293
              ],
              [
                123.2952006088266,
                13.800792030397684
              ],
              [
                123.2608882611325,
                13.822059365926744
              ],
              [
                123.2657112818927,
                13.836192732833467
              ],
              [
                123.23319034190952,
                13.841576885359917
              ],
              [
                123.2283673211493,
                13.872131850521898
              ],
              [
                123.26502227892696,
                13.885726802175977
              ],
              [
                123.23305254131637,
                13.900398584335345
              ],
              [
                123.28803497798286,
                13.905648166523843
              ],
              [
                123.25634084155857,
                13.946702162161982
              ],
              [
                123.27756213290353,
                13.946297781643954
              ],
              [
                123.31862670966196,
                13.908474277521684
              ],
              [
                123.30939406992097,
                13.941586748608934
              ],
              [
                123.34742703363013,
                13.942663311312558
              ],
              [
                123.3293751559276,
                13.964872907008957
              ],
              [
                123.34301741464935,
                13.979275414591585
              ],
              [
                123.34301741464935,
                13.979277557004934
              ],
              [
                123.36079369116558,
                13.951145527430274
              ],
              [
                123.35624627159166,
                13.928801227495091
              ],
              [
                123.37526275344624,
                13.915475550417753
              ],
              [
                123.35362806032182,
                13.912918044492478
              ],
              [
                123.34411981939454,
                13.887881802194903
              ],
              [
                123.36492770896005,
                13.883709050511694
              ],
              [
                123.38876721157484,
                13.909283708061917
              ],
              [
                123.38380639022148,
                13.882362945429666
              ],
              [
                123.39910225606103,
                13.885324430170465
              ],
              [
                123.40626788690479,
                13.872267759868198
              ],
              [
                123.39469263708025,
                13.861230314139393
              ],
              [
                123.41701633317041,
                13.85867280821412
              ],
              [
                123.40902389876777,
                13.818830213419222
              ],
              [
                123.43093419307847,
                13.80038952449134
              ],
              [
                123.44485205298653,
                13.792447999940451
              ],
              [
                123.4571163057768,
                13.807254352437772
              ],
              [
                123.44623005891802,
                13.814253616821324
              ],
              [
                123.44912387137416,
                13.844539441307397
              ],
              [
                123.50272830210915,
                13.815330447326614
              ],
              [
                123.49046404931889,
                13.787063847414002
              ],
              [
                123.5174729655761,
                13.804696846512499
              ],
              [
                123.52160698337057,
                13.788948233847842
              ],
              [
                123.54365507827444,
                13.7831602364067
              ],
              [
                123.54572208717167,
                13.807254352437772
              ],
              [
                123.57466021173298,
                13.790967324520468
              ],
              [
                123.58361725028767,
                13.788678959271103
              ],
              [
                123.603322735108,
                13.767411757642874
              ],
              [
                123.64452511245958,
                13.756643452589973
              ],
              [
                123.66478179965249,
                13.767680764417946
              ],
              [
                123.68076666845778,
                13.751932285654123
              ],
              [
                123.71521681674506,
                13.757585578856478
              ],
              [
                123.70281476336164,
                13.765527103407365
              ],
              [
                123.7183862303875,
                13.796351477046917
              ],
              [
                123.70874018886705,
                13.817214967661286
              ],
              [
                123.7316150873298,
                13.794466956712242
              ],
              [
                123.74346593834062,
                13.767411757642872
              ],
              [
                123.76082881307741,
                13.738471904337995
              ],
              [
                123.78273910738812,
                13.734568427231526
              ],
              [
                123.7768136818827,
                13.724607678107178
              ],
              [
                123.80368479754678,
                13.72097347557745
              ],
              [
                123.84833218972709,
                13.684899653650234
              ],
              [
                123.86845107632685,
                13.699706006147554
              ],
              [
                123.9005586145306,
                13.670362575729653
              ],
              [
                123.94272559603422,
                13.66968905453572
              ],
              [
                123.94975342628481,
                13.627962073306982
              ],
              [
                123.97097471762979,
                13.629308044488177
              ],
              [
                123.97056131585033,
                13.582869762422755
              ],
              [
                123.96546269390382,
                13.600368325084133
              ],
              [
                123.93831597705345,
                13.6095213843791
              ],
              [
                123.93376855747952,
                13.593234356461796
              ],
              [
                123.87451430242541,
                13.611675045389678
              ],
              [
                123.83758374346145,
                13.571832450594782
              ],
              [
                123.80354699695363,
                13.561871701470434
              ],
              [
                123.75145837274327,
                13.584888986996216
              ],
              [
                123.67525464473182,
                13.595118742895636
              ],
              [
                123.65858077296078,
                13.580985375988913
              ],
              [
                123.56143135479067,
                13.610194369969694
              ],
              [
                123.57121519690425,
                13.591484406465073
              ],
              [
                123.58513305681231,
                13.597676248820907
              ],
              [
                123.55178531327023,
                13.549622720997547
              ],
              [
                123.53593824505808,
                13.495108344043285
              ],
              [
                123.54641109013741,
                13.478013626296596
              ],
              [
                123.55343892038802,
                13.475994669524802
              ],
              [
                123.5326310308225,
                13.44072853742697
              ],
              [
                123.5491671020004,
                13.426595170520248
              ],
              [
                123.56873478622757,
                13.436690489982553
              ],
              [
                123.58513305681231,
                13.428075845940231
              ],
              [
                123.60194662502538,
                13.397899368787845
              ],
              [
                123.6022203303628,
                13.39792445789128
              ],
              [
                123.60580314578468,
                13.39011736977751
              ],
              [
                123.60580314578468,
                13.39011803928168
              ],
              [
                123.62564643119815,
                13.366427902066132
              ],
              [
                123.67814845718796,
                13.352698246173269
              ],
              [
                123.74746215554195,
                13.196961935622575
              ],
              [
                123.81498444618501,
                13.164118739112064
              ],
              [
                123.83289852329439,
                13.142582129006264
              ],
              [
                123.86789987395426,
                13.116065211288706
              ],
              [
                123.8623878502283,
                13.099509042695498
              ],
              [
                123.80244459220843,
                13.112969424011624
              ],
              [
                123.77557347654437,
                13.103143245225226
              ],
              [
                123.7551789887583,
                13.043648560659205
              ],
              [
                123.75765939943498,
                13.02009299378161
              ],
              [
                123.78673532458944,
                12.989672598957586
              ]
            ],
            [
              [
                123.73478450097224,
                12.899622949229581
              ],
              [
                123.73462736924996,
                12.899627943449712
              ],
              [
                123.76937244985265,
                12.861664740868527
              ],
              [
                123.76947013732426,
                12.861724563463842
              ],
              [
                123.73478450097224,
                12.899622949229581
              ]
            ],
            [
              [
                123.4048898809733,
                13.205575910160727
              ],
              [
                123.40420990719703,
                13.219789809090752
              ],
              [
                123.40406307741439,
                13.219709544869113
              ],
              [
                123.40473470869254,
                13.205670164696533
              ],
              [
                123.4048898809733,
                13.205575910160727
              ]
            ],
            [
              [
                123.54437260480064,
                13.378767861737298
              ],
              [
                123.54420628064703,
                13.378541642696892
              ],
              [
                123.58664886333695,
                13.31487420644766
              ],
              [
                123.58267299092873,
                13.271350846360228
              ],
              [
                123.58279044672878,
                13.27139714132137
              ],
              [
                123.5867866639301,
                13.315143213222735
              ],
              [
                123.54437260480064,
                13.378767861737298
              ]
            ]
          ],
          [
            [
              [
                123.64645432076367,
                13.85248109975912
              ],
              [
                123.66326599312785,
                13.834713396421835
              ],
              [
                123.6720852310894,
                13.84050139386298
              ],
              [
                123.67952646311944,
                13.81761867867515
              ],
              [
                123.6266110353502,
                13.781679694887554
              ],
              [
                123.60208252976965,
                13.78854438893315
              ],
              [
                123.60525194341209,
                13.83525181167448
              ],
              [
                123.62041000865848,
                13.814388187159278
              ],
              [
                123.63625707687063,
                13.8392898591189
              ],
              [
                123.65913197533338,
                13.819772339685727
              ],
              [
                123.64645432076367,
                13.85248109975912
              ]
            ]
          ],
          [
            [
              [
                122.69356321913766,
                14.158300293757314
              ],
              [
                122.66834571059137,
                14.21281467071158
              ],
              [
                122.68763779363225,
                14.219544794419226
              ],
              [
                122.71533571285521,
                14.213756930878917
              ],
              [
                122.72387934963045,
                14.186297752994022
              ],
              [
                122.75171506944658,
                14.202854055488066
              ],
              [
                122.79209064323926,
                14.185894041980163
              ],
              [
                122.7868542206996,
                14.160453954767895
              ],
              [
                122.8079377114514,
                14.158165589518529
              ],
              [
                122.82722979449228,
                14.160453954767895
              ],
              [
                122.86484935642198,
                14.145378327693836
              ],
              [
                122.91500877232825,
                14.09422887869256
              ],
              [
                122.91294176343102,
                14.08911400074285
              ],
              [
                122.91500877232825,
                14.06825051012848
              ],
              [
                122.9384348731636,
                14.065154588950563
              ],
              [
                122.98900769084932,
                13.998122090847511
              ],
              [
                123.01463860117505,
                13.98627695528932
              ],
              [
                123.02456024388178,
                13.987892201047256
              ],
              [
                123.04385232692266,
                13.973354989225841
              ],
              [
                123.04908874946233,
                13.943069164739768
              ],
              [
                123.03255267828443,
                13.939165821534134
              ],
              [
                123.03062346998034,
                13.908476152133368
              ],
              [
                123.05735678505127,
                13.867422022594393
              ],
              [
                123.08422790071535,
                13.856115436189683
              ],
              [
                123.09607875172617,
                13.767007778827352
              ],
              [
                123.08284989478385,
                13.746278858550934
              ],
              [
                123.0678296301306,
                13.748432519561515
              ],
              [
                123.05942379394851,
                13.71155114170575
              ],
              [
                122.94201768858548,
                13.804158431259857
              ],
              [
                122.792779646205,
                13.88882392846141
              ],
              [
                122.44428194613094,
                14.023158333145087
              ],
              [
                122.36766481634004,
                13.939569532547992
              ],
              [
                122.30317413874626,
                13.94239617914917
              ],
              [
                122.30165833222162,
                13.957067961308539
              ],
              [
                122.31102877255576,
                13.978873712090245
              ],
              [
                122.34093150126911,
                13.991526403576986
              ],
              [
                122.34892393567176,
                13.998122090847513
              ],
              [
                122.34782153092657,
                14.015485949270104
              ],
              [
                122.33707308466094,
                14.029753886514781
              ],
              [
                122.33266346568017,
                14.07323081774024
              ],
              [
                122.34616792380878,
                14.085210523636384
              ],
              [
                122.34892393567176,
                14.100959136301043
              ],
              [
                122.382409479807,
                14.090594676162834
              ],
              [
                122.35898337897164,
                14.123437872673346
              ],
              [
                122.37951566735086,
                14.13286020654505
              ],
              [
                122.38475208989053,
                14.162069200525835
              ],
              [
                122.40928059547107,
                14.160050109853207
              ],
              [
                122.41603282453538,
                14.189932089424588
              ],
              [
                122.43022628562973,
                14.175664152179912
              ],
              [
                122.46922385349092,
                14.21523747239807
              ],
              [
                122.48383071636474,
                14.203257900402761
              ],
              [
                122.4974729750865,
                14.213218381725444
              ],
              [
                122.51028843024936,
                14.220083209671875
              ],
              [
                122.52337948659851,
                14.21981406899597
              ],
              [
                122.52337948659851,
                14.219814068995966
              ],
              [
                122.6108828632482,
                14.189258969933153
              ],
              [
                122.59751620571274,
                14.178086953866394
              ],
              [
                122.62108010714122,
                14.16381901662172
              ],
              [
                122.63210415459315,
                14.159646264938512
              ],
              [
                122.64919142814364,
                14.15197388106353
              ],
              [
                122.63830518128486,
                14.165434262379655
              ],
              [
                122.64974263051624,
                14.189662814847846
              ],
              [
                122.66545189813525,
                14.175529447941123
              ],
              [
                122.69356321913766,
                14.158300293757314
              ]
            ]
          ],
          [
            [
              [
                123.30098823373888,
                14.002563983206624
              ],
              [
                123.32882395355499,
                13.985065420545244
              ],
              [
                123.31890231084826,
                13.963394374002323
              ],
              [
                123.29120439162529,
                13.996372274751621
              ],
              [
                123.30098823373888,
                14.002563983206622
              ],
              [
                123.30098823373888,
                14.002563983206624
              ]
            ]
          ],
          [
            [
              [
                122.94560050400736,
                14.311209823805997
              ],
              [
                122.98046405407408,
                14.28105870355871
              ],
              [
                122.95552214671409,
                14.283481505245197
              ],
              [
                122.92520601622128,
                14.308517747542773
              ],
              [
                122.94560050400736,
                14.311209823805997
              ]
            ]
          ],
          [
            [
              [
                122.94091528384028,
                14.34014981101171
              ],
              [
                122.9451871022279,
                14.325208888176435
              ],
              [
                122.90233111775854,
                14.32103627039406
              ],
              [
                122.95290393544425,
                14.368281974487203
              ],
              [
                122.95290393544425,
                14.368281706685535
              ],
              [
                122.96296337874413,
                14.367205143981913
              ],
              [
                122.94918331942922,
                14.353206481313975
              ],
              [
                122.95938056332226,
                14.344053288118177
              ],
              [
                122.94091528384028,
                14.34014981101171
              ]
            ]
          ],
          [
            [
              [
                123.77088825637729,
                12.37197693894331
              ],
              [
                123.77557347654437,
                12.29323387562002
              ],
              [
                123.7930741518743,
                12.287176737502971
              ],
              [
                123.78618412221684,
                12.251506760490448
              ],
              [
                123.8014799880564,
                12.249622374056607
              ],
              [
                123.78976693763872,
                12.217586599573814
              ],
              [
                123.72830787309422,
                12.281388740061828
              ],
              [
                123.68545188862485,
                12.341825684795188
              ],
              [
                123.68682989455634,
                12.360535648299809
              ],
              [
                123.63460346975283,
                12.421107163371124
              ],
              [
                123.61159077069694,
                12.4846400292824
              ],
              [
                123.59987772027927,
                12.478313616588611
              ],
              [
                123.57962103308634,
                12.508464870736733
              ],
              [
                123.58265264613563,
                12.530539896095178
              ],
              [
                123.5924364882492,
                12.510080116494667
              ],
              [
                123.60304713392169,
                12.522194526629598
              ],
              [
                123.61586258908456,
                12.512503052081987
              ],
              [
                123.59781071138202,
                12.552076372300144
              ],
              [
                123.62564643119815,
                12.57092090614272
              ],
              [
                123.62564643119815,
                12.570921040043554
              ],
              [
                123.65623816287724,
                12.527309538480145
              ],
              [
                123.71066939717113,
                12.50160031059197
              ],
              [
                123.69868074556717,
                12.493793222478201
              ],
              [
                123.70501957285202,
                12.489351330119089
              ],
              [
                123.72748106953533,
                12.489620470794993
              ],
              [
                123.73698931046262,
                12.46094975816602
              ],
              [
                123.73781611402151,
                12.447624081088682
              ],
              [
                123.74952916443918,
                12.41558844050672
              ],
              [
                123.75256077748847,
                12.408454471884383
              ],
              [
                123.77088825637729,
                12.37197693894331
              ]
            ]
          ],
          [
            [
              [
                124.13027220331014,
                13.111354178253688
              ],
              [
                124.20468452361065,
                13.08699092154671
              ],
              [
                124.21805118114611,
                13.050917233520327
              ],
              [
                124.10615709950905,
                13.062493094501777
              ],
              [
                124.05916709724521,
                13.082279888511689
              ],
              [
                124.13027220331014,
                13.111354178253688
              ]
            ]
          ],
          [
            [
              [
                123.91585448037014,
                13.138947792575703
              ],
              [
                123.9224689088413,
                13.153350434059163
              ],
              [
                123.90937785249214,
                13.161965078101485
              ],
              [
                123.97069911644348,
                13.155504095069745
              ],
              [
                123.97772694669409,
                13.155773235745649
              ],
              [
                123.97772694669409,
                13.155773369646482
              ],
              [
                123.98585718168988,
                13.135448160383927
              ],
              [
                124.00432246117187,
                13.162638063692082
              ],
              [
                124.03009117209075,
                13.13423662563985
              ],
              [
                124.0456626391166,
                13.154696539141195
              ],
              [
                124.10023167400364,
                13.133832914625993
              ],
              [
                124.06715953164786,
                13.126968086679561
              ],
              [
                124.07225815359438,
                13.112834719772835
              ],
              [
                124.02389014539904,
                13.091567384243774
              ],
              [
                123.99412521727884,
                13.101258858791386
              ],
              [
                123.99329841371994,
                13.113373268926315
              ],
              [
                123.95182043518206,
                13.108796672328417
              ],
              [
                123.91585448037014,
                13.138947792575703
              ]
            ]
          ],
          [
            [
              [
                123.8553600199777,
                13.228862470263248
              ],
              [
                123.8553600199777,
                13.228863005866584
              ],
              [
                123.93115034620969,
                13.202749933063718
              ],
              [
                123.88608955224994,
                13.15604251032239
              ],
              [
                123.91144486138937,
                13.114450099431604
              ],
              [
                123.88498714750475,
                13.099912753709354
              ],
              [
                123.87299849590077,
                13.09870095116361
              ],
              [
                123.87065588581724,
                13.129256050226422
              ],
              [
                123.86059644251736,
                13.13006347225414
              ],
              [
                123.8396507523587,
                13.148504161182021
              ],
              [
                123.86280125200774,
                13.190634987325453
              ],
              [
                123.84075315710389,
                13.211229337263916
              ],
              [
                123.8553600199777,
                13.228862470263248
              ]
            ]
          ],
          [
            [
              [
                123.80850781830699,
                13.26924414981496
              ],
              [
                123.82848890431362,
                13.243938632940644
              ],
              [
                123.85301740989415,
                13.244343013458671
              ],
              [
                123.83634353812312,
                13.219037496584356
              ],
              [
                123.8012043868701,
                13.239228001608128
              ],
              [
                123.76716820435749,
                13.282300374189848
              ],
              [
                123.80850781830699,
                13.26924414981496
              ]
            ]
          ],
          [
            [
              [
                123.76716764036227,
                13.282300552315558
              ],
              [
                123.76716764036227,
                13.282301087918894
              ],
              [
                123.76716820435749,
                13.282300374189848
              ],
              [
                123.76716764036227,
                13.282300552315558
              ]
            ]
          ],
          [
            [
              [
                124.38589230360171,
                13.767277053404094
              ],
              [
                124.38961291961674,
                13.745740577199125
              ],
              [
                124.3967785504605,
                13.773603466097882
              ],
              [
                124.39912116054403,
                13.750720750910052
              ],
              [
                124.4043575830837,
                13.761354485624997
              ],
              [
                124.41607063350136,
                13.740894706024488
              ],
              [
                124.4010503688481,
                13.734433722992748
              ],
              [
                124.42268506197252,
                13.721377186591313
              ],
              [
                124.40063696706866,
                13.710205170524556
              ],
              [
                124.41634623468767,
                13.709665550164406
              ],
              [
                124.411109812148,
                13.688398214635345
              ],
              [
                124.42723248154644,
                13.670765081636013
              ],
              [
                124.4197912495164,
                13.656766418968077
              ],
              [
                124.39471154156325,
                13.654074342704853
              ],
              [
                124.41152321392744,
                13.626615164819956
              ],
              [
                124.39581394630845,
                13.624326933471423
              ],
              [
                124.38603010419486,
                13.590406772554788
              ],
              [
                124.4173108388397,
                13.538853612539654
              ],
              [
                124.37927787513055,
                13.518259262601191
              ],
              [
                124.37900227394425,
                13.536430810853169
              ],
              [
                124.36687582174713,
                13.53360416425199
              ],
              [
                124.34317411972549,
                13.514355919395555
              ],
              [
                124.35199335768704,
                13.470071298340713
              ],
              [
                124.32760265269964,
                13.431843815402917
              ],
              [
                124.34634353336791,
                13.423633150176123
              ],
              [
                124.31837001295865,
                13.426728937453206
              ],
              [
                124.31575180168882,
                13.45997597887841
              ],
              [
                124.28832948365215,
                13.467648362753392
              ],
              [
                124.2960463168685,
                13.479493498311584
              ],
              [
                124.21543296987628,
                13.43978547385464
              ],
              [
                124.20895634199827,
                13.391059094341518
              ],
              [
                124.17243918481375,
                13.405730742600051
              ],
              [
                124.10918871255832,
                13.466436961910151
              ],
              [
                124.04855645157272,
                13.476263006795715
              ],
              [
                124.06467912097116,
                13.490800352517965
              ],
              [
                124.02402794599217,
                13.5371039303446
              ],
              [
                124.095959855616,
                13.57896548191129
              ],
              [
                124.13661103059499,
                13.669822955369511
              ],
              [
                124.12889419737864,
                13.75866120425427
              ],
              [
                124.14901308397842,
                13.801061438875273
              ],
              [
                124.12875639678549,
                13.851403064146332
              ],
              [
                124.12655158729511,
                13.876977721696552
              ],
              [
                124.14046944720317,
                13.889226568268601
              ],
              [
                124.1271027896677,
                13.93512643508138
              ],
              [
                124.17175018184801,
                13.925704101209677
              ],
              [
                124.20826733903252,
                13.973488354456295
              ],
              [
                124.20826733903253,
                13.973489559563793
              ],
              [
                124.27262021603316,
                13.891112293710774
              ],
              [
                124.28640027534806,
                13.81802252358984
              ],
              [
                124.31561400109567,
                13.808331182943064
              ],
              [
                124.31051537914915,
                13.768623158486122
              ],
              [
                124.32484664083667,
                13.773738036435832
              ],
              [
                124.33049646515578,
                13.806985077861036
              ],
              [
                124.35516277132946,
                13.813984476145421
              ],
              [
                124.35833218497189,
                13.780064315228786
              ],
              [
                124.38589230360171,
                13.767277053404094
              ]
            ]
          ],
          [
            [
              [
                123.8220122764356,
                13.849654453157942
              ],
              [
                123.84102875829018,
                13.844001026054753
              ],
              [
                123.83248512151494,
                13.764181266127007
              ],
              [
                123.8079566159344,
                13.818426502405366
              ],
              [
                123.8220122764356,
                13.849654453157942
              ]
            ]
          ],
          [
            [
              [
                124.3269136497339,
                13.861230314139393
              ],
              [
                124.33559508710229,
                13.844943286222088
              ],
              [
                124.33559508710229,
                13.84494328622209
              ],
              [
                124.35571397370207,
                13.820445459177158
              ],
              [
                124.32594904558185,
                13.816676552408644
              ],
              [
                124.30858617084508,
                13.855173176022344
              ],
              [
                124.32495145093823,
                13.848804949792772
              ],
              [
                124.3269136497339,
                13.861230314139393
              ]
            ],
            [
              [
                124.32291743253258,
                13.835924797265077
              ],
              [
                124.32553564380241,
                13.848577622652652
              ],
              [
                124.32495145093823,
                13.848804949792772
              ],
              [
                124.32291743253258,
                13.835924797265077
              ]
            ]
          ]
        ]
      }
    },
    {
      "type": "Feature",
      "properties": {
        "Region": "Region VI - Western Visayas",
        "Region_Code": "06",
        "Source_Geometry": "philippines.svg",
        "Classification": "17-region structure aligned with project PSA 2024 dataset",
        "SVG_Path_Count": 6
      },
      "geometry": {
        "type": "MultiPolygon",
        "coordinates": [
          [
            [
              [
                123.49625167423115,
                10.799404171627701
              ],
              [
                123.52202038515003,
                10.793077892834749
              ],
              [
                123.53442243853344,
                10.729006477769993
              ],
              [
                123.56708117910978,
                10.736275284531951
              ],
              [
                123.55757293818249,
                10.711238908333542
              ],
              [
                123.56969939037961,
                10.687548771117994
              ],
              [
                123.54296607530868,
                10.643802565315797
              ],
              [
                123.52753240887598,
                10.654570870368696
              ],
              [
                123.53207982844991,
                10.633976520430233
              ],
              [
                123.5098939329529,
                10.599787218837692
              ],
              [
                123.48977504635313,
                10.492508147124216
              ],
              [
                123.47323897517525,
                10.441089691347868
              ],
              [
                123.45973451704663,
                10.435570968483464
              ],
              [
                123.46579774314519,
                10.419687785480855
              ],
              [
                123.42390636282786,
                10.373518644091337
              ],
              [
                123.35886448286149,
                10.339598750976368
              ],
              [
                123.33681638795764,
                10.281046192676847
              ],
              [
                123.25234462435724,
                10.311466587500872
              ],
              [
                123.12983989704769,
                10.308370666322954
              ],
              [
                123.20163400607838,
                10.16784468708511
              ],
              [
                123.11481963239444,
                10.065411218744606
              ],
              [
                123.02139083023935,
                9.913982230215073
              ],
              [
                122.99190150330544,
                9.814779521192106
              ],
              [
                122.73765940894536,
                9.498730571294487
              ],
              [
                122.6487780263642,
                9.411238159690091
              ],
              [
                122.61419007748377,
                9.332495096366799
              ],
              [
                122.53853755184493,
                9.402892790224508
              ],
              [
                122.51993447176979,
                9.453503690072305
              ],
              [
                122.48135030568804,
                9.4747711595022
              ],
              [
                122.4663300410348,
                9.53345815423884
              ],
              [
                122.44414414553779,
                9.529823951709112
              ],
              [
                122.45861320781844,
                9.568589715998717
              ],
              [
                122.43160429156121,
                9.57976186596631
              ],
              [
                122.40872939309847,
                9.567916730408118
              ],
              [
                122.39908335157803,
                9.581107837147504
              ],
              [
                122.42237165182023,
                9.607355480288323
              ],
              [
                122.39742974446024,
                9.599683096413342
              ],
              [
                122.3813070750618,
                9.615566279415953
              ],
              [
                122.39935895276433,
                9.651101686090524
              ],
              [
                122.38902390827815,
                9.695655447821272
              ],
              [
                122.40156376225471,
                9.721633816385351
              ],
              [
                122.37662185489474,
                9.742362870562602
              ],
              [
                122.43270669630641,
                9.804011216139203
              ],
              [
                122.45130977638154,
                9.879793062523362
              ],
              [
                122.50711901660692,
                9.89015752266157
              ],
              [
                122.66462509457634,
                9.881408308281296
              ],
              [
                122.77941298866955,
                9.96957357157546
              ],
              [
                122.82516278559504,
                9.965939235144896
              ],
              [
                122.86829437125071,
                9.997975009627691
              ],
              [
                122.84128545499348,
                10.126386712631442
              ],
              [
                122.84211225855238,
                10.19678440648915
              ],
              [
                122.86498715701514,
                10.269201057118654
              ],
              [
                122.79622466103373,
                10.418745391412678
              ],
              [
                122.82778099686487,
                10.448089089632248
              ],
              [
                122.85478991312209,
                10.444320182863732
              ],
              [
                122.88097202582043,
                10.460337936204297
              ],
              [
                122.88290123412452,
                10.476490393783648
              ],
              [
                122.91845378715698,
                10.504487986921188
              ],
              [
                122.94367129570327,
                10.575289391792756
              ],
              [
                122.94587610519365,
                10.617824062850877
              ],
              [
                122.96310117933729,
                10.62415034164383
              ],
              [
                122.96833760187695,
                10.685529680445361
              ],
              [
                122.95069912595386,
                10.700066758365942
              ],
              [
                122.94339569451697,
                10.746370470093414
              ],
              [
                122.95786475679762,
                10.760907681914828
              ],
              [
                122.95345513781685,
                10.786751480140957
              ],
              [
                123.04040731209393,
                10.815018213954403
              ],
              [
                123.06217980581148,
                10.797250510617118
              ],
              [
                123.13025329882714,
                10.861187221443087
              ],
              [
                123.15740001567751,
                10.86374472736836
              ],
              [
                123.196673184725,
                10.894434262868293
              ],
              [
                123.196673184725,
                10.894434262868295
              ],
              [
                123.24697040122443,
                10.88878096966594
              ],
              [
                123.26819169256939,
                10.876666693431844
              ],
              [
                123.3193157126277,
                10.84072744184258
              ],
              [
                123.4102641041061,
                10.844496482511929
              ],
              [
                123.47062076390542,
                10.811114736847939
              ],
              [
                123.49404686474075,
                10.828074750355839
              ],
              [
                123.51581935845832,
                10.810037906342648
              ],
              [
                123.49625167423115,
                10.799404171627701
              ]
            ]
          ],
          [
            [
              [
                122.72884017098383,
                10.35063606280434
              ],
              [
                122.68405497821037,
                10.341213862833467
              ],
              [
                122.6874999930391,
                10.365173274625754
              ],
              [
                122.70665427548681,
                10.371768961896281
              ],
              [
                122.72884017098383,
                10.35063606280434
              ]
            ]
          ],
          [
            [
              [
                122.62810793739183,
                10.332329944214408
              ],
              [
                122.58194473868689,
                10.326542080674102
              ],
              [
                122.54336057260514,
                10.30527474514504
              ],
              [
                122.51524925160273,
                10.304333422283538
              ],
              [
                122.50918602550416,
                10.34821419842369
              ],
              [
                122.47473587721689,
                10.37769233308038
              ],
              [
                122.48327951399213,
                10.403401694869387
              ],
              [
                122.52296608481907,
                10.41295846517821
              ],
              [
                122.52296608481907,
                10.43664873629459
              ],
              [
                122.51001282906306,
                10.477164316680085
              ],
              [
                122.562652655646,
                10.537197550399588
              ],
              [
                122.56113684912137,
                10.559407012195152
              ],
              [
                122.58084233394169,
                10.554157563907488
              ],
              [
                122.60964265790986,
                10.570713866401531
              ],
              [
                122.61487908044951,
                10.612710122207009
              ],
              [
                122.66090447856132,
                10.647303268714241
              ],
              [
                122.66090447856132,
                10.647302331408405
              ],
              [
                122.71450890929631,
                10.610151678975896
              ],
              [
                122.72277694488527,
                10.586999957012996
              ],
              [
                122.72787556683178,
                10.511621955543529
              ],
              [
                122.68488178176926,
                10.427763880369694
              ],
              [
                122.68253917168573,
                10.397478189784454
              ],
              [
                122.6644872939832,
                10.368807611056317
              ],
              [
                122.64588421390806,
                10.368538470380411
              ],
              [
                122.64781342221215,
                10.34848240179376
              ],
              [
                122.62810793739183,
                10.332329944214408
              ]
            ]
          ],
          [
            [
              [
                123.1287374923025,
                11.302282946391468
              ],
              [
                123.1525769949173,
                11.279938780357117
              ],
              [
                123.14251755161742,
                11.25274887704896
              ],
              [
                123.12694608459157,
                11.248306984689847
              ],
              [
                123.13383611424902,
                11.230673851690515
              ],
              [
                123.09993716833434,
                11.217482744951129
              ],
              [
                123.10903200748218,
                11.18504339335531
              ],
              [
                123.09318493927003,
                11.116664790170226
              ],
              [
                123.12460347450804,
                11.086648240260892
              ],
              [
                123.120882858493,
                11.053670205610763
              ],
              [
                123.10407118612882,
                11.044651716653748
              ],
              [
                123.06204200521834,
                11.074937541139821
              ],
              [
                123.067278427758,
                11.057304542041322
              ],
              [
                123.03062346998034,
                11.057035401365416
              ],
              [
                123.00981558041484,
                10.983407215991837
              ],
              [
                122.97646783687276,
                10.949621759313988
              ],
              [
                122.97398742619606,
                10.959986219452198
              ],
              [
                122.95180153069906,
                10.955813601669824
              ],
              [
                122.96406578348933,
                10.93993028476638
              ],
              [
                122.95262833425795,
                10.924047101763769
              ],
              [
                122.93623006367321,
                10.922970539060145
              ],
              [
                122.94339569451697,
                10.947468366105078
              ],
              [
                122.92424141206924,
                10.956755995737995
              ],
              [
                122.90618953436672,
                10.911663818754601
              ],
              [
                122.87201498726573,
                10.922701264483408
              ],
              [
                122.85148269888651,
                10.908702467914635
              ],
              [
                122.85134489829338,
                10.882320254435864
              ],
              [
                122.83053700872786,
                10.893492270502623
              ],
              [
                122.78161779815993,
                10.878147502752658
              ],
              [
                122.75998310503552,
                10.838574182534499
              ],
              [
                122.79029923552832,
                10.787290297096105
              ],
              [
                122.77886178629694,
                10.783655960665541
              ],
              [
                122.78382260765031,
                10.748255258229758
              ],
              [
                122.75970750384923,
                10.738429213344194
              ],
              [
                122.76329031927109,
                10.71568120239515
              ],
              [
                122.72773776623863,
                10.675434628784727
              ],
              [
                122.67137732364066,
                10.689029580438804
              ],
              [
                122.6639360916106,
                10.671396581340307
              ],
              [
                122.6100560596893,
                10.666954688981193
              ],
              [
                122.58897256893749,
                10.639495511096298
              ],
              [
                122.60068561935516,
                10.621324096745154
              ],
              [
                122.58166913750058,
                10.581885346864949
              ],
              [
                122.4573730024801,
                10.582557529050545
              ],
              [
                122.27396041299866,
                10.55254097914121
              ],
              [
                122.24516008903049,
                10.53033138344481
              ],
              [
                122.20754052710079,
                10.533696445298634
              ],
              [
                122.14291204891387,
                10.480259032750492
              ],
              [
                122.09523304368427,
                10.470432853964097
              ],
              [
                122.07773236835435,
                10.422110185464833
              ],
              [
                122.0301911637179,
                10.36449988733265
              ],
              [
                122.01419524726583,
                10.371711415456845
              ],
              [
                122.01420629491261,
                10.371634257657496
              ],
              [
                122.03032896431105,
                10.364365718697204
              ],
              [
                121.96115306655021,
                10.304197914639749
              ],
              [
                121.91168265360967,
                10.344175079772599
              ],
              [
                121.91430086487951,
                10.401516237228877
              ],
              [
                121.95839705468723,
                10.447416104041656
              ],
              [
                121.97851594128699,
                10.562098285053375
              ],
              [
                121.96570048612412,
                10.610017108637946
              ],
              [
                121.92353350462051,
                10.657397516969873
              ],
              [
                121.95040462028457,
                10.702758968530008
              ],
              [
                121.98430356619926,
                10.82188304190084
              ],
              [
                122.05416846692584,
                10.922700996681742
              ],
              [
                122.03308497617404,
                11.07937943349894
              ],
              [
                122.05279046099436,
                11.113703439330267
              ],
              [
                122.05196365743546,
                11.1505846832852
              ],
              [
                122.02729735126178,
                11.188273884871183
              ],
              [
                122.05844028531347,
                11.230404711014613
              ],
              [
                122.0523770592149,
                11.354239951321297
              ],
              [
                122.07511415708451,
                11.364469841121554
              ],
              [
                122.08600040394329,
                11.387890837661196
              ],
              [
                122.07855917191324,
                11.428137277370784
              ],
              [
                122.10239867452803,
                11.531378167739005
              ],
              [
                122.10019386503764,
                11.589796021799737
              ],
              [
                122.06395230903944,
                11.62627355474081
              ],
              [
                122.0447980265917,
                11.616043798841389
              ],
              [
                121.91815928148769,
                11.65090608602453
              ],
              [
                121.88481153794561,
                11.639733936056938
              ],
              [
                121.84402256237347,
                11.645791074173983
              ],
              [
                121.88977235929897,
                11.663154932596576
              ],
              [
                121.93428195088613,
                11.704074357896765
              ],
              [
                121.98747297984168,
                11.710804615505243
              ],
              [
                122.16245404871188,
                11.641628476444312
              ],
              [
                122.16234193254789,
                11.641887329265844
              ],
              [
                121.98733517924853,
                11.711073488379476
              ],
              [
                121.93414415029298,
                11.70434336467183
              ],
              [
                121.88963455870582,
                11.663423939371643
              ],
              [
                121.84388476178032,
                11.646060080949049
              ],
              [
                121.88067752015112,
                11.698555501131521
              ],
              [
                121.88494933853875,
                11.78160588647597
              ],
              [
                121.94544379893121,
                11.798565766083039
              ],
              [
                121.95894825705982,
                11.81929482026029
              ],
              [
                121.95894825705982,
                11.81929508806196
              ],
              [
                122.08076398140362,
                11.720630660390803
              ],
              [
                122.16413334025883,
                11.709054799409353
              ],
              [
                122.1983078873598,
                11.69061411048147
              ],
              [
                122.22283639294034,
                11.696940389274424
              ],
              [
                122.23951026471138,
                11.670019760543006
              ],
              [
                122.2589401483454,
                11.678230559670634
              ],
              [
                122.31006416840371,
                11.618601304766658
              ],
              [
                122.34148270364172,
                11.620485691200498
              ],
              [
                122.36449540269761,
                11.621831796282528
              ],
              [
                122.35622736710866,
                11.595584019240874
              ],
              [
                122.38406308692478,
                11.609986526823503
              ],
              [
                122.41878883639835,
                11.552241658353369
              ],
              [
                122.49568156737556,
                11.49072788311472
              ],
              [
                122.48245271043324,
                11.480632563652419
              ],
              [
                122.41548162216277,
                11.546453660912228
              ],
              [
                122.38819710471925,
                11.535954630436066
              ],
              [
                122.42044244351614,
                11.50903400170465
              ],
              [
                122.42209605063394,
                11.477940621290026
              ],
              [
                122.44400634494464,
                11.47349859503008
              ],
              [
                122.4500695710432,
                11.493958374630589
              ],
              [
                122.46205822264717,
                11.465556936578357
              ],
              [
                122.44455754731723,
                11.464210965397161
              ],
              [
                122.45310118409247,
                11.441193813772214
              ],
              [
                122.48217710924693,
                11.440386391744495
              ],
              [
                122.49678397212074,
                11.480767535692872
              ],
              [
                122.53895095362437,
                11.464749648451475
              ],
              [
                122.56651107225419,
                11.45236609764064
              ],
              [
                122.53839975125177,
                11.44334774258446
              ],
              [
                122.57615711377463,
                11.43729047056658
              ],
              [
                122.5761545748188,
                11.4369854280431
              ],
              [
                122.59021277427583,
                11.419253760454222
              ],
              [
                122.59048837546213,
                11.404447407956901
              ],
              [
                122.62714333323979,
                11.403907787596752
              ],
              [
                122.6558058566148,
                11.422617751101374
              ],
              [
                122.63389556230409,
                11.43257836632489
              ],
              [
                122.64919142814364,
                11.459768135732212
              ],
              [
                122.65925087144353,
                11.428136473965777
              ],
              [
                122.67041271948861,
                11.4292130366694
              ],
              [
                122.68391717761722,
                11.432578098523223
              ],
              [
                122.679094156857,
                11.451018787451106
              ],
              [
                122.72305254607156,
                11.46555586537169
              ],
              [
                122.71409550751687,
                11.483054428033068
              ],
              [
                122.70568967133478,
                11.493418888171275
              ],
              [
                122.7161625164141,
                11.497053224601839
              ],
              [
                122.7161625164141,
                11.497054295808509
              ],
              [
                122.7933308485776,
                11.492881544125302
              ],
              [
                122.7944332533228,
                11.47995957806182
              ],
              [
                122.82805659805118,
                11.495169775473833
              ],
              [
                122.8309504105073,
                11.480901838229157
              ],
              [
                122.85809712735768,
                11.452769674753666
              ],
              [
                122.86581396057403,
                11.441193813772214
              ],
              [
                122.85644352023989,
                11.419926344342318
              ],
              [
                122.86746756769182,
                11.424906785854912
              ],
              [
                122.8783538145506,
                11.430156368043408
              ],
              [
                122.93126924231984,
                11.40188950032913
              ],
              [
                122.91652457885289,
                11.388832963927696
              ],
              [
                122.91018575156804,
                11.384660346145322
              ],
              [
                122.88345243649711,
                11.374430322444233
              ],
              [
                122.89130707030661,
                11.353836106406604
              ],
              [
                122.862093344559,
                11.34064499966722
              ],
              [
                122.89626789165997,
                11.310090034505238
              ],
              [
                122.90467372784207,
                11.321665895486689
              ],
              [
                122.91528437351455,
                11.338760479332542
              ],
              [
                122.91886718893643,
                11.369584719071261
              ],
              [
                122.93609226308007,
                11.36245061654809
              ],
              [
                122.94325789392381,
                11.366084952978651
              ],
              [
                122.99024789618767,
                11.369450148733309
              ],
              [
                123.09787015943711,
                11.43002166380462
              ],
              [
                123.05019115420751,
                11.336606818321963
              ],
              [
                123.05060455598696,
                11.283842257463586
              ],
              [
                123.0165809582379,
                11.267696039751138
              ],
              [
                123.0167056100723,
                11.267689398181728
              ],
              [
                123.05074235658012,
                11.283841855761079
              ],
              [
                123.05032895480066,
                11.336606416619457
              ],
              [
                123.09800796003026,
                11.430021262102116
              ],
              [
                123.14982098305431,
                11.483593378889044
              ],
              [
                123.14982098305431,
                11.48359378059155
              ],
              [
                123.16373884296237,
                11.446981677312522
              ],
              [
                123.13865913500923,
                11.393274990187642
              ],
              [
                123.1219852632382,
                11.41306165029672
              ],
              [
                123.1149574329876,
                11.401485655414435
              ],
              [
                123.09718115647136,
                11.405927681674381
              ],
              [
                123.114406230615,
                11.381968135981262
              ],
              [
                123.14141514687222,
                11.37779551819889
              ],
              [
                123.1284618911162,
                11.362854461462781
              ],
              [
                123.15326599788304,
                11.373757470754468
              ],
              [
                123.16594365245275,
                11.355720626741277
              ],
              [
                123.1287374923025,
                11.302282946391468
              ]
            ],
            [
              [
                122.15516923723362,
                11.418962913110622
              ],
              [
                122.15517630170413,
                11.418983950274146
              ],
              [
                122.14085100005626,
                11.44350484019931
              ],
              [
                122.14084504001663,
                11.443482045120748
              ],
              [
                122.15516923723362,
                11.418962913110622
              ]
            ],
            [
              [
                122.165797933324,
                11.327319701137306
              ],
              [
                122.16578694737662,
                11.327453625126163
              ],
              [
                122.13550101385708,
                11.359714026684008
              ],
              [
                122.13547081688381,
                11.359624103847747
              ],
              [
                122.165797933324,
                11.327319701137306
              ]
            ],
            [
              [
                122.19110819051127,
                11.27303546433307
              ],
              [
                122.19114225651604,
                11.273208388847802
              ],
              [
                122.16935326984441,
                11.285389418957056
              ],
              [
                122.1693697627985,
                11.285188362545616
              ],
              [
                122.19110819051127,
                11.27303546433307
              ]
            ],
            [
              [
                122.27533841893015,
                11.220174553412686
              ],
              [
                122.20051269685018,
                11.200657033979512
              ],
              [
                122.18287973059202,
                11.230298108533455
              ],
              [
                122.1828742209271,
                11.23027014067666
              ],
              [
                122.20054410837581,
                11.20056686837993
              ],
              [
                122.275200618337,
                11.22004011697557
              ],
              [
                122.30276073696682,
                11.241307586405464
              ],
              [
                122.30285411082662,
                11.241407606134134
              ],
              [
                122.27533841893015,
                11.220174553412686
              ]
            ],
            [
              [
                122.21060545490201,
                11.108835768586939
              ],
              [
                122.21057214015006,
                11.109126976633197
              ],
              [
                122.2022988289917,
                11.10378273969308
              ],
              [
                122.20230410456112,
                11.103473549530008
              ],
              [
                122.21060545490201,
                11.108835768586939
              ]
            ],
            [
              [
                122.32269620502373,
                11.115406158237706
              ],
              [
                122.32260402238029,
                11.115453255426154
              ],
              [
                122.23933659142887,
                11.03021897426401
              ],
              [
                122.23939555096958,
                11.030137869213815
              ],
              [
                122.32269620502373,
                11.115406158237706
              ]
            ],
            [
              [
                122.45366517983864,
                11.082336463970293
              ],
              [
                122.45365238646508,
                11.082340918239737
              ],
              [
                122.39149535753081,
                11.080325870459891
              ],
              [
                122.39150431895483,
                11.080321291963768
              ],
              [
                122.45366517983864,
                11.082336463970293
              ]
            ],
            [
              [
                122.56141245030767,
                11.126894546069648
              ],
              [
                122.5494237987037,
                11.091628413971819
              ],
              [
                122.49546624852498,
                11.06783016035014
              ],
              [
                122.4955437667824,
                11.06780317081498
              ],
              [
                122.54956159929685,
                11.091628012269313
              ],
              [
                122.56155025090082,
                11.126894144367144
              ],
              [
                122.57945452111055,
                11.138375484077843
              ],
              [
                122.5794643280102,
                11.138470540951934
              ],
              [
                122.56141245030767,
                11.126894546069648
              ]
            ],
            [
              [
                122.63538945455284,
                11.155541018615835
              ],
              [
                122.63527356823559,
                11.155565124797786
              ],
              [
                122.59425804241988,
                11.111198991378188
              ],
              [
                122.5943467920703,
                11.111145531702483
              ],
              [
                122.63538945455284,
                11.155541018615835
              ]
            ],
            [
              [
                122.76442750857093,
                11.116918571224048
              ],
              [
                122.76439272401629,
                11.116933930846134
              ],
              [
                122.6523422919032,
                11.1006642181213
              ],
              [
                122.65236084178608,
                11.100646501226326
              ],
              [
                122.76442750857093,
                11.116918571224048
              ]
            ],
            [
              [
                122.78299670543649,
                11.071053838987522
              ],
              [
                122.78299580409141,
                11.07103366233085
              ],
              [
                122.85286070481801,
                11.0809944114552
              ],
              [
                122.87544716234477,
                11.129693240989097
              ],
              [
                122.87532220150132,
                11.129721326571662
              ],
              [
                122.85272290422486,
                11.080994813157705
              ],
              [
                122.78299670543649,
                11.071053838987522
              ]
            ],
            [
              [
                122.97867264636314,
                11.269708890556863
              ],
              [
                122.93747026901156,
                11.246287894017222
              ],
              [
                122.94904551883607,
                11.1929849179062
              ],
              [
                122.89075586793402,
                11.16579488069721
              ],
              [
                122.8908935619953,
                11.12625215410147
              ],
              [
                122.8910314691203,
                11.126221158776545
              ],
              [
                122.89089366852716,
                11.165794478994703
              ],
              [
                122.94918331942922,
                11.192984516203692
              ],
              [
                122.9376080696047,
                11.246287492314714
              ],
              [
                122.97879928363982,
                11.269702143201183
              ],
              [
                122.97867264636314,
                11.269708890556863
              ]
            ],
            [
              [
                122.35052354481067,
                11.326491873669053
              ],
              [
                122.37042082820302,
                11.321800465824643
              ],
              [
                122.37050406479212,
                11.321947633534107
              ],
              [
                122.35057754278955,
                11.326645935296778
              ],
              [
                122.35052354481067,
                11.326491873669053
              ]
            ],
            [
              [
                122.57588151258832,
                11.420599865536254
              ],
              [
                122.57588167587991,
                11.420619484342222
              ],
              [
                122.51139083499454,
                11.366758206370918
              ],
              [
                122.39522493496986,
                11.365546403825173
              ],
              [
                122.39514934182084,
                11.36541275021546
              ],
              [
                122.5112530344014,
                11.366623903834633
              ],
              [
                122.57588151258832,
                11.420599865536254
              ]
            ]
          ],
          [
            [
              [
                121.43709741080418,
                11.724937982411966
              ],
              [
                121.41491151530718,
                11.716996323960243
              ],
              [
                121.43475480072065,
                11.749839654371588
              ],
              [
                121.51316333822248,
                11.7441862272684
              ],
              [
                121.53121521592502,
                11.727764762913978
              ],
              [
                121.51536814771288,
                11.708920229071403
              ],
              [
                121.43709741080418,
                11.724937982411966
              ]
            ]
          ],
          [
            [
              [
                121.53796744498933,
                11.831140223620153
              ],
              [
                121.55505471853982,
                11.841908394772217
              ],
              [
                121.57806741759572,
                11.817410701628122
              ],
              [
                121.58330384013539,
                11.787663158493858
              ],
              [
                121.55340111142203,
                11.773260517010398
              ],
              [
                121.54031005507287,
                11.784971216131469
              ],
              [
                121.53796744498933,
                11.831140223620153
              ]
            ]
          ],
          [
            [
              [
                121.92339570402736,
                11.880674292962658
              ],
              [
                121.92987233190536,
                11.846754132046023
              ],
              [
                121.94847541198048,
                11.836389671907815
              ],
              [
                121.94089637935728,
                11.821314044833754
              ],
              [
                121.90548162691798,
                11.869905987909757
              ],
              [
                121.92339570402736,
                11.880674292962658
              ]
            ]
          ],
          [
            [
              [
                121.38693799489792,
                11.992664263810319
              ],
              [
                121.41063969691956,
                11.92186285893875
              ],
              [
                121.42800257165635,
                11.911498532701376
              ],
              [
                121.38955620616775,
                11.864521835383306
              ],
              [
                121.35648406381196,
                11.93478482500223
              ],
              [
                121.3821149741377,
                11.950264296990982
              ],
              [
                121.34435761161485,
                11.967897296089479
              ],
              [
                121.35441705491473,
                11.99737543074617
              ],
              [
                121.35441705491473,
                11.997375430746171
              ],
              [
                121.38693799489792,
                11.992664263810319
              ]
            ]
          ],
          [
            [
              [
                123.10834300451644,
                11.026211161626701
              ],
              [
                123.14692717059819,
                11.043844160725198
              ],
              [
                123.15354159906934,
                11.03159531415315
              ],
              [
                123.11633543891908,
                10.98959892444684
              ],
              [
                123.10834300451644,
                11.026211161626701
              ]
            ]
          ],
          [
            [
              [
                123.17297148270336,
                11.08139879197323
              ],
              [
                123.1582268192364,
                11.099301199549302
              ],
              [
                123.16883746490889,
                11.109127244434864
              ],
              [
                123.16883746490889,
                11.109126976633197
              ],
              [
                123.1912989615922,
                11.108050413929575
              ],
              [
                123.17297148270336,
                11.08139879197323
              ]
            ]
          ],
          [
            [
              [
                123.16594365245275,
                11.199176760262032
              ],
              [
                123.19501957760721,
                11.179793677265979
              ],
              [
                123.15078558720636,
                11.135240049436062
              ],
              [
                123.1536793996625,
                11.190696552656831
              ],
              [
                123.16594365245275,
                11.199176760262032
              ]
            ]
          ],
          [
            [
              [
                123.26006145757358,
                11.347105982698958
              ],
              [
                123.26006145757358,
                11.347105982698956
              ],
              [
                123.27783773408983,
                11.332703341215495
              ],
              [
                123.2522068237641,
                11.30955148535176
              ],
              [
                123.24366318698885,
                11.341183414919865
              ],
              [
                123.24889960952851,
                11.352490135225407
              ],
              [
                123.26006145757358,
                11.347105982698958
              ]
            ]
          ],
          [
            [
              [
                123.21830787784941,
                11.39569779187413
              ],
              [
                123.22712711581096,
                11.382371980895956
              ],
              [
                123.2359463537725,
                11.350874755566641
              ],
              [
                123.2359463537725,
                11.35087475556664
              ],
              [
                123.2067326280249,
                11.346702137784266
              ],
              [
                123.1912989615922,
                11.36339301061626
              ],
              [
                123.19901579480855,
                11.388967668166483
              ],
              [
                123.21830787784941,
                11.39569779187413
              ]
            ]
          ],
          [
            [
              [
                123.19185016396479,
                11.398120593560614
              ],
              [
                123.15574640855972,
                11.377526377522985
              ],
              [
                123.16511684889386,
                11.409831158780854
              ],
              [
                123.1972243870976,
                11.425714341783463
              ],
              [
                123.1972243870976,
                11.425714341783461
              ],
              [
                123.19185016396479,
                11.398120593560614
              ]
            ]
          ],
          [
            [
              [
                123.3358517838056,
                11.458423101856853
              ],
              [
                123.32220952508384,
                11.469729688261564
              ],
              [
                123.33020195948649,
                11.483728484830335
              ],
              [
                123.35789987870945,
                11.479690437385914
              ],
              [
                123.3358517838056,
                11.458423101856853
              ]
            ]
          ],
          [
            [
              [
                123.34880503956161,
                11.49072788311472
              ],
              [
                123.34191500990416,
                11.516840955917587
              ],
              [
                123.35996688760669,
                11.521821263529345
              ],
              [
                123.34880503956161,
                11.49072788311472
              ]
            ]
          ]
        ]
      }
    },
    {
      "type": "Feature",
      "properties": {
        "Region": "Region VII - Central Visayas",
        "Region_Code": "07",
        "Source_Geometry": "philippines.svg",
        "Classification": "17-region structure aligned with project PSA 2024 dataset",
        "SVG_Path_Count": 4
      },
      "geometry": {
        "type": "MultiPolygon",
        "coordinates": [
          [
            [
              [
                123.62385502348721,
                9.01981134222384
              ],
              [
                123.58926707460678,
                9.012407965123927
              ],
              [
                123.56032895004547,
                9.018868948155669
              ],
              [
                123.45298228798232,
                9.10945714703715
              ],
              [
                123.47075856449857,
                9.140012112199127
              ],
              [
                123.50121249558451,
                9.129782356299707
              ],
              [
                123.56046675063862,
                9.14243504778645
              ],
              [
                123.59284989002866,
                9.166932740930545
              ],
              [
                123.60538974400522,
                9.214986268753902
              ],
              [
                123.63419006797339,
                9.209198271312761
              ],
              [
                123.6620257877895,
                9.152126388433224
              ],
              [
                123.68682989455634,
                9.138396866441193
              ],
              [
                123.65706496643614,
                9.105688240268634
              ],
              [
                123.70281476336164,
                9.061942168367269
              ],
              [
                123.68186907320298,
                9.03838646758884
              ],
              [
                123.64135569881714,
                9.043097634524694
              ],
              [
                123.62385502348721,
                9.01981134222384
              ]
            ]
          ],
          [
            [
              [
                122.61405227689063,
                9.33262993450642
              ],
              [
                122.6140523226829,
                9.332629904856251
              ],
              [
                122.61405227689063,
                9.33262980060559
              ],
              [
                122.61405227689063,
                9.33262993450642
              ]
            ]
          ],
          [
            [
              [
                123.79968858034546,
                9.462387608691365
              ],
              [
                123.75352538164051,
                9.457003456164914
              ],
              [
                123.74746215554195,
                9.48594317556896
              ],
              [
                123.71893743276009,
                9.497519170451243
              ],
              [
                123.8379971452409,
                9.553110244009964
              ],
              [
                123.8379971452409,
                9.553110244009966
              ],
              [
                123.87299849590077,
                9.535073533897608
              ],
              [
                123.87065588581724,
                9.513940634805666
              ],
              [
                123.79968858034546,
                9.462387608691365
              ]
            ]
          ],
          [
            [
              [
                123.28596796908562,
                10.085870998345117
              ],
              [
                123.28210955247745,
                10.031491191728804
              ],
              [
                123.2286429223356,
                9.908329070913553
              ],
              [
                123.18358212837585,
                9.85906414224695
              ],
              [
                123.17807010464988,
                9.828778317760879
              ],
              [
                123.15161239076525,
                9.810202924594208
              ],
              [
                123.15161239076525,
                9.760803559490489
              ],
              [
                123.13190690594493,
                9.746266481569906
              ],
              [
                123.16139623287884,
                9.616373969245341
              ],
              [
                123.15574640855972,
                9.543688044039097
              ],
              [
                123.12419007272858,
                9.565359224482851
              ],
              [
                123.10668939739865,
                9.539380722017938
              ],
              [
                123.12322546857654,
                9.510037157699204
              ],
              [
                123.15726221508436,
                9.50626838483152
              ],
              [
                123.16442784592812,
                9.487154576412207
              ],
              [
                123.15078558720636,
                9.472348223914885
              ],
              [
                123.1525769949173,
                9.489038962846047
              ],
              [
                123.13797013204349,
                9.49563451621574
              ],
              [
                123.12019385552726,
                9.45996467310405
              ],
              [
                123.15436840262824,
                9.459157251076334
              ],
              [
                123.18468453312103,
                9.391990048734494
              ],
              [
                123.22905632411505,
                9.377318266575125
              ],
              [
                123.26102606172563,
                9.294806296483321
              ],
              [
                123.29988582899368,
                9.267077977922519
              ],
              [
                123.31325248652914,
                9.234369351749958
              ],
              [
                123.28514116552672,
                9.126013449531191
              ],
              [
                123.20273641082356,
                9.0126773736015
              ],
              [
                123.1517501913584,
                8.993698269420973
              ],
              [
                123.12763508755731,
                8.964758416116094
              ],
              [
                123.11206362053146,
                8.972700074567818
              ],
              [
                123.07471965978806,
                8.985352766054557
              ],
              [
                123.0158788065134,
                8.957489877155803
              ],
              [
                122.94187988799233,
                8.993967410096877
              ],
              [
                122.87821601395744,
                9.140954506267297
              ],
              [
                122.86457375523568,
                9.243387840706967
              ],
              [
                122.79457105391594,
                9.277038727046863
              ],
              [
                122.67454673728308,
                9.293460191401286
              ],
              [
                122.6140523226829,
                9.332629904856251
              ],
              [
                122.64864022577105,
                9.411372730028043
              ],
              [
                122.73752160835221,
                9.498865007731608
              ],
              [
                122.9917637027123,
                9.81491409153006
              ],
              [
                123.0212530296462,
                9.91411693445386
              ],
              [
                123.11468183180129,
                10.065545922983393
              ],
              [
                123.20149620548523,
                10.16797912352223
              ],
              [
                123.12970209645455,
                10.30850523666091
              ],
              [
                123.2522068237641,
                10.311601157838828
              ],
              [
                123.33667858736449,
                10.281180763014802
              ],
              [
                123.33199336719741,
                10.177805168407794
              ],
              [
                123.28596796908562,
                10.085870998345117
              ]
            ]
          ],
          [
            [
              [
                123.7933497530606,
                9.79108938397656
              ],
              [
                123.76634083680338,
                9.76632228235489
              ],
              [
                123.76000200951852,
                9.794858290745076
              ],
              [
                123.77640028010326,
                9.795262671263103
              ],
              [
                123.77640028010326,
                9.795262001758934
              ],
              [
                123.7933497530606,
                9.79108938397656
              ]
            ]
          ],
          [
            [
              [
                123.80933462186589,
                9.811683733915023
              ],
              [
                123.82476828829859,
                9.816125626274136
              ],
              [
                123.86335245438033,
                9.811952874590927
              ],
              [
                123.83675693990256,
                9.790416398385961
              ],
              [
                123.80933462186589,
                9.811683733915023
              ]
            ]
          ],
          [
            [
              [
                123.93804037586715,
                10.20526448019352
              ],
              [
                123.98916439592546,
                10.233531214006966
              ],
              [
                123.98916439592546,
                10.233531080106134
              ],
              [
                124.00845647896634,
                10.212398314915024
              ],
              [
                124.04704064504809,
                10.232454249600844
              ],
              [
                123.9844791757584,
                10.15828764897462
              ],
              [
                123.96890770873254,
                10.159230310844457
              ],
              [
                123.9446548043383,
                10.143077719364275
              ],
              [
                123.93445756044527,
                10.156672804919184
              ],
              [
                123.95857266424636,
                10.174440374355635
              ],
              [
                123.95443864645189,
                10.182920448060003
              ],
              [
                123.94534380730406,
                10.183727870087722
              ],
              [
                123.93156374798914,
                10.175920915874785
              ],
              [
                123.93804037586715,
                10.20526448019352
              ]
            ]
          ],
          [
            [
              [
                124.02981557090445,
                10.675165220307155
              ],
              [
                124.00570046710335,
                10.649455858518147
              ],
              [
                124.03463859166467,
                10.477163379374245
              ],
              [
                124.01989392819772,
                10.481874546310097
              ],
              [
                124.02678395785517,
                10.448896779461634
              ],
              [
                124.03518979403727,
                10.457780430279026
              ],
              [
                124.03808360649339,
                10.44741610404165
              ],
              [
                124.03353618691948,
                10.39384385335389
              ],
              [
                123.99922383922535,
                10.310928038347392
              ],
              [
                124.02223653828125,
                10.281719044366609
              ],
              [
                123.97524653601741,
                10.243895540244338
              ],
              [
                123.9668406998353,
                10.226935526736439
              ],
              [
                123.8851249480979,
                10.188438903122737
              ],
              [
                123.86376585615979,
                10.147923188836408
              ],
              [
                123.76620303621023,
                10.125579156702893
              ],
              [
                123.75710819706238,
                10.096639303398014
              ],
              [
                123.6864164927769,
                10.028664545127624
              ],
              [
                123.68173127260982,
                9.98761041558865
              ],
              [
                123.64190690118974,
                9.98599530373155
              ],
              [
                123.61586258908456,
                9.898906737041843
              ],
              [
                123.62605983297759,
                9.853141574467852
              ],
              [
                123.60828355646136,
                9.815048795768844
              ],
              [
                123.60966156239286,
                9.77964809333306
              ],
              [
                123.57479801232613,
                9.763091790839017
              ],
              [
                123.56046675063862,
                9.722306935876784
              ],
              [
                123.53690284921012,
                9.709385103714137
              ],
              [
                123.53841865573477,
                9.664696637744601
              ],
              [
                123.5104451353255,
                9.638583564941735
              ],
              [
                123.5109963376981,
                9.604125122673288
              ],
              [
                123.46772695144928,
                9.481097438295153
              ],
              [
                123.35307685794923,
                9.335591017544717
              ],
              [
                123.30264184085667,
                9.328591619260331
              ],
              [
                123.29864562365535,
                9.411103723252971
              ],
              [
                123.34480882236029,
                9.692021245291544
              ],
              [
                123.37167993802436,
                9.723383766382073
              ],
              [
                123.37140433683807,
                9.774263940806609
              ],
              [
                123.39166102403098,
                9.77251399080989
              ],
              [
                123.40199606851716,
                9.808722383075057
              ],
              [
                123.39372803292822,
                9.839277348237037
              ],
              [
                123.36671911667099,
                9.850449498204629
              ],
              [
                123.36988853031342,
                9.891907338757461
              ],
              [
                123.38325518784889,
                9.900925693813639
              ],
              [
                123.39014521750634,
                9.871178418481046
              ],
              [
                123.40337407444865,
                9.879793062523365
              ],
              [
                123.41536272605262,
                9.95369038857285
              ],
              [
                123.4478836660358,
                9.966343080059591
              ],
              [
                123.4500884755262,
                9.983841642720972
              ],
              [
                123.51802416794871,
                10.054104632339895
              ],
              [
                123.52822141184174,
                10.095158761878867
              ],
              [
                123.58306604791508,
                10.16407564641576
              ],
              [
                123.58210144376304,
                10.228550638593541
              ],
              [
                123.66836461507437,
                10.31213957309147
              ],
              [
                123.67649485007017,
                10.353058998391658
              ],
              [
                123.71480341496562,
                10.394382268606536
              ],
              [
                123.70474397166574,
                10.440147565081364
              ],
              [
                123.74443054249267,
                10.501930480995918
              ],
              [
                123.74222573300229,
                10.528178124136737
              ],
              [
                123.8014799880564,
                10.615401261164395
              ],
              [
                123.83262292210809,
                10.628996212818473
              ],
              [
                123.8677620733611,
                10.723757029482329
              ],
              [
                123.88223113564176,
                10.768714636127768
              ],
              [
                123.93445756044527,
                10.884339077306826
              ],
              [
                123.93376855747952,
                10.901299090814726
              ],
              [
                123.9224689088413,
                10.8930882916871
              ],
              [
                123.90179881986894,
                10.924450946678462
              ],
              [
                123.93404415866583,
                10.955813601669826
              ],
              [
                123.93542216459731,
                10.997540582898562
              ],
              [
                123.9671163010216,
                10.974119586358922
              ],
              [
                123.94465480433831,
                11.075476090293304
              ],
              [
                123.99136920541585,
                11.117741620675519
              ],
              [
                124.00005064278425,
                11.159872446818948
              ],
              [
                124.06330111503968,
                11.1668717112025
              ],
              [
                124.05737568953427,
                11.148431022274615
              ],
              [
                124.07129354944233,
                11.143585418901644
              ],
              [
                124.038634808866,
                11.095397454641166
              ],
              [
                124.03656779996875,
                11.03778702260815
              ],
              [
                123.98379017279265,
                10.963485985544805
              ],
              [
                123.997983633887,
                10.961063049957486
              ],
              [
                123.9990860386322,
                10.942083945776957
              ],
              [
                124.04332002903305,
                10.94491072627897
              ],
              [
                124.0456626391166,
                10.867513634136873
              ],
              [
                124.03133137742908,
                10.820537070719638
              ],
              [
                124.05585988300963,
                10.773829514077477
              ],
              [
                124.03312278514002,
                10.731564117596095
              ],
              [
                124.02981557090445,
                10.675165220307155
              ]
            ]
          ],
          [
            [
              [
                123.80919682127275,
                11.055016310692793
              ],
              [
                123.80837001771386,
                11.040479098871375
              ],
              [
                123.72169344462307,
                11.026749576879343
              ],
              [
                123.732717492075,
                11.053401064934857
              ],
              [
                123.7175594268286,
                11.053940685295006
              ],
              [
                123.68848350167414,
                11.116262016462205
              ],
              [
                123.73092608436406,
                11.188275089978683
              ],
              [
                123.73092608436406,
                11.18827388487118
              ],
              [
                123.75118277155697,
                11.171986856953875
              ],
              [
                123.76895904807321,
                11.097954826665605
              ],
              [
                123.80919682127275,
                11.055016310692793
              ]
            ]
          ],
          [
            [
              [
                124.54642999462041,
                9.893118873501535
              ],
              [
                124.55552483376825,
                9.83402776604854
              ],
              [
                124.53816195903147,
                9.827163072002941
              ],
              [
                124.57743512807896,
                9.816663907625946
              ],
              [
                124.56021005393532,
                9.777763572998387
              ],
              [
                124.51459805760297,
                9.755284836626084
              ],
              [
                124.59755401467872,
                9.711538764724718
              ],
              [
                124.59135298798701,
                9.660523886061394
              ],
              [
                124.5716475031667,
                9.639660395447025
              ],
              [
                124.52079908429468,
                9.629430505646772
              ],
              [
                124.49806198642507,
                9.668869389427808
              ],
              [
                124.48538433185536,
                9.667657586882065
              ],
              [
                124.44804037111196,
                9.62902639293041
              ],
              [
                124.40904280325076,
                9.617585236187745
              ],
              [
                124.39994796410292,
                9.561186338898805
              ],
              [
                124.25856455553195,
                9.507479383972258
              ],
              [
                124.18732164887386,
                9.519055378854542
              ],
              [
                124.05902929665206,
                9.498326458578127
              ],
              [
                123.8542576152325,
                9.545303021995363
              ],
              [
                123.84488717489836,
                9.575857987157342
              ],
              [
                123.87065588581724,
                9.62498834548599
              ],
              [
                123.86335245438033,
                9.631583898855682
              ],
              [
                123.83923735057924,
                9.648947757278277
              ],
              [
                123.78769992874149,
                9.646659525929744
              ],
              [
                123.78521951806479,
                9.699693361364861
              ],
              [
                123.80657861000292,
                9.739132111245066
              ],
              [
                123.78797552992778,
                9.75299620357505
              ],
              [
                123.78935353585928,
                9.768610245901757
              ],
              [
                123.8166380533028,
                9.760399446774127
              ],
              [
                123.81098822898367,
                9.746804495120049
              ],
              [
                123.83661913930942,
                9.766591289129963
              ],
              [
                123.84075315710389,
                9.788800750925525
              ],
              [
                123.87286069530762,
                9.800780456821668
              ],
              [
                123.86721087098852,
                9.816125358472469
              ],
              [
                123.88140433208287,
                9.833219942318323
              ],
              [
                123.89242837953479,
                9.816663639824279
              ],
              [
                123.9611908755162,
                9.860813690541171
              ],
              [
                124.02692175844831,
                9.871581995594072
              ],
              [
                124.04414683259195,
                9.892445486208441
              ],
              [
                124.06288771326022,
                9.970784838517872
              ],
              [
                124.09954267103788,
                9.969169458859104
              ],
              [
                124.15328490236604,
                10.05518119504352
              ],
              [
                124.27909684391116,
                10.056661736562669
              ],
              [
                124.29218790026033,
                10.074698714476693
              ],
              [
                124.29218790026033,
                10.074698982278358
              ],
              [
                124.3412449114214,
                10.041048095938462
              ],
              [
                124.3423473161666,
                10.016684705330649
              ],
              [
                124.37004523538957,
                10.055585173859043
              ],
              [
                124.39305793444547,
                10.032164177319403
              ],
              [
                124.39512494334271,
                10.008204765527115
              ],
              [
                124.41703523765341,
                10.004301288420649
              ],
              [
                124.48138811465404,
                9.959209245338087
              ],
              [
                124.50591662023457,
                9.978726630870426
              ],
              [
                124.54822140233135,
                9.943325928434641
              ],
              [
                124.56282826520516,
                9.89863759636594
              ],
              [
                124.54642999462041,
                9.893118873501535
              ]
            ]
          ],
          [
            [
              [
                124.57619492274061,
                10.01358838245023
              ],
              [
                124.58143134528028,
                10.041047560335127
              ],
              [
                124.59314439569796,
                10.048046824718677
              ],
              [
                124.61836147294692,
                10.054103993138488
              ],
              [
                124.59038838383498,
                10.012646657886227
              ],
              [
                124.60389284196359,
                10.015338868050286
              ],
              [
                124.60540864848822,
                9.989898646937185
              ],
              [
                124.56117465808737,
                9.993667687606532
              ],
              [
                124.55345782487102,
                9.957863140256057
              ],
              [
                124.53609495013423,
                9.957727900413936
              ],
              [
                124.52824031632473,
                9.983706402878848
              ],
              [
                124.54064236970815,
                10.004300752817311
              ],
              [
                124.52631110802065,
                9.999724290120248
              ],
              [
                124.52603550683435,
                10.020183935819922
              ],
              [
                124.55318222368471,
                10.015607473122857
              ],
              [
                124.556213836734,
                10.03472114764134
              ],
              [
                124.57619492274061,
                10.01358838245023
              ]
            ]
          ],
          [
            [
              [
                124.61836190424424,
                10.054104632339895
              ],
              [
                124.61836190424424,
                10.054104096736559
              ],
              [
                124.61836147294692,
                10.054103993138488
              ],
              [
                124.61836190424424,
                10.054104632339895
              ]
            ]
          ],
          [
            [
              [
                124.19352267556557,
                10.072814461943684
              ],
              [
                124.17905361328492,
                10.055719744196997
              ],
              [
                124.16031273261665,
                10.065142211969537
              ],
              [
                124.18566804175607,
                10.07900630429952
              ],
              [
                124.18566804175607,
                10.079006304299519
              ],
              [
                124.19352267556557,
                10.072814461943684
              ]
            ]
          ],
          [
            [
              [
                124.26104496620863,
                10.107676749126822
              ],
              [
                124.23637866003494,
                10.07914087463747
              ],
              [
                124.20716493428733,
                10.07914087463747
              ],
              [
                124.19848349691894,
                10.088159229693648
              ],
              [
                124.26104496620863,
                10.107676749126822
              ]
            ]
          ],
          [
            [
              [
                124.17161238125487,
                10.112657190639414
              ],
              [
                124.18635704472182,
                10.097581563565353
              ],
              [
                124.15190689643455,
                10.091524291547472
              ],
              [
                124.17161238125487,
                10.112657190639414
              ]
            ]
          ],
          [
            [
              [
                124.04332002903305,
                10.142539170210794
              ],
              [
                124.03491419285096,
                10.15451887610694
              ],
              [
                124.07377396011901,
                10.187631213293356
              ],
              [
                124.05613548419592,
                10.138500988865541
              ],
              [
                124.04332002903305,
                10.142539170210794
              ]
            ]
          ],
          [
            [
              [
                124.38534110122912,
                10.544195609675635
              ],
              [
                124.41359022282468,
                10.600325366288669
              ],
              [
                124.43991013611615,
                10.612035931508904
              ],
              [
                124.43991013611615,
                10.612036199310571
              ],
              [
                124.51032623921535,
                10.574616406202162
              ],
              [
                124.51542486116186,
                10.550656860509042
              ],
              [
                124.44363075213118,
                10.522659401272334
              ],
              [
                124.40256617537275,
                10.523735963975959
              ],
              [
                124.38547890182227,
                10.539350006302664
              ],
              [
                124.38217168758669,
                10.51902493094094
              ],
              [
                124.3128579892327,
                10.482143553085175
              ],
              [
                124.27634083204818,
                10.486316170867546
              ],
              [
                124.30514115601635,
                10.539753851217357
              ],
              [
                124.31685420643402,
                10.603690428142492
              ],
              [
                124.37541945852239,
                10.584846028200749
              ],
              [
                124.38534110122912,
                10.544195609675635
              ]
            ]
          ],
          [
            [
              [
                124.49943999235657,
                10.652282505119326
              ],
              [
                124.53333893827124,
                10.692125233815057
              ],
              [
                124.56585987825443,
                10.707200860889118
              ],
              [
                124.5478080005519,
                10.652551779696067
              ],
              [
                124.50274720659215,
                10.622939074701424
              ],
              [
                124.49943999235657,
                10.652282505119326
              ]
            ]
          ]
        ]
      }
    },
    {
      "type": "Feature",
      "properties": {
        "Region": "Region VIII - Eastern Visayas",
        "Region_Code": "08",
        "Source_Geometry": "philippines.svg",
        "Classification": "17-region structure aligned with project PSA 2024 dataset",
        "SVG_Path_Count": 6
      },
      "geometry": {
        "type": "MultiPolygon",
        "coordinates": [
          [
            [
              [
                124.48125031406089,
                11.348855798794846
              ],
              [
                124.44349295153803,
                11.373622766515682
              ],
              [
                124.42337406493827,
                11.426118186698154
              ],
              [
                124.40738919613297,
                11.421676294339042
              ],
              [
                124.39250673207287,
                11.44469344596399
              ],
              [
                124.39664074986734,
                11.479959578061822
              ],
              [
                124.35736758081984,
                11.528282246561087
              ],
              [
                124.36136379802117,
                11.542281043129856
              ],
              [
                124.34620573277476,
                11.554799164278645
              ],
              [
                124.37500605674293,
                11.578085590480331
              ],
              [
                124.42737028213959,
                11.590738281967074
              ],
              [
                124.46747025474598,
                11.589392310785877
              ],
              [
                124.53774855725202,
                11.559510197313662
              ],
              [
                124.58391175595696,
                11.453981075596909
              ],
              [
                124.61849970483739,
                11.428944833299333
              ],
              [
                124.60678665441972,
                11.374430322444233
              ],
              [
                124.5786753334173,
                11.358547273342456
              ],
              [
                124.51308225107833,
                11.3551820775878
              ],
              [
                124.50508981667568,
                11.365277397050104
              ],
              [
                124.48125031406089,
                11.348855798794846
              ]
            ]
          ],
          [
            [
              [
                124.32346863490517,
                11.696671248598518
              ],
              [
                124.32346863490517,
                11.69667124859852
              ],
              [
                124.35102875353499,
                11.685902943545619
              ],
              [
                124.34868614345146,
                11.656559379226882
              ],
              [
                124.32553564380241,
                11.642964427572805
              ],
              [
                124.29301470381922,
                11.671634872400107
              ],
              [
                124.32346863490517,
                11.696671248598518
              ]
            ]
          ],
          [
            [
              [
                124.42337406493827,
                11.802873355905872
              ],
              [
                124.44969397822975,
                11.810141894866163
              ],
              [
                124.46691905237338,
                11.770703144985957
              ],
              [
                124.45065858238179,
                11.761819360267733
              ],
              [
                124.41744863943286,
                11.773260517010398
              ],
              [
                124.42337406493827,
                11.802873355905872
              ]
            ]
          ],
          [
            [
              [
                124.33986690548991,
                11.82064119314399
              ],
              [
                124.31216898626694,
                11.784298096640034
              ],
              [
                124.28019924865636,
                11.780125344956826
              ],
              [
                124.2811638528084,
                11.811218725371452
              ],
              [
                124.33325247701876,
                11.842043099011002
              ],
              [
                124.33325247701876,
                11.842043099011004
              ],
              [
                124.33986690548991,
                11.82064119314399
              ]
            ]
          ],
          [
            [
              [
                124.43742972543947,
                11.859272253194812
              ],
              [
                124.42737028213959,
                11.837601072751058
              ],
              [
                124.40421978249054,
                11.848100103227218
              ],
              [
                124.4038063807111,
                11.867483052322438
              ],
              [
                124.42406306790402,
                11.871521233667693
              ],
              [
                124.42406306790402,
                11.871521233667695
              ],
              [
                124.43742972543947,
                11.859272253194812
              ]
            ]
          ],
          [
            [
              [
                124.16926977117133,
                11.957801441023847
              ],
              [
                124.22521681198987,
                11.963050889311509
              ],
              [
                124.22521681198987,
                11.963051558815678
              ],
              [
                124.23830786833904,
                11.962916318973557
              ],
              [
                124.23872127011848,
                11.939226047857176
              ],
              [
                124.21639757402832,
                11.948109966476235
              ],
              [
                124.17712440498083,
                11.91203614454902
              ],
              [
                124.14653267330173,
                11.92711177162308
              ],
              [
                124.16926977117133,
                11.957801441023847
              ]
            ]
          ],
          [
            [
              [
                124.08521140935038,
                12.160918829410631
              ],
              [
                124.10064507578308,
                12.169802614128857
              ],
              [
                124.10064507578308,
                12.169802614128859
              ],
              [
                124.11497633747058,
                12.154592416716845
              ],
              [
                124.09968047163103,
                12.136151727788961
              ],
              [
                124.08521140935038,
                12.160918829410631
              ]
            ]
          ],
          [
            [
              [
                124.35778113534884,
                12.162399372660948
              ],
              [
                124.3577809825993,
                12.162399370929782
              ],
              [
                124.35778098259931,
                12.162399772632291
              ],
              [
                124.35778113534884,
                12.162399372660948
              ]
            ]
          ],
          [
            [
              [
                124.250296519943,
                12.283273394297336
              ],
              [
                124.24657590392798,
                12.338191616166291
              ],
              [
                124.2808882516221,
                12.292830164606158
              ],
              [
                124.27799443916597,
                12.241546279167764
              ],
              [
                124.250296519943,
                12.283273394297336
              ]
            ]
          ],
          [
            [
              [
                124.19366047615873,
                12.291214918848224
              ],
              [
                124.18332543167254,
                12.259986968095646
              ],
              [
                124.14005604542372,
                12.310328727267537
              ],
              [
                124.14377666143875,
                12.358112846613324
              ],
              [
                124.19366047615873,
                12.291214918848224
              ]
            ]
          ],
          [
            [
              [
                124.43343350823815,
                12.441028661619821
              ],
              [
                124.45727301085294,
                12.433087003168097
              ],
              [
                124.44349295153803,
                12.421511142186647
              ],
              [
                124.41441702638357,
                12.434298537912174
              ],
              [
                124.42874828807108,
                12.457854104789767
              ],
              [
                124.42874828807108,
                12.457854104789769
              ],
              [
                124.43343350823815,
                12.441028661619821
              ]
            ]
          ],
          [
            [
              [
                124.35447376836372,
                12.465795763241491
              ],
              [
                124.36384420869786,
                12.46754557933738
              ],
              [
                124.38589230360171,
                12.46216142681093
              ],
              [
                124.38313629173872,
                12.44533598364098
              ],
              [
                124.36301740513896,
                12.441163365858609
              ],
              [
                124.35447376836372,
                12.465795763241491
              ]
            ]
          ],
          [
            [
              [
                124.35984799149654,
                12.50604220295108
              ],
              [
                124.39443594037695,
                12.481140530991457
              ],
              [
                124.39719195223994,
                12.457315689537127
              ],
              [
                124.36411980988416,
                12.472256746273233
              ],
              [
                124.37100983954161,
                12.489216759781133
              ],
              [
                124.35984799149654,
                12.50604220295108
              ]
            ]
          ],
          [
            [
              [
                124.36618681878139,
                12.532962965583334
              ],
              [
                124.36163939920746,
                12.57172872987294
              ],
              [
                124.36163939920748,
                12.571728729872937
              ],
              [
                124.38975072020989,
                12.560691150243299
              ],
              [
                124.39388473800436,
                12.517079648679887
              ],
              [
                124.36618681878139,
                12.532962965583334
              ]
            ]
          ],
          [
            [
              [
                125.26946970687372,
                10.198399518346255
              ],
              [
                125.25568964755881,
                10.15923004304279
              ],
              [
                125.22165290105099,
                10.147384773583767
              ],
              [
                125.13346052143557,
                10.176190056550693
              ],
              [
                125.14103955405876,
                10.07416043312488
              ],
              [
                125.13042890838628,
                10.063526832310766
              ],
              [
                125.16515465785986,
                10.03526009849732
              ],
              [
                125.21407386842779,
                10.029741375632918
              ],
              [
                125.24576800485208,
                9.944537329277887
              ],
              [
                125.28187176025715,
                9.89769520229777
              ],
              [
                125.27291472170245,
                9.874139635420176
              ],
              [
                125.29882123321448,
                9.839142777899085
              ],
              [
                125.29275800711592,
                9.820029103380604
              ],
              [
                125.2573432546766,
                9.818548561861453
              ],
              [
                125.24962642146025,
                9.852468454976423
              ],
              [
                125.22427111232082,
                9.866601821883146
              ],
              [
                125.18678935098427,
                9.940902992847324
              ],
              [
                125.13635433389169,
                9.964727834301657
              ],
              [
                125.11775125381656,
                10.014800318896809
              ],
              [
                125.12353887872882,
                10.078602459384824
              ],
              [
                125.08467911146079,
                10.117772068589122
              ],
              [
                125.02611385937242,
                10.266643551193383
              ],
              [
                125.00943998760137,
                10.278488686751574
              ],
              [
                124.97002901796074,
                10.271354718129235
              ],
              [
                124.98835649684956,
                10.15438417186815
              ],
              [
                124.97884825592227,
                10.11359945080675
              ],
              [
                125.02528705581352,
                9.990033351175972
              ],
              [
                125.02942107360799,
                9.908194366674765
              ],
              [
                124.93778367916384,
                9.98357236814423
              ],
              [
                124.90636514392585,
                9.99178316727186
              ],
              [
                124.8907936769,
                10.02301125192527
              ],
              [
                124.77862399407664,
                10.03499082392058
              ],
              [
                124.75795390510427,
                10.059758059443084
              ],
              [
                124.7605721163741,
                10.0928703966295
              ],
              [
                124.77641918458625,
                10.086140272921854
              ],
              [
                124.84848889480322,
                10.1535766159396
              ],
              [
                124.90099092079303,
                10.164614195569241
              ],
              [
                124.89423869172873,
                10.302178823967122
              ],
              [
                124.94095309280627,
                10.420495341409403
              ],
              [
                125.05408737978168,
                10.420090960891375
              ],
              [
                125.1506855955792,
                10.51754398771929
              ],
              [
                125.1506855955792,
                10.517544523322625
              ],
              [
                125.19326597886227,
                10.473125331929827
              ],
              [
                125.16598146141875,
                10.430590526970873
              ],
              [
                125.19299037767597,
                10.371095976305682
              ],
              [
                125.18058832429256,
                10.327080495926745
              ],
              [
                125.21600307673188,
                10.28373813503924
              ],
              [
                125.241082784685,
                10.29302589857299
              ],
              [
                125.25968586476014,
                10.270008613047208
              ],
              [
                125.26946970687372,
                10.198399518346255
              ]
            ]
          ],
          [
            [
              [
                125.65944538548567,
                10.678530282160985
              ],
              [
                125.69637594444963,
                10.716892335436732
              ],
              [
                125.69637594444963,
                10.71689233543673
              ],
              [
                125.7291724856191,
                10.691048537210603
              ],
              [
                125.71222301266177,
                10.65726294663192
              ],
              [
                125.71938864350552,
                10.640302799223186
              ],
              [
                125.81323084744005,
                10.624688890797316
              ],
              [
                125.82191228480845,
                10.611228509481188
              ],
              [
                125.81075043676337,
                10.589826603614174
              ],
              [
                125.7535631906065,
                10.583230916343648
              ],
              [
                125.72572747079039,
                10.612036199310573
              ],
              [
                125.69982095927836,
                10.617824062850882
              ],
              [
                125.70285257232763,
                10.629669198409074
              ],
              [
                125.67115843590334,
                10.638687687366085
              ],
              [
                125.65944538548567,
                10.678530282160985
              ]
            ]
          ],
          [
            [
              [
                125.95847267261921,
                10.669511793203968
              ],
              [
                125.96839431532594,
                10.640168362786067
              ],
              [
                125.93697578008795,
                10.666281301688098
              ],
              [
                125.95847267261921,
                10.669511793203968
              ]
            ]
          ],
          [
            [
              [
                124.65033164185483,
                11.181947338276562
              ],
              [
                124.71123950402674,
                11.195407719592689
              ],
              [
                124.80246349669143,
                11.262574921934528
              ],
              [
                124.81624355600634,
                11.31910838956142
              ],
              [
                124.86364696004964,
                11.312781976867631
              ],
              [
                124.87976962944808,
                11.296629519288281
              ],
              [
                124.90402253384232,
                11.309551485351761
              ],
              [
                124.9151843818874,
                11.29555268878299
              ],
              [
                124.94288230111036,
                11.314801201441092
              ],
              [
                124.95693796161157,
                11.281284885439147
              ],
              [
                124.98036406244691,
                11.286265193050905
              ],
              [
                124.96934001499498,
                11.266612969378947
              ],
              [
                124.97981286007432,
                11.256786924493385
              ],
              [
                124.96327678889642,
                11.239961615224269
              ],
              [
                124.96355239008273,
                11.168487090861271
              ],
              [
                124.97829705354968,
                11.14183560280576
              ],
              [
                125.00916438641508,
                11.139951082471084
              ],
              [
                125.0064083745521,
                11.108588427479722
              ],
              [
                125.02060183564645,
                11.09728184107501
              ],
              [
                125.00833758285619,
                11.044517280216633
              ],
              [
                125.04058292165307,
                10.955813601669828
              ],
              [
                125.0356221002997,
                10.82511353341671
              ],
              [
                125.00365236268911,
                10.735871305716426
              ],
              [
                125.02721626411761,
                10.631015169590269
              ],
              [
                125.04278773114345,
                10.611497784057931
              ],
              [
                125.11678664966452,
                10.590499589204777
              ],
              [
                125.10617600399203,
                10.56842456384633
              ],
              [
                125.1504099943929,
                10.51794836823732
              ],
              [
                125.05394957918853,
                10.420764615986148
              ],
              [
                124.94081529221313,
                10.421168996504175
              ],
              [
                124.89410089113558,
                10.302852612962726
              ],
              [
                124.90085312019988,
                10.165287716763178
              ],
              [
                124.84835109421009,
                10.154250271034371
              ],
              [
                124.77628138399311,
                10.086813928016625
              ],
              [
                124.76043431578096,
                10.09354405172427
              ],
              [
                124.7914394492395,
                10.217513996269743
              ],
              [
                124.76649754187952,
                10.256683471573208
              ],
              [
                124.73356320011689,
                10.275258864739875
              ],
              [
                124.72116114673346,
                10.38186481696192
              ],
              [
                124.76718654484526,
                10.433687251553796
              ],
              [
                124.77173396441918,
                10.517006777574151
              ],
              [
                124.80466830618182,
                10.55509955627316
              ],
              [
                124.78372261602316,
                10.669781737284879
              ],
              [
                124.7080700903843,
                10.77275335307636
              ],
              [
                124.68491959073526,
                10.83009451053264
              ],
              [
                124.6547412608356,
                10.843151046934072
              ],
              [
                124.59631380934039,
                10.90426097725803
              ],
              [
                124.57192310435299,
                10.900222929813609
              ],
              [
                124.5394021643698,
                10.868591134146339
              ],
              [
                124.55207981893952,
                10.821345296152366
              ],
              [
                124.51762967065225,
                10.759966091251668
              ],
              [
                124.47835650160475,
                10.758081704817828
              ],
              [
                124.45038298119549,
                10.789444359809192
              ],
              [
                124.43384691001759,
                10.781098856442776
              ],
              [
                124.43908333255726,
                10.810307716522727
              ],
              [
                124.42075585366844,
                10.83951671050351
              ],
              [
                124.41634623468767,
                10.804923563996276
              ],
              [
                124.37652186326757,
                10.81501888345858
              ],
              [
                124.41042080918226,
                10.873571441758099
              ],
              [
                124.40587338960833,
                10.92364392635325
              ],
              [
                124.37032083657587,
                10.954602736429921
              ],
              [
                124.4024283747796,
                11.000367899003912
              ],
              [
                124.38492769944966,
                11.092032928390681
              ],
              [
                124.3867191071606,
                11.115184650353585
              ],
              [
                124.38878611605784,
                11.131606382509675
              ],
              [
                124.37721086623331,
                11.162296051910438
              ],
              [
                124.36825382767863,
                11.17683312983102
              ],
              [
                124.3726634466594,
                11.192850883171584
              ],
              [
                124.34317411972549,
                11.202542357719194
              ],
              [
                124.3426229173529,
                11.249788329614
              ],
              [
                124.36219060158007,
                11.253153391467825
              ],
              [
                124.33256347405302,
                11.265132963463135
              ],
              [
                124.32677584914074,
                11.282766096462467
              ],
              [
                124.35006414938294,
                11.293130690501508
              ],
              [
                124.31809441177236,
                11.301476059967088
              ],
              [
                124.2906720937357,
                11.37954613769978
              ],
              [
                124.28998309076994,
                11.424099765529697
              ],
              [
                124.31602740287512,
                11.448866867151366
              ],
              [
                124.31602740287512,
                11.448866197647197
              ],
              [
                124.43839432959152,
                11.32893443444698
              ],
              [
                124.47077746898155,
                11.276842993080034
              ],
              [
                124.48138811465404,
                11.294206851502627
              ],
              [
                124.46374963873095,
                11.332568770877543
              ],
              [
                124.4795967069431,
                11.341721830172508
              ],
              [
                124.53788635784517,
                11.31170514636234
              ],
              [
                124.55263102131212,
                11.227174219498743
              ],
              [
                124.5857031636679,
                11.192984917906202
              ],
              [
                124.6087158627238,
                11.20011888652854
              ],
              [
                124.65033164185483,
                11.181947338276562
              ]
            ]
          ],
          [
            [
              [
                125.76858345525974,
                10.923374116173175
              ],
              [
                125.83955076073154,
                10.831574516448452
              ],
              [
                125.82604630260292,
                10.830093841028468
              ],
              [
                125.76555184221047,
                10.903587322163261
              ],
              [
                125.76858345525974,
                10.923374116173175
              ]
            ]
          ],
          [
            [
              [
                125.65365776057341,
                10.871147970567442
              ],
              [
                125.64111790659683,
                10.8646869875357
              ],
              [
                125.61865640991354,
                10.878281805288946
              ],
              [
                125.62017221643818,
                10.894434262868298
              ],
              [
                125.6469055315091,
                10.89672249421683
              ],
              [
                125.6469055315091,
                10.896722494216828
              ],
              [
                125.65365776057341,
                10.871147970567442
              ]
            ]
          ],
          [
            [
              [
                124.8245115915953,
                11.414946170631396
              ],
              [
                124.7925418539847,
                11.433656000235185
              ],
              [
                124.8068731156722,
                11.45115442899573
              ],
              [
                124.76704874425212,
                11.459230657785405
              ],
              [
                124.7625013246782,
                11.492881544125302
              ],
              [
                124.78358481543,
                11.48036328907568
              ],
              [
                124.78978584212172,
                11.49167014328206
              ],
              [
                124.74996147070163,
                11.534070244002228
              ],
              [
                124.73742161672506,
                11.524647910130522
              ],
              [
                124.7316339918128,
                11.55897191596185
              ],
              [
                124.72129894732662,
                11.551703243100727
              ],
              [
                124.72543296512109,
                11.578893146408884
              ],
              [
                124.71771613190474,
                11.589257740447925
              ],
              [
                124.73108278944021,
                11.598006954828199
              ],
              [
                124.7173027301253,
                11.609852090386388
              ],
              [
                124.73328759893059,
                11.610121231062296
              ],
              [
                124.73328759893059,
                11.610121097161459
              ],
              [
                124.74059103036748,
                11.585623404017362
              ],
              [
                124.75822950629058,
                11.579296991323574
              ],
              [
                124.75643809857964,
                11.561798562563029
              ],
              [
                124.78344701483685,
                11.575393380316273
              ],
              [
                124.7689779525562,
                11.5535877634354
              ],
              [
                124.80852672278999,
                11.530032062656973
              ],
              [
                124.78909683915597,
                11.504188130530013
              ],
              [
                124.79695147296547,
                11.485478434827058
              ],
              [
                124.80742431804481,
                11.494227649207332
              ],
              [
                124.85138270725936,
                11.485478434827058
              ],
              [
                124.83250402599793,
                11.46367255014452
              ],
              [
                124.84035865980744,
                11.431906050238462
              ],
              [
                124.8245115915953,
                11.414946170631396
              ]
            ]
          ],
          [
            [
              [
                124.83319302896368,
                11.57768174556564
              ],
              [
                124.86089094818665,
                11.576066499807705
              ],
              [
                124.87067479030024,
                11.558837211723064
              ],
              [
                124.8910692780863,
                11.564625075263374
              ],
              [
                124.89589229884652,
                11.549415011752194
              ],
              [
                124.87315520097692,
                11.533800969425487
              ],
              [
                124.88238784071791,
                11.50876472712791
              ],
              [
                124.8366380437924,
                11.516437111002894
              ],
              [
                124.84022085921428,
                11.553453193097447
              ],
              [
                124.82147997854601,
                11.56866339050946
              ],
              [
                124.8231335856638,
                11.593295787892345
              ],
              [
                124.83319302896368,
                11.577681745565638
              ],
              [
                124.83319302896368,
                11.57768174556564
              ]
            ]
          ],
          [
            [
              [
                124.76608414010008,
                11.582392912501492
              ],
              [
                124.74789446180439,
                11.595314744664138
              ],
              [
                124.75285528315776,
                11.623177633562893
              ],
              [
                124.78027760119443,
                11.609448111570863
              ],
              [
                124.76608414010008,
                11.582392912501492
              ]
            ]
          ],
          [
            [
              [
                125.40671909765022,
                12.148804419275704
              ],
              [
                125.41360912730768,
                12.164822172616269
              ],
              [
                125.439791240006,
                12.153246311634819
              ],
              [
                125.46569775151804,
                12.123768176978128
              ],
              [
                125.45687851355649,
                12.107750423637565
              ],
              [
                125.4793400102398,
                12.111115485491387
              ],
              [
                125.48126921854389,
                12.092405521986766
              ],
              [
                125.49628948319713,
                12.082714047439156
              ],
              [
                125.49573828082454,
                12.097385963499358
              ],
              [
                125.51682177157636,
                12.07167660171035
              ],
              [
                125.51213655140928,
                12.05121682210984
              ],
              [
                125.49987229861901,
                12.06306195766803
              ],
              [
                125.49835649209437,
                12.05013999160455
              ],
              [
                125.45646511177705,
                12.045159683992791
              ],
              [
                125.47534379303848,
                12.032237851830146
              ],
              [
                125.46817816219472,
                12.018104484923422
              ],
              [
                125.44571666551141,
                12.016758379841392
              ],
              [
                125.44626786788402,
                11.984184324006787
              ],
              [
                125.48264722447537,
                11.98647255535532
              ],
              [
                125.49132866184377,
                11.975435109626513
              ],
              [
                125.47052077227826,
                11.9709932172674
              ],
              [
                125.49973449802586,
                11.942053363962524
              ],
              [
                125.51778637572839,
                11.941513743602375
              ],
              [
                125.4574297159291,
                11.874481111598488
              ],
              [
                125.42794038899518,
                11.83786900831946
              ],
              [
                125.42187716289662,
                11.776758944094668
              ],
              [
                125.44516546313882,
                11.752665095865263
              ],
              [
                125.43827543348137,
                11.707169073967176
              ],
              [
                125.46487094795914,
                11.700304246020742
              ],
              [
                125.47575719481792,
                11.675267869822333
              ],
              [
                125.46376854321394,
                11.655481209713253
              ],
              [
                125.44185824890324,
                11.664499698670268
              ],
              [
                125.41484933264601,
                11.641616983482438
              ],
              [
                125.43400361509374,
                11.642156603842587
              ],
              [
                125.42821599018149,
                11.632195854718237
              ],
              [
                125.44213385008953,
                11.623042795423272
              ],
              [
                125.46376854321394,
                11.642022033504634
              ],
              [
                125.48457643277946,
                11.578623604030474
              ],
              [
                125.4728633823618,
                11.568932129482866
              ],
              [
                125.49408467370675,
                11.557221698163461
              ],
              [
                125.48306062625483,
                11.546049682096703
              ],
              [
                125.45398470110037,
                11.552779805804349
              ],
              [
                125.44819707618811,
                11.539588699064964
              ],
              [
                125.46487094795914,
                11.527743563506773
              ],
              [
                125.43992904059915,
                11.497996154273345
              ],
              [
                125.4498506833059,
                11.47470986197249
              ],
              [
                125.47520599244532,
                11.47659424840633
              ],
              [
                125.4709341740577,
                11.43069438159355
              ],
              [
                125.51709737276265,
                11.379679770731896
              ],
              [
                125.52012898581194,
                11.359354561469338
              ],
              [
                125.49560048023139,
                11.333510629342378
              ],
              [
                125.52412520301326,
                11.33997161237412
              ],
              [
                125.54603549732397,
                11.324357703948248
              ],
              [
                125.55402793172661,
                11.292725908280978
              ],
              [
                125.5649141785854,
                11.280880772722787
              ],
              [
                125.58517086577831,
                11.28613022101045
              ],
              [
                125.60460074941233,
                11.253152454161986
              ],
              [
                125.63464127871883,
                11.244133965204973
              ],
              [
                125.6157625974574,
                11.189484884011922
              ],
              [
                125.54851590800065,
                11.147353923967657
              ],
              [
                125.53514925046518,
                11.087724802964516
              ],
              [
                125.59881312450007,
                11.067938008954604
              ],
              [
                125.58985608594537,
                11.077225638587521
              ],
              [
                125.6165894010163,
                11.077494779263427
              ],
              [
                125.62072341881077,
                11.088801633469807
              ],
              [
                125.58902928238648,
                11.114107016443288
              ],
              [
                125.60129353517675,
                11.12151012574153
              ],
              [
                125.66716221870202,
                11.086916979234298
              ],
              [
                125.76500063983788,
                10.9233738483715
              ],
              [
                125.7546655953517,
                10.905202300119525
              ],
              [
                125.72021544706442,
                10.919739511940941
              ],
              [
                125.70409277766598,
                10.956890164373446
              ],
              [
                125.67377664717318,
                10.97371547364256
              ],
              [
                125.70354157529339,
                11.004135868466586
              ],
              [
                125.66730001929517,
                11.00642423371595
              ],
              [
                125.6620635967555,
                11.031191201436789
              ],
              [
                125.58434406221942,
                11.002924467623341
              ],
              [
                125.57690283018937,
                11.00709721930655
              ],
              [
                125.56022895841832,
                11.016384848939467
              ],
              [
                125.57207980942914,
                11.03738290989179
              ],
              [
                125.5318420362296,
                11.039132859888511
              ],
              [
                125.51351455734078,
                10.971561812631979
              ],
              [
                125.49215546540267,
                10.990541050713341
              ],
              [
                125.47796200430831,
                10.996867329506294
              ],
              [
                125.46376854321396,
                11.015577159110082
              ],
              [
                125.4509530880511,
                11.007635634559193
              ],
              [
                125.45618951059076,
                10.988656530378666
              ],
              [
                125.43675962695673,
                11.000770806612762
              ],
              [
                125.43427921628005,
                10.981522561756329
              ],
              [
                125.40975071069951,
                10.972234798222576
              ],
              [
                125.40671909765022,
                10.990406346474554
              ],
              [
                125.37516276181908,
                10.989465023613052
              ],
              [
                125.36165830369048,
                11.009386254060084
              ],
              [
                125.3185267180348,
                11.00669417779686
              ],
              [
                125.29882123321448,
                11.032807250599726
              ],
              [
                125.2665758944176,
                11.025942556554128
              ],
              [
                125.25444944222048,
                11.007501867626244
              ],
              [
                125.25060015378182,
                11.204498004460607
              ],
              [
                125.25045322501916,
                11.204292039914252
              ],
              [
                125.25431164162733,
                11.00682861423399
              ],
              [
                125.23681096629738,
                10.97519681856672
              ],
              [
                125.21007765122647,
                10.987445665138768
              ],
              [
                125.1958841901321,
                11.071034465735863
              ],
              [
                125.15137459854495,
                11.163103340037326
              ],
              [
                125.07186365629792,
                11.173602370513487
              ],
              [
                125.0077863804836,
                11.155430956162343
              ],
              [
                124.97953725888803,
                11.170910428151094
              ],
              [
                124.97388743456891,
                11.209272347526008
              ],
              [
                124.99717573481111,
                11.239423467773296
              ],
              [
                124.98504928261399,
                11.307398226043688
              ],
              [
                124.96465479482792,
                11.317628115843942
              ],
              [
                124.9606585776266,
                11.33943400052648
              ],
              [
                124.94219329814462,
                11.334991974266536
              ],
              [
                124.90416033443547,
                11.356259309795599
              ],
              [
                124.9076053492642,
                11.37523854787696
              ],
              [
                124.90788095045049,
                11.382910931751942
              ],
              [
                124.88927787037537,
                11.393948243579915
              ],
              [
                124.89024247452741,
                11.348990770835307
              ],
              [
                124.87963182885493,
                11.359086090297609
              ],
              [
                124.84159886514578,
                11.351682847098532
              ],
              [
                124.82189338032546,
                11.37671908939611
              ],
              [
                124.83277962718424,
                11.38385319191928
              ],
              [
                124.83291742777739,
                11.396505883406022
              ],
              [
                124.85909954047571,
                11.44079037056003
              ],
              [
                124.87274179919748,
                11.419792175706876
              ],
              [
                124.89492769469449,
                11.42490718755742
              ],
              [
                124.89988851604785,
                11.438905984126192
              ],
              [
                124.87839162351659,
                11.4440208620759
              ],
              [
                124.88238784071791,
                11.462730825580524
              ],
              [
                124.94839432483633,
                11.457077398477335
              ],
              [
                124.96699740491147,
                11.469326378950216
              ],
              [
                124.95872936932251,
                11.48251735178877
              ],
              [
                124.98725409210438,
                11.503111701727232
              ],
              [
                124.97623004465245,
                11.55722236766764
              ],
              [
                125.03093688013264,
                11.599218623473117
              ],
              [
                125.04182312699142,
                11.62008224798832
              ],
              [
                125.03837811216269,
                11.643234103852055
              ],
              [
                124.99745133599741,
                11.662751623285228
              ],
              [
                124.90939675697514,
                11.62398585899562
              ],
              [
                124.8865218585124,
                11.637446106410911
              ],
              [
                124.88087203419327,
                11.66180936311789
              ],
              [
                124.85785933513738,
                11.675000469857274
              ],
              [
                124.85854833810312,
                11.696133235048384
              ],
              [
                124.77490337806162,
                11.745802008629678
              ],
              [
                124.77765938992461,
                11.760877501802904
              ],
              [
                124.79998308601475,
                11.770434406012562
              ],
              [
                124.79033704449432,
                11.786856004267818
              ],
              [
                124.7625013246782,
                11.791297896626931
              ],
              [
                124.76828894959047,
                11.780529725474866
              ],
              [
                124.73783501850451,
                11.778645071239357
              ],
              [
                124.75023707188794,
                11.796547478815429
              ],
              [
                124.74307144104418,
                11.809469444878909
              ],
              [
                124.76884015196306,
                11.819295489764471
              ],
              [
                124.71371991470342,
                11.829525245663895
              ],
              [
                124.70131786132,
                11.856446008296142
              ],
              [
                124.71041270046784,
                11.861022470993209
              ],
              [
                124.69070721564752,
                11.883097496351654
              ],
              [
                124.68795120378454,
                11.890500739550733
              ],
              [
                124.63792958847142,
                11.933573825861497
              ],
              [
                124.59658941052669,
                11.946764932600884
              ],
              [
                124.52879151869733,
                11.944611271590304
              ],
              [
                124.45231218949958,
                12.017162626458592
              ],
              [
                124.45024518060235,
                12.035872589963214
              ],
              [
                124.39057752376878,
                12.076522740686663
              ],
              [
                124.35778113534884,
                12.162399372660948
              ],
              [
                124.35781952565448,
                12.162399807752381
              ],
              [
                124.3342170811708,
                12.226470785994536
              ],
              [
                124.34579233099534,
                12.265371120622095
              ],
              [
                124.33807549777899,
                12.271024547725284
              ],
              [
                124.33090986693523,
                12.25527606896146
              ],
              [
                124.31134218270806,
                12.317731970466614
              ],
              [
                124.30996417677656,
                12.322173996726562
              ],
              [
                124.28584907297548,
                12.345729563604156
              ],
              [
                124.2830930611125,
                12.396744308366644
              ],
              [
                124.26200957036068,
                12.427030132852718
              ],
              [
                124.28185285577415,
                12.460950025967685
              ],
              [
                124.32622464676817,
                12.432952566730979
              ],
              [
                124.33077206634208,
                12.413435047297805
              ],
              [
                124.34248511675976,
                12.424472493026611
              ],
              [
                124.35805658378561,
                12.416261827799817
              ],
              [
                124.35654077726096,
                12.434298671813007
              ],
              [
                124.39319573503862,
                12.416665538813675
              ],
              [
                124.39278233325918,
                12.444662998050381
              ],
              [
                124.42199605900679,
                12.422722810831555
              ],
              [
                124.42172045782048,
                12.407647183757495
              ],
              [
                124.44390635331749,
                12.412088942215775
              ],
              [
                124.46747025474599,
                12.423799641336847
              ],
              [
                124.45561940373517,
                12.405762663422824
              ],
              [
                124.46306063576522,
                12.38947563550552
              ],
              [
                124.47615169211439,
                12.390821606686714
              ],
              [
                124.47463588558973,
                12.415184997294526
              ],
              [
                124.51170424514684,
                12.397955709209887
              ],
              [
                124.55828084563124,
                12.397686568533981
              ],
              [
                124.56668668181334,
                12.408454873586882
              ],
              [
                124.6623202934588,
                12.396205893114
              ],
              [
                124.73563020901413,
                12.392840831260177
              ],
              [
                124.79956968423531,
                12.42097299473567
              ],
              [
                124.8402208592143,
                12.404147551565721
              ],
              [
                124.86805657903041,
                12.41128152018806
              ],
              [
                124.88376584664941,
                12.442778745517375
              ],
              [
                124.85937514166201,
                12.461757983598737
              ],
              [
                124.88872666800277,
                12.455162296328211
              ],
              [
                124.89313628698355,
                12.449374298887067
              ],
              [
                124.93323625958993,
                12.444932406527956
              ],
              [
                124.95762696457733,
                12.46202699037381
              ],
              [
                124.96520599720053,
                12.442105759926777
              ],
              [
                124.95266614322396,
                12.435913917570945
              ],
              [
                124.99111250871256,
                12.429991483692682
              ],
              [
                125.0150898119205,
                12.443721005684713
              ],
              [
                124.9918016218928,
                12.520579184931634
              ],
              [
                125.01205819887122,
                12.502946147872331
              ],
              [
                125.01812142496976,
                12.473871858130334
              ],
              [
                125.07089905214588,
                12.451796966672722
              ],
              [
                125.05711899283096,
                12.433221707406886
              ],
              [
                125.04871315664887,
                12.420299741343404
              ],
              [
                125.07530867112665,
                12.413973328649616
              ],
              [
                125.07420626638145,
                12.456777274284478
              ],
              [
                125.09777016780995,
                12.46068088529178
              ],
              [
                125.11334163483579,
                12.441567076872463
              ],
              [
                125.14696497956417,
                12.462834546302359
              ],
              [
                125.26891850450113,
                12.370900242338848
              ],
              [
                125.26175287365737,
                12.351786433919534
              ],
              [
                125.29289580770907,
                12.347344541560421
              ],
              [
                125.29675422431724,
                12.30696353151288
              ],
              [
                125.33905900641402,
                12.284619365478529
              ],
              [
                125.30047484033227,
                12.276273996012947
              ],
              [
                125.31769991447591,
                12.265505690960048
              ],
              [
                125.29964803677338,
                12.263352029949466
              ],
              [
                125.30681366761713,
                12.242892250348957
              ],
              [
                125.28710818279681,
                12.234546880883377
              ],
              [
                125.29151780177759,
                12.209645208923753
              ],
              [
                125.32210953345668,
                12.20654942164667
              ],
              [
                125.288210587542,
                12.18501281154087
              ],
              [
                125.29510061719945,
                12.16953333955212
              ],
              [
                125.3404370123455,
                12.194704286088482
              ],
              [
                125.33120437260452,
                12.178147983594439
              ],
              [
                125.3426418218359,
                12.163207060759165
              ],
              [
                125.32403874176077,
                12.159438020089818
              ],
              [
                125.32383717308713,
                12.159320070992116
              ],
              [
                125.31990472396629,
                12.151765636214837
              ],
              [
                125.33974800937976,
                12.1492082641904
              ],
              [
                125.35821328886175,
                12.18487824120292
              ],
              [
                125.38356859800118,
                12.181513179349098
              ],
              [
                125.35890229182749,
                12.158630464161268
              ],
              [
                125.36868613394107,
                12.150150524357734
              ],
              [
                125.38536000571212,
                12.145170082845144
              ],
              [
                125.39982906799277,
                12.160649554833896
              ],
              [
                125.40671909765022,
                12.148804419275704
              ]
            ],
            [
              [
                124.84361981012393,
                12.098968611009504
              ],
              [
                124.83181502303219,
                12.056196995820764
              ],
              [
                124.83196733979196,
                12.055980584648427
              ],
              [
                124.84380367463616,
                12.098866505018503
              ],
              [
                124.84361981012393,
                12.098968611009504
              ]
            ],
            [
              [
                125.15397185702689,
                12.166152681413902
              ],
              [
                125.14673460723273,
                12.067848654080153
              ],
              [
                125.14682717897104,
                12.067907561040998
              ],
              [
                125.15411051427046,
                12.166166303409161
              ],
              [
                125.15397185702689,
                12.166152681413902
              ]
            ],
            [
              [
                125.30791607236233,
                11.2853234684869
              ],
              [
                125.28655698042422,
                11.311705681965673
              ],
              [
                125.23198794553718,
                11.330146370893557
              ],
              [
                125.20763667392747,
                11.483212011994159
              ],
              [
                125.20745943995664,
                11.482786626365506
              ],
              [
                125.23185014494402,
                11.329473251402133
              ],
              [
                125.28641917983106,
                11.31103256247425
              ],
              [
                125.30759621351017,
                11.284875090021261
              ],
              [
                125.30791607236233,
                11.2853234684869
              ]
            ],
            [
              [
                125.27084771280522,
                11.735975829843277
              ],
              [
                125.28293619312423,
                11.561539208168284
              ],
              [
                125.2831119655955,
                11.561664393927574
              ],
              [
                125.27098551339837,
                11.736648949334702
              ],
              [
                125.20897524648127,
                11.876636647220735
              ],
              [
                125.11623544729193,
                11.876501407378615
              ],
              [
                125.1136261507027,
                12.046195036343743
              ],
              [
                125.11347943542894,
                12.046101676358465
              ],
              [
                125.11609764669878,
                11.87582828788719
              ],
              [
                125.20883744588812,
                11.875963527729311
              ],
              [
                125.27084771280522,
                11.735975829843277
              ]
            ]
          ],
          [
            [
              [
                124.64509521931517,
                11.790759079671776
              ],
              [
                124.66507630532178,
                11.791566501699492
              ],
              [
                124.65832407625747,
                11.771914411928368
              ],
              [
                124.63448457364268,
                11.791297227122753
              ],
              [
                124.64330381160423,
                11.80220023641444
              ],
              [
                124.64330381160423,
                11.802200504216108
              ],
              [
                124.64509521931517,
                11.790759079671776
              ]
            ]
          ],
          [
            [
              [
                124.50164480184695,
                12.418146080332827
              ],
              [
                124.47270667728564,
                12.457046548861218
              ],
              [
                124.49296336447856,
                12.459200209871799
              ],
              [
                124.52203928963301,
                12.420165171005454
              ],
              [
                124.50164480184695,
                12.418146080332827
              ]
            ]
          ],
          [
            [
              [
                125.02900767182855,
                12.528251664746644
              ],
              [
                125.03093688013263,
                12.547903888418604
              ],
              [
                125.03865371334898,
                12.560287305328606
              ],
              [
                125.0664894331651,
                12.559882924810577
              ],
              [
                125.0664894331651,
                12.559883594314748
              ],
              [
                125.08963993281415,
                12.479390580994735
              ],
              [
                125.03383069258877,
                12.49823511483731
              ],
              [
                125.0529849750365,
                12.499850360595245
              ],
              [
                125.05959940350765,
                12.51586811393581
              ],
              [
                125.02900767182855,
                12.528251664746644
              ]
            ]
          ],
          [
            [
              [
                124.99180151167829,
                12.520579280871663
              ],
              [
                124.9918015116783,
                12.520579548673329
              ],
              [
                124.9918016218928,
                12.520579184931634
              ],
              [
                124.99180151167829,
                12.520579280871663
              ]
            ]
          ]
        ]
      }
    },
    {
      "type": "Feature",
      "properties": {
        "Region": "Region IX - Zamboanga Peninsula",
        "Region_Code": "09",
        "Source_Geometry": "philippines.svg",
        "Classification": "17-region structure aligned with project PSA 2024 dataset",
        "SVG_Path_Count": 3
      },
      "geometry": {
        "type": "MultiPolygon",
        "coordinates": [
          [
            [
              [
                122.23716765462785,
                6.910440040930332
              ],
              [
                122.19968589329129,
                6.880154350345093
              ],
              [
                122.21443055675824,
                6.917169896836311
              ],
              [
                122.20657592294874,
                6.92632335783378
              ],
              [
                122.22324979471979,
                6.946648165393837
              ],
              [
                122.24212847598122,
                6.938706506942111
              ],
              [
                122.27148000232197,
                6.958223892474452
              ],
              [
                122.27148000232197,
                6.958223892474448
              ],
              [
                122.27988583850407,
                6.948263009449265
              ],
              [
                122.27354701121921,
                6.917708178188121
              ],
              [
                122.2302776249704,
                6.924707174770006
              ],
              [
                122.23716765462785,
                6.910440040930332
              ]
            ]
          ],
          [
            [
              [
                122.8315016128799,
                7.229989024722228
              ],
              [
                122.80600850314732,
                7.248968128902755
              ],
              [
                122.81041812212808,
                7.289213363504841
              ],
              [
                122.78823222663108,
                7.2971563609649
              ],
              [
                122.80297689009804,
                7.372399256493079
              ],
              [
                122.8377026395716,
                7.384379364091723
              ],
              [
                122.87904281751634,
                7.32017257528401
              ],
              [
                122.8918582726792,
                7.329729077791168
              ],
              [
                122.88799985607103,
                7.377245127667717
              ],
              [
                122.90012630826816,
                7.391109219997702
              ],
              [
                122.93099364113355,
                7.376975986991811
              ],
              [
                122.947116310532,
                7.3585338251547565
              ],
              [
                122.93788367079101,
                7.351399588730752
              ],
              [
                122.975778833907,
                7.313576620211821
              ],
              [
                122.92520601622128,
                7.321787419339447
              ],
              [
                122.95042352476757,
                7.290022124540897
              ],
              [
                122.91955619190217,
                7.29984642871562
              ],
              [
                122.90040190945444,
                7.271581301712178
              ],
              [
                122.84762428227835,
                7.260139475465346
              ],
              [
                122.8315016128799,
                7.229989024722228
              ]
            ]
          ],
          [
            [
              [
                123.05418737140883,
                7.5975893939241335
              ],
              [
                123.0585969903896,
                7.571610891459221
              ],
              [
                123.02745405633792,
                7.571341750783315
              ],
              [
                123.03599769311316,
                7.524499757704035
              ],
              [
                122.9968623246588,
                7.447507849484969
              ],
              [
                123.00430355668887,
                7.427452048699987
              ],
              [
                122.99245270567805,
                7.40604933942797
              ],
              [
                122.97343622382347,
                7.434989326633682
              ],
              [
                122.95069912595386,
                7.427585949533771
              ],
              [
                122.92093419783366,
                7.483984043417708
              ],
              [
                122.90384692428317,
                7.491252716278833
              ],
              [
                122.88979126378196,
                7.486810823919718
              ],
              [
                122.8851060436149,
                7.456391634203198
              ],
              [
                122.85658132083303,
                7.4430662249275255
              ],
              [
                122.87546000209446,
                7.43445104528187
              ],
              [
                122.87559780268761,
                7.41291443517607
              ],
              [
                122.84266346092497,
                7.384783209006413
              ],
              [
                122.83315521999769,
                7.395011893699165
              ],
              [
                122.81496554170201,
                7.383031786100521
              ],
              [
                122.81868615771702,
                7.426778527506055
              ],
              [
                122.80049647942135,
                7.43727769188305
              ],
              [
                122.78134219697363,
                7.418836869054333
              ],
              [
                122.77968858985584,
                7.435123227467468
              ],
              [
                122.78878342900367,
                7.486137704428291
              ],
              [
                122.7989806728967,
                7.492733257797983
              ],
              [
                122.81248513102533,
                7.469716106173033
              ],
              [
                122.82295797610465,
                7.48681082391972
              ],
              [
                122.81220952983902,
                7.526249573799925
              ],
              [
                122.78905903018997,
                7.53822927969607
              ],
              [
                122.7868542206996,
                7.5605734457304195
              ],
              [
                122.79636246162688,
                7.583456027017416
              ],
              [
                122.78244460171882,
                7.61939527860668
              ],
              [
                122.79774046755837,
                7.6482002937719376
              ],
              [
                122.80049647942135,
                7.668929347949186
              ],
              [
                122.82047756542796,
                7.656680501377139
              ],
              [
                122.81303633339792,
                7.68737003687707
              ],
              [
                122.76825114062446,
                7.704733895299665
              ],
              [
                122.74551404275486,
                7.692215774150876
              ],
              [
                122.71946973064968,
                7.725597385914032
              ],
              [
                122.69328761795136,
                7.730173982511932
              ],
              [
                122.67303093075844,
                7.708233527491439
              ],
              [
                122.65883746966408,
                7.730846968102529
              ],
              [
                122.64106119314785,
                7.713213835103197
              ],
              [
                122.6252141249357,
                7.718597987629646
              ],
              [
                122.62052890476863,
                7.701772544459699
              ],
              [
                122.54404957557088,
                7.678216977582105
              ],
              [
                122.5264110996478,
                7.637297418381083
              ],
              [
                122.5104262308425,
                7.634740046356644
              ],
              [
                122.48327951399213,
                7.597320119347401
              ],
              [
                122.49085854661533,
                7.577129748224463
              ],
              [
                122.43187989274752,
                7.53365268309817
              ],
              [
                122.43449810401735,
                7.518308049249038
              ],
              [
                122.45213657994043,
                7.51373145265114
              ],
              [
                122.50670561482748,
                7.525576588209329
              ],
              [
                122.48782693356605,
                7.508751145039382
              ],
              [
                122.48562212407566,
                7.4850608739230005
              ],
              [
                122.46770804696628,
                7.485600494283151
              ],
              [
                122.44910496689116,
                7.481562312937896
              ],
              [
                122.42292285419282,
                7.4515462986318965
              ],
              [
                122.40418197352454,
                7.4378165088382
              ],
              [
                122.35705417066755,
                7.413319351297435
              ],
              [
                122.35843217659905,
                7.41143402755776
              ],
              [
                122.34547892084304,
                7.347362478592169
              ],
              [
                122.39426033081781,
                7.340498721852407
              ],
              [
                122.34162050423485,
                7.265928008509823
              ],
              [
                122.32660023958161,
                7.259062912761722
              ],
              [
                122.32990745381719,
                7.2810025643772125
              ],
              [
                122.3192968081447,
                7.288001560959097
              ],
              [
                122.29146108832859,
                7.273062244933829
              ],
              [
                122.28071264206297,
                7.185030480770951
              ],
              [
                122.26748378512065,
                7.181262511308272
              ],
              [
                122.26348756791933,
                7.158380197822945
              ],
              [
                122.26596797859601,
                7.149360637659262
              ],
              [
                122.24764049970717,
                7.1439764851328125
              ],
              [
                122.2608693566495,
                7.1147673572511945
              ],
              [
                122.24185287479492,
                7.087174412433349
              ],
              [
                122.25701094004131,
                7.085290427702011
              ],
              [
                122.2578377436002,
                7.067655687892671
              ],
              [
                122.205886919983,
                7.0263338905869634
              ],
              [
                122.21387935438565,
                7.006278223702813
              ],
              [
                122.21305255082676,
                6.994567256780073
              ],
              [
                122.18576803338323,
                6.912324025661672
              ],
              [
                122.15738111119452,
                6.883517939289742
              ],
              [
                122.15131788509596,
                6.867769862228421
              ],
              [
                122.10873750181288,
                6.849059898723798
              ],
              [
                121.93827816808745,
                6.923901091750627
              ],
              [
                121.89790259429476,
                7.034274210030347
              ],
              [
                121.90176101090294,
                7.1018459267910465
              ],
              [
                122.07235814522153,
                7.105210854744033
              ],
              [
                122.1460814625563,
                7.173723894366235
              ],
              [
                122.16633814974921,
                7.2275654196307375
              ],
              [
                122.16964536398478,
                7.316404605821331
              ],
              [
                122.21925357751846,
                7.410088324178227
              ],
              [
                122.23041542556354,
                7.4776588358314235
              ],
              [
                122.2765786242685,
                7.574034898253213
              ],
              [
                122.35843217659905,
                7.692485986033448
              ],
              [
                122.45213657994044,
                7.736770473187457
              ],
              [
                122.55217981056668,
                7.817936472098069
              ],
              [
                122.66352268983115,
                7.869085787198509
              ],
              [
                122.75391987893696,
                7.882546168514635
              ],
              [
                122.91652457885289,
                7.85818291180766
              ],
              [
                122.91652457885289,
                7.858182911807658
              ],
              [
                122.96296337874413,
                7.854010160124448
              ],
              [
                123.07857807639623,
                7.936387559878302
              ],
              [
                123.1677350601637,
                7.9339647581918165
              ],
              [
                123.1677350601637,
                7.934098123422267
              ],
              [
                123.07857807639623,
                7.936521059009586
              ],
              [
                122.96296337874413,
                7.854143659255735
              ],
              [
                122.91652457885289,
                7.8583162770381065
              ],
              [
                122.75391987893696,
                7.882679533745083
              ],
              [
                122.66352268983115,
                7.869219152428958
              ],
              [
                122.55217981056668,
                7.818069837328517
              ],
              [
                122.45213657994044,
                7.736903972318741
              ],
              [
                122.35843217659905,
                7.692619351263897
              ],
              [
                122.2765786242685,
                7.574168263483662
              ],
              [
                122.23041542556354,
                7.477792201061872
              ],
              [
                122.21925357751846,
                7.410221689408676
              ],
              [
                122.16964536398478,
                7.31653797105178
              ],
              [
                122.16633814974921,
                7.227700123869523
              ],
              [
                122.1460814625563,
                7.173858598605024
              ],
              [
                122.07235814522153,
                7.105345558982821
              ],
              [
                121.90176101090294,
                7.101979292021495
              ],
              [
                121.97396852171308,
                7.202394205292707
              ],
              [
                122.00745406584831,
                7.215181734919069
              ],
              [
                122.01255268779482,
                7.232006374684012
              ],
              [
                122.06367670785313,
                7.247216170393523
              ],
              [
                122.06533031497092,
                7.265658332230579
              ],
              [
                122.03749459515481,
                7.278444522848602
              ],
              [
                122.03005336312475,
                7.309672875303679
              ],
              [
                122.05747568116142,
                7.350592970108034
              ],
              [
                122.05540867226419,
                7.396223696244908
              ],
              [
                122.09068562411035,
                7.444678390966281
              ],
              [
                122.07401175233932,
                7.471465788368084
              ],
              [
                122.10239867452803,
                7.472811893450114
              ],
              [
                122.14360105187961,
                7.520999857710592
              ],
              [
                122.13574641807011,
                7.5359409144467
              ],
              [
                122.12320656409355,
                7.52813382633293
              ],
              [
                122.10584368935676,
                7.542671038154346
              ],
              [
                122.13478181391807,
                7.585474983789208
              ],
              [
                122.13547081688381,
                7.612530316759411
              ],
              [
                122.11700553740184,
                7.666371708123078
              ],
              [
                122.08572480275699,
                7.679832089439204
              ],
              [
                122.10377668045952,
                7.705675887665329
              ],
              [
                122.11218251664161,
                7.692215640250039
              ],
              [
                122.12472237061819,
                7.7001571648009275
              ],
              [
                122.12017495104426,
                7.719809254572054
              ],
              [
                122.12182855816205,
                7.7433648214496476
              ],
              [
                122.14208524535498,
                7.748614403638147
              ],
              [
                122.1606883254301,
                7.799898422977375
              ],
              [
                122.22697041073482,
                7.848759506729284
              ],
              [
                122.22669480954852,
                7.899908821829726
              ],
              [
                122.34589232262249,
                7.976094379227744
              ],
              [
                122.46260942501978,
                8.009341420652948
              ],
              [
                122.5109774332151,
                8.002207452030609
              ],
              [
                122.58428734877043,
                8.019975021467062
              ],
              [
                122.62934814273018,
                8.049318719686633
              ],
              [
                122.66214468389967,
                8.097506817847943
              ],
              [
                122.6866731894802,
                8.056991103561614
              ],
              [
                122.72057213539487,
                8.048241889181341
              ],
              [
                122.81400093754996,
                8.056991103561614
              ],
              [
                122.86016413625491,
                8.082565761111837
              ],
              [
                122.91349296580361,
                8.082296620435931
              ],
              [
                122.99686232465882,
                8.148521562610433
              ],
              [
                122.99575991991362,
                8.183652990469477
              ],
              [
                122.96764859891121,
                8.194286591283593
              ],
              [
                122.9373324684184,
                8.23978261318168
              ],
              [
                122.98377126830965,
                8.259703977529544
              ],
              [
                122.98087745585353,
                8.344504178969883
              ],
              [
                123.00940217863538,
                8.358637545876606
              ],
              [
                123.03172587472554,
                8.419478335524659
              ],
              [
                123.06466021648818,
                8.444110732907541
              ],
              [
                123.18358212837585,
                8.461474591330136
              ],
              [
                123.27025870146663,
                8.44074567105372
              ],
              [
                123.30029923077313,
                8.448014343914844
              ],
              [
                123.33130436423167,
                8.490683585310919
              ],
              [
                123.351009849052,
                8.561485124083319
              ],
              [
                123.37140433683807,
                8.569965063886853
              ],
              [
                123.39345243174192,
                8.551659079197757
              ],
              [
                123.41522492545948,
                8.559600603748645
              ],
              [
                123.4211503509649,
                8.588405752814737
              ],
              [
                123.39855105368844,
                8.600923873963525
              ],
              [
                123.39469263708027,
                8.609269243429106
              ],
              [
                123.37925897064757,
                8.629729023029615
              ],
              [
                123.37939677124072,
                8.650861788220725
              ],
              [
                123.39317683055562,
                8.650997028062845
              ],
              [
                123.39317683055562,
                8.650997697567012
              ],
              [
                123.43699741917703,
                8.64022939251411
              ],
              [
                123.45256888620288,
                8.608059047693363
              ],
              [
                123.50245270092284,
                8.625557476453908
              ],
              [
                123.50892932880086,
                8.607116787526024
              ],
              [
                123.48646783211755,
                8.582349819805188
              ],
              [
                123.48949944516684,
                8.568216452898465
              ],
              [
                123.51361454896794,
                8.547756673297956
              ],
              [
                123.53524924209233,
                8.55785199276026
              ],
              [
                123.53676504861699,
                8.545872286864114
              ],
              [
                123.55550592928526,
                8.547756673297956
              ],
              [
                123.55040730733874,
                8.149464893984439
              ],
              [
                123.38311738725574,
                8.14892527362429
              ],
              [
                123.34921844134107,
                8.16548157611833
              ],
              [
                123.20149620548523,
                8.17301938965536
              ],
              [
                123.19391717286203,
                8.042319321402244
              ],
              [
                123.1677350601637,
                7.988477930038579
              ],
              [
                123.1677350601637,
                7.988344564808129
              ],
              [
                123.19391717286203,
                8.042185956171794
              ],
              [
                123.20149620548523,
                8.172885890524078
              ],
              [
                123.34921844134105,
                8.165348076987048
              ],
              [
                123.38311738725574,
                8.14879190839384
              ],
              [
                123.55040730733874,
                8.149331528753988
              ],
              [
                123.56432516724679,
                7.98255777247449
              ],
              [
                123.60304713392169,
                7.96250183778867
              ],
              [
                123.63667047865007,
                7.969366531834268
              ],
              [
                123.63777288339527,
                7.951733666636603
              ],
              [
                123.6420447017829,
                7.941907487850205
              ],
              [
                123.64480071364586,
                7.930735471783448
              ],
              [
                123.64604091898421,
                7.914448443866144
              ],
              [
                123.67139622812364,
                7.892507988845653
              ],
              [
                123.62275261874201,
                7.770018853620998
              ],
              [
                123.56680557792347,
                7.792632294232089
              ],
              [
                123.46249052890961,
                7.753193410451049
              ],
              [
                123.42514656816621,
                7.757096887557518
              ],
              [
                123.43231219900996,
                7.72411898680822
              ],
              [
                123.42211495511692,
                7.711600999560263
              ],
              [
                123.44733246366322,
                7.706755128385625
              ],
              [
                123.44485205298653,
                7.690198959792417
              ],
              [
                123.48329841847513,
                7.672027411540439
              ],
              [
                123.47916440068066,
                7.613609557479707
              ],
              [
                123.4644197372137,
                7.575112933866006
              ],
              [
                123.38559779793242,
                7.552903472070442
              ],
              [
                123.38959401513374,
                7.503100128151196
              ],
              [
                123.35707307515055,
                7.525982575537357
              ],
              [
                123.33791879270282,
                7.5006771925638756
              ],
              [
                123.38270398547628,
                7.482505778212731
              ],
              [
                123.38146378013795,
                7.440239310524678
              ],
              [
                123.39662184538435,
                7.40820487505022
              ],
              [
                123.41315791656224,
                7.41641567417785
              ],
              [
                123.45174208264399,
                7.384513800528838
              ],
              [
                123.43823762451538,
                7.360824065015795
              ],
              [
                123.45394689213437,
                7.325288122737888
              ],
              [
                123.42390636282786,
                7.324203525984238
              ],
              [
                123.41687853257726,
                7.310204193812133
              ],
              [
                123.38201498251054,
                7.3268949327432935
              ],
              [
                123.37567615522568,
                7.349643345394838
              ],
              [
                123.33144216482482,
                7.366064943650095
              ],
              [
                123.32220952508384,
                7.391370862226912
              ],
              [
                123.28555456730618,
                7.416407640127824
              ],
              [
                123.30222843907721,
                7.477921147564807
              ],
              [
                123.22561130928632,
                7.486266517030387
              ],
              [
                123.18330652718954,
                7.452750602730944
              ],
              [
                123.19929139599483,
                7.433501420568673
              ],
              [
                123.17779450346359,
                7.414657556230267
              ],
              [
                123.16263643821718,
                7.430271732457806
              ],
              [
                123.17090447380613,
                7.443059262084168
              ],
              [
                123.11674884069853,
                7.46176775267962
              ],
              [
                123.10393338553567,
                7.506591726292944
              ],
              [
                123.1295642958614,
                7.512514294072039
              ],
              [
                123.13135570357234,
                7.52651309064081
              ],
              [
                123.0981457606234,
                7.54845341176047
              ],
              [
                123.12253646561079,
                7.550607072771049
              ],
              [
                123.13755673026404,
                7.523417169462892
              ],
              [
                123.17614089634579,
                7.521667219466172
              ],
              [
                123.19708658650445,
                7.537415966031665
              ],
              [
                123.17793230405672,
                7.585603930292143
              ],
              [
                123.14058834331333,
                7.588430710794153
              ],
              [
                123.1441711587352,
                7.599872001437651
              ],
              [
                123.12804848933675,
                7.607275110735895
              ],
              [
                123.14582476585299,
                7.632580627610208
              ],
              [
                123.13921033738183,
                7.656270898726589
              ],
              [
                123.11633543891908,
                7.677134389340958
              ],
              [
                123.0984213618097,
                7.648598380950773
              ],
              [
                123.08629490961258,
                7.751839405219828
              ],
              [
                123.08620315880611,
                7.751850762646523
              ],
              [
                123.0981457606234,
                7.648604138686624
              ],
              [
                123.08505470427423,
                7.620875954026657
              ],
              [
                123.06245540699778,
                7.623837170965787
              ],
              [
                123.06107740106629,
                7.605127207461164
              ],
              [
                123.05418737140883,
                7.5975893939241335
              ]
            ],
            [
              [
                122.91652457885289,
                7.7732481400293665
              ],
              [
                122.9166617437272,
                7.773231160887717
              ],
              [
                122.91652457885289,
                7.858176082865132
              ],
              [
                122.91652457885289,
                7.7732481400293665
              ]
            ]
          ]
        ]
      }
    },
    {
      "type": "Feature",
      "properties": {
        "Region": "Region X - Northern Mindanao",
        "Region_Code": "10",
        "Source_Geometry": "philippines.svg",
        "Classification": "17-region structure aligned with project PSA 2024 dataset",
        "SVG_Path_Count": 5
      },
      "geometry": {
        "type": "MultiPolygon",
        "coordinates": [
          [
            [
              [
                124.56627328003388,
                8.168713272741705
              ],
              [
                124.56172586045996,
                8.143811600782083
              ],
              [
                124.57619492274061,
                8.120390604242441
              ],
              [
                124.5615880598668,
                8.093604411948144
              ],
              [
                124.49668398049359,
                8.07327933658642
              ],
              [
                124.46733245415282,
                8.095219657706078
              ],
              [
                124.34730813751996,
                8.129947508452098
              ],
              [
                124.3328390752393,
                8.146099832130615
              ],
              [
                124.29949133169723,
                8.141792510109454
              ],
              [
                124.27689203442078,
                8.067222198469372
              ],
              [
                124.28033704924951,
                8.0186303892942
              ],
              [
                124.21501956809684,
                7.953482143724155
              ],
              [
                124.12861859619235,
                7.94002176240803
              ],
              [
                124.13936704245798,
                7.903813504043693
              ],
              [
                124.1124959267939,
                7.844722664392362
              ],
              [
                124.02430354717848,
                7.839607652541819
              ],
              [
                124.04635164208234,
                7.766652586659671
              ],
              [
                124.00997228549097,
                7.696254892801962
              ],
              [
                124.01520870803064,
                7.666238342892628
              ],
              [
                124.00184205049518,
                7.638375320093038
              ],
              [
                123.83813494583406,
                7.687505678421688
              ],
              [
                123.84006415413813,
                7.670411094575835
              ],
              [
                123.81622465152334,
                7.644163317534183
              ],
              [
                123.77516007476491,
                7.647528379388007
              ],
              [
                123.76482503027873,
                7.675660542863497
              ],
              [
                123.73712711105577,
                7.67525616234547
              ],
              [
                123.7394697211393,
                7.707291936828266
              ],
              [
                123.72155564402992,
                7.733001164716439
              ],
              [
                123.6926175194686,
                7.739865992662873
              ],
              [
                123.6928931206549,
                7.7545376409214075
              ],
              [
                123.62261481814886,
                7.7700171129101605
              ],
              [
                123.67125842753049,
                7.892506248134815
              ],
              [
                123.69647593607678,
                7.919023165852373
              ],
              [
                123.74925356325288,
                7.937329284442303
              ],
              [
                123.78756212814832,
                7.99440116732184
              ],
              [
                123.83496553219162,
                8.022129351981807
              ],
              [
                123.84902119269283,
                8.0479734180096
              ],
              [
                123.86955348107205,
                8.039762484981138
              ],
              [
                123.90000741215799,
                8.050396219696085
              ],
              [
                123.93294175392063,
                8.088354294156307
              ],
              [
                124.01851592226622,
                8.131965929620554
              ],
              [
                124.15576531304272,
                8.119447674570932
              ],
              [
                124.22218519894058,
                8.145022466021988
              ],
              [
                124.2649033828168,
                8.21124740819649
              ],
              [
                124.24657590392798,
                8.258493781793803
              ],
              [
                124.32319303371887,
                8.271954029209093
              ],
              [
                124.47298227847195,
                8.263070378391701
              ],
              [
                124.53471694420274,
                8.224842895453904
              ],
              [
                124.56627328003388,
                8.168713272741705
              ]
            ]
          ],
          [
            [
              [
                124.56627328003388,
                8.168982413417613
              ],
              [
                124.53471694420274,
                8.225112170030647
              ],
              [
                124.47298227847195,
                8.263339385166773
              ],
              [
                124.32319303371887,
                8.272223303785834
              ],
              [
                124.24657590392798,
                8.258763056370542
              ],
              [
                124.26324977569901,
                8.30883540706486
              ],
              [
                124.28378206407822,
                8.326603110402145
              ],
              [
                124.28460886763713,
                8.39175135597219
              ],
              [
                124.31630300406141,
                8.470225144718741
              ],
              [
                124.45024518060234,
                8.55044874956118
              ],
              [
                124.47890770397736,
                8.547218391946142
              ],
              [
                124.47160427254045,
                8.51747084881188
              ],
              [
                124.51253104870574,
                8.501049250556624
              ],
              [
                124.54477638750262,
                8.46914831421345
              ],
              [
                124.57068289901466,
                8.466994653202871
              ],
              [
                124.5789509346036,
                8.44761170410765
              ],
              [
                124.65515466261505,
                8.438593215150636
              ],
              [
                124.64289040982477,
                8.41786429487422
              ],
              [
                124.6628714958314,
                8.435901272788245
              ],
              [
                124.66783231718476,
                8.41274941692451
              ],
              [
                124.70283366784463,
                8.402115682209564
              ],
              [
                124.74196903629898,
                8.421767905881524
              ],
              [
                124.75423328908926,
                8.441689136328554
              ],
              [
                124.74320924163732,
                8.485569912468707
              ],
              [
                124.77242296738493,
                8.521509030157135
              ],
              [
                124.76319032764394,
                8.56794731222256
              ],
              [
                124.74320924163732,
                8.577100237616689
              ],
              [
                124.74141783392639,
                8.618692782408308
              ],
              [
                124.75919411044262,
                8.64265206029976
              ],
              [
                124.77862399407664,
                8.642921200975664
              ],
              [
                124.76525733654117,
                8.691243869474928
              ],
              [
                124.79019924390116,
                8.747373626087962
              ],
              [
                124.77903739585608,
                8.896379679030176
              ],
              [
                124.81831056490358,
                8.924646412843622
              ],
              [
                124.86902118318244,
                8.928146045035398
              ],
              [
                125.02514925522037,
                8.84038462665593
              ],
              [
                125.07889148654851,
                8.751815384546239
              ],
              [
                125.16405225311466,
                8.768775531954974
              ],
              [
                125.1885807586952,
                8.848864700360293
              ],
              [
                125.1725958898899,
                8.93003056537007
              ],
              [
                125.18610034801851,
                8.947798134806522
              ],
              [
                125.1885807586952,
                8.997736049063722
              ],
              [
                125.20690823758403,
                9.01038874055046
              ],
              [
                125.20690823758403,
                9.010388874451301
              ],
              [
                125.23749996926313,
                8.877400708750486
              ],
              [
                125.22041269571264,
                8.844288237663235
              ],
              [
                125.25679205230401,
                8.79596556916397
              ],
              [
                125.23267694850291,
                8.777255739560184
              ],
              [
                125.24342539476854,
                8.585176600307202
              ],
              [
                125.24535460307263,
                8.508587064093659
              ],
              [
                125.03038567776004,
                8.506298832745125
              ],
              [
                124.86915898377559,
                8.52083604456654
              ],
              [
                124.81486555007486,
                8.403327216953643
              ],
              [
                124.81487144718227,
                8.403205290623648
              ],
              [
                124.86915898377559,
                8.520836044566538
              ],
              [
                125.03038567776004,
                8.506298832745124
              ],
              [
                125.24549240366578,
                8.508587064093657
              ],
              [
                125.26244187662311,
                8.30129759352783
              ],
              [
                125.27911574839416,
                8.268050552102624
              ],
              [
                125.33216897675656,
                8.232380708990934
              ],
              [
                125.34567343488517,
                8.18378876591493
              ],
              [
                125.3648277173329,
                8.170059243922902
              ],
              [
                125.35394147047413,
                8.128735973708022
              ],
              [
                125.3735091547013,
                8.087547273831095
              ],
              [
                125.36965073809311,
                8.035994247716793
              ],
              [
                125.3892184223203,
                8.014053792696302
              ],
              [
                125.37667856834372,
                7.963173618271766
              ],
              [
                125.38301739562858,
                7.923869438729513
              ],
              [
                125.42215276408292,
                7.851721928775914
              ],
              [
                125.4187077492542,
                7.758980202784688
              ],
              [
                125.44406305839364,
                7.707696183445458
              ],
              [
                125.43207440678967,
                7.600551682069934
              ],
              [
                125.39721085672294,
                7.567170070306776
              ],
              [
                125.36772152978904,
                7.583860943138772
              ],
              [
                125.32238513464299,
                7.5732273423246586
              ],
              [
                125.30212844745006,
                7.5940908329390275
              ],
              [
                125.25362263866158,
                7.588975821088484
              ],
              [
                125.25169343035749,
                7.525981370429852
              ],
              [
                125.2202748951195,
                7.538364921240687
              ],
              [
                125.21779448444282,
                7.517366726387534
              ],
              [
                125.19450618420062,
                7.518847401807514
              ],
              [
                125.16708386616395,
                7.47079400788499
              ],
              [
                125.15661102108461,
                7.414395914001052
              ],
              [
                125.0689698438418,
                7.401070103022882
              ],
              [
                125.05036676376666,
                7.355842418395698
              ],
              [
                124.97457643753467,
                7.350727406545154
              ],
              [
                124.92992904535436,
                7.381686618324325
              ],
              [
                124.88142323656587,
                7.365534160744973
              ],
              [
                124.87949402826179,
                7.382226238684472
              ],
              [
                124.84146106455263,
                7.400262680995162
              ],
              [
                124.84090986218004,
                7.428124766488912
              ],
              [
                124.81844836549674,
                7.44414332323448
              ],
              [
                124.78937244034228,
                7.428933527524968
              ],
              [
                124.8009476901668,
                7.465275285020583
              ],
              [
                124.82630299930624,
                7.488830851898177
              ],
              [
                124.8079755204174,
                7.549671775447063
              ],
              [
                124.80370370202978,
                7.568920020303496
              ],
              [
                124.754922292055,
                7.598263584622234
              ],
              [
                124.75423328908926,
                7.6243765235242655
              ],
              [
                124.73011818528816,
                7.645374718377422
              ],
              [
                124.72901578054298,
                7.6868326928310875
              ],
              [
                124.70986149809525,
                7.69665873771665
              ],
              [
                124.66176909108621,
                7.777286187473781
              ],
              [
                124.6322797641523,
                7.787516077274036
              ],
              [
                124.6184997048374,
                7.811340784827534
              ],
              [
                124.62525193390171,
                7.830993008499496
              ],
              [
                124.59934542238967,
                7.845126375406219
              ],
              [
                124.5584186462244,
                7.922388763309526
              ],
              [
                124.53375234005071,
                8.02859087061688
              ],
              [
                124.4966839804936,
                8.073279336586417
              ],
              [
                124.56158805986682,
                8.09360441194814
              ],
              [
                124.57619492274063,
                8.120390604242438
              ],
              [
                124.56172586045997,
                8.14381160078208
              ],
              [
                124.56627328003388,
                8.168713272741705
              ],
              [
                124.58308495239807,
                8.197518287906961
              ],
              [
                124.5801168222654,
                8.221747983796346
              ],
              [
                124.58294715180492,
                8.197787562483704
              ],
              [
                124.56627328003388,
                8.168982413417613
              ]
            ],
            [
              [
                124.60539013080592,
                8.23787969938467
              ],
              [
                124.59176638976646,
                8.223362220033925
              ],
              [
                124.5792265357899,
                8.229284787813022
              ],
              [
                124.57926020659637,
                8.228999744429325
              ],
              [
                124.59176638976646,
                8.223093079358017
              ],
              [
                124.60540864848822,
                8.237764861517384
              ],
              [
                124.60539013080592,
                8.23787969938467
              ]
            ],
            [
              [
                124.81734596075154,
                8.351908493375626
              ],
              [
                124.81733944135692,
                8.352043285877116
              ],
              [
                124.61849970483739,
                8.35473527387764
              ],
              [
                124.6157436929744,
                8.298874791841346
              ],
              [
                124.59948322298281,
                8.274646239373155
              ],
              [
                124.59950073618262,
                8.27453763043331
              ],
              [
                124.6157436929744,
                8.29874022150339
              ],
              [
                124.61849970483739,
                8.354600703539685
              ],
              [
                124.81734596075154,
                8.351908493375626
              ]
            ]
          ],
          [
            [
              [
                123.68765669811523,
                8.567273523226959
              ],
              [
                123.74443054249267,
                8.50656730391686
              ],
              [
                123.7843927145059,
                8.462955802353449
              ],
              [
                123.78136110145662,
                8.433881512611451
              ],
              [
                123.81829166042058,
                8.405345504221268
              ],
              [
                123.81718925567539,
                8.383674323777514
              ],
              [
                123.83896174939295,
                8.356888265384049
              ],
              [
                123.84791878794763,
                8.279087462228096
              ],
              [
                123.86473046031183,
                8.25593560636436
              ],
              [
                123.84915899328598,
                8.24435974538291
              ],
              [
                123.84819438913394,
                8.215420025978865
              ],
              [
                123.86638406742962,
                8.093065461092163
              ],
              [
                123.78880233348667,
                8.037204979055868
              ],
              [
                123.76096661367056,
                7.987401635136621
              ],
              [
                123.71287420666152,
                7.991439682581042
              ],
              [
                123.63777288339527,
                7.9517317920249315
              ],
              [
                123.63667047865007,
                7.969364657222597
              ],
              [
                123.60304713392169,
                7.962499963176999
              ],
              [
                123.56432516724679,
                7.982555897862818
              ],
              [
                123.55040730733874,
                8.149329654142317
              ],
              [
                123.55550592928526,
                8.547621433455834
              ],
              [
                123.56611657495773,
                8.542371851267337
              ],
              [
                123.57865642893431,
                8.55865887918464
              ],
              [
                123.5870622651164,
                8.553947846149622
              ],
              [
                123.60387393748059,
                8.577638117266002
              ],
              [
                123.58044783664525,
                8.584906656226291
              ],
              [
                123.61241757425583,
                8.594732701111855
              ],
              [
                123.61241757425583,
                8.594733370616023
              ],
              [
                123.62316602052147,
                8.586657141826349
              ],
              [
                123.61613819027086,
                8.576023407111402
              ],
              [
                123.63942649051306,
                8.56740876306908
              ],
              [
                123.68765669811523,
                8.567273523226959
              ]
            ]
          ],
          [
            [
              [
                124.7768325863657,
                8.998274598217204
              ],
              [
                124.74431164638251,
                9.02075346849034
              ],
              [
                124.67789176048464,
                9.036367376916214
              ],
              [
                124.63627598135362,
                9.086439995412197
              ],
              [
                124.64413061516312,
                9.148492185903493
              ],
              [
                124.71123950402674,
                9.172451597695781
              ],
              [
                124.78000200000812,
                9.119687036837403
              ],
              [
                124.79943188364216,
                9.063691984463157
              ],
              [
                124.79281745517099,
                9.048616357389097
              ],
              [
                124.80783771982425,
                9.038521037926792
              ],
              [
                124.7768325863657,
                8.998274598217204
              ]
            ]
          ]
        ]
      }
    },
    {
      "type": "Feature",
      "properties": {
        "Region": "Region XI - Davao Region",
        "Region_Code": "11",
        "Source_Geometry": "philippines.svg",
        "Classification": "17-region structure aligned with project PSA 2024 dataset",
        "SVG_Path_Count": 4
      },
      "geometry": {
        "type": "MultiPolygon",
        "coordinates": [
          [
            [
              [
                125.64966154337208,
                7.191493874017697
              ],
              [
                125.66550861158423,
                7.082060739591137
              ],
              [
                125.65062614752412,
                7.052448570199832
              ],
              [
                125.60625435653012,
                7.0046647186557145
              ],
              [
                125.58117464857698,
                6.998607044935332
              ],
              [
                125.5775918331551,
                6.982589827198103
              ],
              [
                125.55926435426628,
                7.004260338137689
              ],
              [
                125.5250898071653,
                6.985281233957158
              ],
              [
                125.48788364701504,
                6.939382706152719
              ],
              [
                125.49063965887802,
                6.8808305495557
              ],
              [
                125.45825651948797,
                6.857946897062034
              ],
              [
                125.45357129932091,
                6.832642317493555
              ],
              [
                125.42105035933773,
                6.810566087027606
              ],
              [
                125.3934902407079,
                6.766416304112383
              ],
              [
                125.3940414430805,
                6.757128942281131
              ],
              [
                125.39252563655586,
                6.719036833086291
              ],
              [
                125.37419815766702,
                6.691038168742082
              ],
              [
                125.38632460986415,
                6.602200321559822
              ],
              [
                125.36069369953842,
                6.569087984373404
              ],
              [
                125.38880502054083,
                6.567742280993878
              ],
              [
                125.44461426076622,
                6.5466087123977665
              ],
              [
                125.44902387974699,
                6.56343469117105
              ],
              [
                125.42215276408291,
                6.589412791933462
              ],
              [
                125.43110980263761,
                6.601123758856202
              ],
              [
                125.46514654914543,
                6.562625930134997
              ],
              [
                125.4858166381178,
                6.566664379281919
              ],
              [
                125.48374962922055,
                6.5400127573255755
              ],
              [
                125.52109358996397,
                6.523995539588345
              ],
              [
                125.52026678640507,
                6.4892683583464965
              ],
              [
                125.55278772638826,
                6.504478154056008
              ],
              [
                125.58365505925366,
                6.485094669357451
              ],
              [
                125.56546538095797,
                6.476211688044231
              ],
              [
                125.57345781536063,
                6.466655185537075
              ],
              [
                125.59536810967133,
                6.471231916035807
              ],
              [
                125.58227705332217,
                6.399890890804089
              ],
              [
                125.60818356483419,
                6.391410951000557
              ],
              [
                125.61934541287927,
                6.383469292548833
              ],
              [
                125.67308764420741,
                6.235944048927436
              ],
              [
                125.70450617944542,
                6.191389885494187
              ],
              [
                125.714290021559,
                6.148451905124709
              ],
              [
                125.70491958122486,
                6.10107109509028
              ],
              [
                125.71663263164254,
                6.082362470593994
              ],
              [
                125.70354157529337,
                6.006310814029758
              ],
              [
                125.66344160268699,
                5.904819338054924
              ],
              [
                125.51461696208597,
                5.73845023009512
              ],
              [
                125.4993210962464,
                5.692279883598097
              ],
              [
                125.41484933264601,
                5.564541166184945
              ],
              [
                125.3336847832812,
                5.547313484910312
              ],
              [
                125.32334973879502,
                5.561580618749984
              ],
              [
                125.3095696794801,
                5.580962764440201
              ],
              [
                125.39597065138459,
                5.644092990544291
              ],
              [
                125.47024517109195,
                5.797406767210166
              ],
              [
                125.47162317702345,
                5.824595331509984
              ],
              [
                125.48912385235337,
                5.836306298432726
              ],
              [
                125.48154481973017,
                5.892300949104472
              ],
              [
                125.53556265224462,
                6.038211348670435
              ],
              [
                125.53900766707335,
                6.08693786208439
              ],
              [
                125.51103414666409,
                6.117089651835846
              ],
              [
                125.50510872115868,
                6.210907271026526
              ],
              [
                125.45880772186058,
                6.28009383184266
              ],
              [
                125.49243106658896,
                6.315629774120566
              ],
              [
                125.4860922393041,
                6.369336059542944
              ],
              [
                125.42477097535274,
                6.458175245733543
              ],
              [
                125.35283906572892,
                6.478903094803288
              ],
              [
                125.32114492930462,
                6.431388383935074
              ],
              [
                125.25128002857804,
                6.4004291721558975
              ],
              [
                125.1731470922625,
                6.440810985608444
              ],
              [
                125.20015600851973,
                6.4806531787008375
              ],
              [
                125.19822680021564,
                6.505959097277653
              ],
              [
                125.18279313378294,
                6.58981717245149
              ],
              [
                125.13483852736705,
                6.647292766344885
              ],
              [
                125.1335983220287,
                6.688885043334835
              ],
              [
                125.15357940803533,
                6.697768024648056
              ],
              [
                125.12229867339047,
                6.721054718651411
              ],
              [
                125.10204198619756,
                6.782030480339918
              ],
              [
                125.12615708999866,
                6.796568093863835
              ],
              [
                125.14544917303954,
                6.784723226107312
              ],
              [
                125.16157184243798,
                6.802221387066192
              ],
              [
                125.16639486319819,
                6.843410622546452
              ],
              [
                125.2565164511177,
                6.916902095168737
              ],
              [
                125.27828894483525,
                6.9797631805969225
              ],
              [
                125.31494390261292,
                6.983532489067938
              ],
              [
                125.29082879881183,
                7.018125769476006
              ],
              [
                125.28573017686531,
                7.079370671840419
              ],
              [
                125.2427363918028,
                7.114097853082269
              ],
              [
                125.22771612714953,
                7.146805809750658
              ],
              [
                125.24673260900411,
                7.205627107023583
              ],
              [
                125.2273027253701,
                7.296082476277949
              ],
              [
                125.24879961790135,
                7.329193474456028
              ],
              [
                125.24356319536169,
                7.412648508120174
              ],
              [
                125.26630029323128,
                7.451952955464096
              ],
              [
                125.25486335894026,
                7.511713554421539
              ],
              [
                125.50662452768331,
                7.50552172473018
              ],
              [
                125.5104829442915,
                7.1931073790647915
              ],
              [
                125.5106206333331,
                7.193113733327748
              ],
              [
                125.50676232827647,
                7.505519046713504
              ],
              [
                125.25500064459307,
                7.511710889069338
              ],
              [
                125.25183123095064,
                7.5259786924131795
              ],
              [
                125.25376043925472,
                7.588973143071813
              ],
              [
                125.3022662480432,
                7.593953584584403
              ],
              [
                125.32252293523612,
                7.5730899600692005
              ],
              [
                125.36785933038217,
                7.583723694784149
              ],
              [
                125.39734865731609,
                7.567032821952152
              ],
              [
                125.4322122073828,
                7.6005490040532635
              ],
              [
                125.44433865957993,
                7.707693505428786
              ],
              [
                125.41898335044048,
                7.7589775247680155
              ],
              [
                125.42242836526921,
                7.851719250759244
              ],
              [
                125.38315519622172,
                7.923866760712841
              ],
              [
                125.67667045962929,
                7.9362503115236755
              ],
              [
                125.6766704596293,
                7.93625298954035
              ],
              [
                125.67670630203857,
                7.935983714963614
              ],
              [
                125.98217437464085,
                7.935983714963614
              ],
              [
                125.99939944878449,
                7.90098685744252
              ],
              [
                126.04707845401407,
                7.874066094810271
              ],
              [
                126.06981555188368,
                7.897487225250746
              ],
              [
                126.16434675878395,
                7.938002805636241
              ],
              [
                126.16434675878395,
                7.938002805636238
              ],
              [
                126.14877529175811,
                7.909601501484838
              ],
              [
                126.14893347260154,
                7.909093027787207
              ],
              [
                126.1644845593771,
                7.937457159738569
              ],
              [
                126.35272016961878,
                7.938937835158551
              ],
              [
                126.35272016961878,
                7.938944931902741
              ],
              [
                126.3623662111392,
                7.849702838103289
              ],
              [
                126.36167720817346,
                7.823859039877162
              ],
              [
                126.3859301125677,
                7.808244997550455
              ],
              [
                126.37518166630208,
                7.7933040747151825
              ],
              [
                126.38496550841566,
                7.771229049356737
              ],
              [
                126.4265812875467,
                7.770017246810994
              ],
              [
                126.42506548102205,
                7.75292266296514
              ],
              [
                126.45331460261761,
                7.7472692358619515
              ],
              [
                126.45965342990247,
                7.730982207944647
              ],
              [
                126.50237161377869,
                7.6811788640254
              ],
              [
                126.53434135138929,
                7.684409355541272
              ],
              [
                126.57154751153953,
                7.662199759844873
              ],
              [
                126.55266883027812,
                7.6412016988925515
              ],
              [
                126.5624526723917,
                7.61778070235291
              ],
              [
                126.5537712350233,
                7.581841584664481
              ],
              [
                126.5787131423833,
                7.551959471192266
              ],
              [
                126.56314167535744,
                7.55222861186817
              ],
              [
                126.55900765756297,
                7.524634863645321
              ],
              [
                126.58367396373666,
                7.514943522998546
              ],
              [
                126.60021003491455,
                7.431893003753263
              ],
              [
                126.59607601712008,
                7.398376286048817
              ],
              [
                126.55886985696982,
                7.396760102985047
              ],
              [
                126.55197982731237,
                7.384782673403077
              ],
              [
                126.55404683620961,
                7.352745559911943
              ],
              [
                126.57967774653534,
                7.346150943848087
              ],
              [
                126.55749185103834,
                7.324883474418192
              ],
              [
                126.57127191035325,
                7.278579227087388
              ],
              [
                126.55225542849867,
                7.2644459940814965
              ],
              [
                126.56782689552452,
                7.24062101872633
              ],
              [
                126.60654886219942,
                7.241558324562819
              ],
              [
                126.56672449077932,
                7.187718138306655
              ],
              [
                126.56286607417115,
                7.157431108713078
              ],
              [
                126.53558155672762,
                7.161873938378028
              ],
              [
                126.53902657155635,
                7.140203427438445
              ],
              [
                126.52497091105515,
                7.1248583918868125
              ],
              [
                126.53323894664409,
                7.102917401262985
              ],
              [
                126.51739187843195,
                7.099014191958183
              ],
              [
                126.5180808813977,
                7.080573369129468
              ],
              [
                126.48969395920898,
                7.073977414057273
              ],
              [
                126.46792146549141,
                7.043825624305816
              ],
              [
                126.47522489692832,
                7.022021212532449
              ],
              [
                126.45303900143132,
                7.014079554080725
              ],
              [
                126.44697577533276,
                6.977467049099197
              ],
              [
                126.45992903108878,
                6.95364207374403
              ],
              [
                126.41541943950162,
                6.962795534741497
              ],
              [
                126.39984797247577,
                6.949603624597108
              ],
              [
                126.36732703249258,
                6.951355047503
              ],
              [
                126.3412827203874,
                6.965217800824645
              ],
              [
                126.31771881895891,
                6.937220475488774
              ],
              [
                126.3109665898946,
                6.899127027285596
              ],
              [
                126.28313087007848,
                6.888763102750724
              ],
              [
                126.29181230744688,
                6.865476408747369
              ],
              [
                126.34665694352022,
                6.819845682610497
              ],
              [
                126.35120436309414,
                6.765331975160398
              ],
              [
                126.31372260175758,
                6.766001479329317
              ],
              [
                126.2893318967702,
                6.784712781842279
              ],
              [
                126.28657588490721,
                6.807459855485483
              ],
              [
                126.3020095513399,
                6.824554974934671
              ],
              [
                126.27858345050456,
                6.845553303688661
              ],
              [
                126.26507899237595,
                6.8723401654871275
              ],
              [
                126.24385770103099,
                6.89575942131593
              ],
              [
                126.19852130588494,
                6.911239696709684
              ],
              [
                126.17895362165777,
                6.860897000231956
              ],
              [
                126.1964542969877,
                6.845822444364565
              ],
              [
                126.18350104123168,
                6.837611645236935
              ],
              [
                126.26259858169927,
                6.718352867627317
              ],
              [
                126.22125840375453,
                6.6017868357850915
              ],
              [
                126.23366045713796,
                6.520081886018504
              ],
              [
                126.21436837409708,
                6.483469381036974
              ],
              [
                126.21505737706283,
                6.448337819277093
              ],
              [
                126.22925083815718,
                6.4009570092426635
              ],
              [
                126.21450617469023,
                6.396380278743932
              ],
              [
                126.19948591003697,
                6.362057478020107
              ],
              [
                126.20940755274371,
                6.29529452229546
              ],
              [
                126.19397388631101,
                6.244548784308044
              ],
              [
                126.1883240619919,
                6.310233838320729
              ],
              [
                126.16806737479898,
                6.3434814153492685
              ],
              [
                126.13733784252673,
                6.359633872928619
              ],
              [
                126.15166910421424,
                6.390593084707792
              ],
              [
                126.1122581345736,
                6.436088571002543
              ],
              [
                126.08511141772323,
                6.50042926064404
              ],
              [
                126.09420625687106,
                6.565847851997496
              ],
              [
                126.07009115306997,
                6.622379445012715
              ],
              [
                126.09420625687106,
                6.649301546653305
              ],
              [
                126.08456021535062,
                6.663973061011006
              ],
              [
                126.09847807525868,
                6.701931269372064
              ],
              [
                126.07656778094798,
                6.725756244727229
              ],
              [
                126.0813908017082,
                6.805978912263832
              ],
              [
                126.02461695733078,
                6.836265941857409
              ],
              [
                125.97817815743953,
                6.88862652390026
              ],
              [
                125.99154481497499,
                6.9706006143427555
              ],
              [
                125.95185824414804,
                7.004654274390676
              ],
              [
                125.9598506785507,
                7.019191887914593
              ],
              [
                125.94400361033856,
                7.031036755671117
              ],
              [
                125.95392525304528,
                7.051361563231174
              ],
              [
                126.29732433117283,
                7.2231161627257645
              ],
              [
                126.29167450685372,
                7.394197241026424
              ],
              [
                126.2484051206049,
                7.589237865020204
              ],
              [
                126.24834673147808,
                7.589425557376448
              ],
              [
                126.29153670626057,
                7.394743288626595
              ],
              [
                126.29718653057968,
                7.223662210325935
              ],
              [
                125.95378745245213,
                7.051908949839682
              ],
              [
                125.9438658097454,
                7.031582803271288
              ],
              [
                125.88543835825018,
                7.081790259906896
              ],
              [
                125.89384419443228,
                7.12068979112945
              ],
              [
                125.83913735895209,
                7.20670099171053
              ],
              [
                125.85691363546832,
                7.299443387205926
              ],
              [
                125.8518150135218,
                7.312904438026223
              ],
              [
                125.83334973403983,
                7.3127705371924385
              ],
              [
                125.83342000446694,
                7.313048520824381
              ],
              [
                125.81295524625375,
                7.316134126137088
              ],
              [
                125.71608142926993,
                7.2526021975316475
              ],
              [
                125.71594192025667,
                7.252603448863083
              ],
              [
                125.68080447742378,
                7.223260507824584
              ],
              [
                125.68052887623747,
                7.205762346865706
              ],
              [
                125.64966154337208,
                7.191493874017697
              ]
            ],
            [
              [
                125.83563059419055,
                7.410124971885269
              ],
              [
                125.88722976596112,
                7.434989862237019
              ],
              [
                125.88711000051781,
                7.435134885586317
              ],
              [
                125.83569234412336,
                7.410357464854133
              ],
              [
                125.83563059419055,
                7.410124971885269
              ]
            ],
            [
              [
                125.85418874315873,
                7.47543519995803
              ],
              [
                125.9208531106895,
                7.489503837488783
              ],
              [
                125.92089900886234,
                7.489753717269057
              ],
              [
                125.85401982301218,
                7.475639745158796
              ],
              [
                125.85418874315873,
                7.47543519995803
              ]
            ],
            [
              [
                125.9047455557598,
                7.634991733922923
              ],
              [
                125.94565721745634,
                7.702042890243108
              ],
              [
                125.94564718463558,
                7.702069743482805
              ],
              [
                125.90473044129105,
                7.635010392140051
              ],
              [
                125.9047455557598,
                7.634991733922923
              ]
            ]
          ],
          [
            [
              [
                125.6861787005566,
                6.9214774866591355
              ],
              [
                125.70629758715636,
                6.918919980733863
              ],
              [
                125.72118005121646,
                6.89724813078594
              ],
              [
                125.71497902452475,
                6.858617740239289
              ],
              [
                125.68852131064013,
                6.867905102070539
              ],
              [
                125.669918230565,
                6.906670732459313
              ],
              [
                125.6861787005566,
                6.9214774866591355
              ]
            ]
          ],
          [
            [
              [
                125.72434946485889,
                6.924438034094097
              ],
              [
                125.71318761681381,
                7.0264677914207425
              ],
              [
                125.69678934622907,
                7.033737267686869
              ],
              [
                125.68052887623747,
                7.0209483990521715
              ],
              [
                125.66523301039793,
                7.050697147293938
              ],
              [
                125.70877799783304,
                7.152187284260435
              ],
              [
                125.73440890815877,
                7.124189958924562
              ],
              [
                125.76320923212694,
                7.118401425880084
              ],
              [
                125.7987617851594,
                7.073713361613052
              ],
              [
                125.77726489262815,
                6.990124427115122
              ],
              [
                125.79448996677178,
                6.898862974841377
              ],
              [
                125.76665424695567,
                6.853771869064651
              ],
              [
                125.72434946485889,
                6.924438034094097
              ]
            ]
          ],
          [
            [
              [
                125.25486284399992,
                7.511716245102688
              ],
              [
                125.25486335894026,
                7.511713554421539
              ],
              [
                125.25486284399992,
                7.511713567086014
              ],
              [
                125.25486284399992,
                7.511716245102688
              ]
            ]
          ]
        ]
      }
    },
    {
      "type": "Feature",
      "properties": {
        "Region": "Region XII - SOCCSKSARGEN",
        "Region_Code": "12",
        "Source_Geometry": "philippines.svg",
        "Classification": "17-region structure aligned with project PSA 2024 dataset",
        "SVG_Path_Count": 4
      },
      "geometry": {
        "type": "MultiPolygon",
        "coordinates": [
          [
            [
              [
                125.3488428485276,
                5.38417004803636
              ],
              [
                125.32982636667303,
                5.386998033645874
              ],
              [
                125.3713043452109,
                5.425493184350403
              ],
              [
                125.39914006502703,
                5.431819998746693
              ],
              [
                125.39914006502703,
                5.4318199987466915
              ],
              [
                125.43000739789242,
                5.416474963195057
              ],
              [
                125.42229056467608,
                5.3638452404763015
              ],
              [
                125.40851050536116,
                5.374748785371324
              ],
              [
                125.35146105979743,
                5.365326183697951
              ],
              [
                125.3488428485276,
                5.38417004803636
              ]
            ]
          ],
          [
            [
              [
                125.48374962922057,
                5.463313474852663
              ],
              [
                125.46914276634676,
                5.475965764636902
              ],
              [
                125.47989121261239,
                5.490098997642789
              ],
              [
                125.47989121261239,
                5.4901030146678025
              ],
              [
                125.50097470336421,
                5.463317491877675
              ],
              [
                125.49380907252045,
                5.418091146258828
              ],
              [
                125.47231217998919,
                5.386458413285723
              ],
              [
                125.45233109398258,
                5.431684758904568
              ],
              [
                125.47451698947958,
                5.451740425788721
              ],
              [
                125.45701631414964,
                5.462643970683743
              ],
              [
                125.48374962922057,
                5.463313474852663
              ]
            ]
          ],
          [
            [
              [
                125.07737568002388,
                5.8781650380818995
              ],
              [
                125.0892265310347,
                5.858244611039874
              ],
              [
                125.07503306994035,
                5.843976138191863
              ],
              [
                124.92510602459413,
                5.844377840693214
              ],
              [
                124.824235990409,
                5.873586968574829
              ],
              [
                124.64165020448644,
                5.966598504746132
              ],
              [
                124.60430624374303,
                5.968213348801566
              ],
              [
                124.57881313401045,
                5.997019435173492
              ],
              [
                124.51886987599059,
                6.004556713107187
              ],
              [
                124.42723248154644,
                6.0668781781752195
              ],
              [
                124.35323356302537,
                6.097568249278485
              ],
              [
                124.39746755342624,
                6.190040165089638
              ],
              [
                124.39746755342624,
                6.190041504097975
              ],
              [
                124.39746755343587,
                6.1900415040938785
              ],
              [
                124.39746755342624,
                6.190041504097978
              ],
              [
                124.39746700175151,
                6.1900416931775055
              ],
              [
                124.35323356302537,
                6.097840067971067
              ],
              [
                124.32622464676815,
                6.0931294366385504
              ],
              [
                124.18635704472182,
                6.187216196505135
              ],
              [
                124.16885636939188,
                6.247921478509397
              ],
              [
                124.10877531077887,
                6.293956585164299
              ],
              [
                124.08066398977645,
                6.359642978185324
              ],
              [
                124.06853753757933,
                6.36866119934067
              ],
              [
                124.05654888597536,
                6.350758657863764
              ],
              [
                124.0364299993756,
                6.396255483166854
              ],
              [
                124.0429066272536,
                6.415234587347381
              ],
              [
                124.04263102606731,
                6.423983667826819
              ],
              [
                124.02513035073737,
                6.4776899532491985
              ],
              [
                124.03381178810577,
                6.487516935440597
              ],
              [
                124.0209963329429,
                6.492631947291143
              ],
              [
                124.02568155310996,
                6.50676518029703
              ],
              [
                124.0434578296262,
                6.498823521845308
              ],
              [
                124.06454132037801,
                6.5129567548511975
              ],
              [
                124.03629219878245,
                6.522244116682449
              ],
              [
                124.05324167173978,
                6.594661704617787
              ],
              [
                124.01631111277584,
                6.6836334526338295
              ],
              [
                124.0420798236947,
                6.715401425449057
              ],
              [
                124.10092067696938,
                6.714457424570881
              ],
              [
                124.2662813887483,
                6.718090154191438
              ],
              [
                124.28350646289194,
                6.689286745836187
              ],
              [
                124.51197984633313,
                6.688483340833484
              ],
              [
                124.58088014290769,
                6.759284745705052
              ],
              [
                124.55731624147919,
                6.823760675188671
              ],
              [
                124.65942648100267,
                6.845026805610226
              ],
              [
                124.65680826973284,
                6.832374515825988
              ],
              [
                124.69690824233922,
                6.830221390418741
              ],
              [
                124.66741891540532,
                6.74757511779065
              ],
              [
                124.7470676582455,
                6.745958934726881
              ],
              [
                124.77945079763553,
                6.639353785909838
              ],
              [
                124.80053428838734,
                6.616336232582388
              ],
              [
                124.88665965910553,
                6.623201328330488
              ],
              [
                125.0048877328356,
                6.68592326975925
              ],
              [
                124.89878611130266,
                6.747165381239276
              ],
              [
                124.84394147522931,
                6.73235996604779
              ],
              [
                124.8155545530406,
                6.744877015989907
              ],
              [
                124.8088023239763,
                6.959435695020193
              ],
              [
                124.79088824686691,
                6.959301794186409
              ],
              [
                124.7911638480532,
                6.9699361984055255
              ],
              [
                124.79460886288193,
                7.016912627921927
              ],
              [
                124.82147997854601,
                7.015828031168278
              ],
              [
                124.82354698744325,
                7.040863470060851
              ],
              [
                124.79488446406823,
                7.042081967648283
              ],
              [
                124.79543566644082,
                7.066176083679357
              ],
              [
                124.71013709928154,
                7.145323527520674
              ],
              [
                124.71427111707601,
                7.134419982625653
              ],
              [
                124.69277422454475,
                7.1280931682293645
              ],
              [
                124.6940144298831,
                7.101038504763329
              ],
              [
                124.72998038469501,
                7.0836742446382335
              ],
              [
                124.745689652314,
                7.059041847255349
              ],
              [
                124.72708657223887,
                7.060126444008997
              ],
              [
                124.73328759893059,
                7.035091005116426
              ],
              [
                124.71413331648286,
                7.053800968621049
              ],
              [
                124.70255806665834,
                7.024860981415337
              ],
              [
                124.69925085242276,
                7.039397255930917
              ],
              [
                124.68519519192155,
                7.036839750005644
              ],
              [
                124.67885636463669,
                7.017995885667238
              ],
              [
                124.70035325716795,
                7.00682320009631
              ],
              [
                124.7148223194486,
                6.974115243427919
              ],
              [
                124.70586528089392,
                6.963480839208803
              ],
              [
                124.71936973902253,
                6.955943561275108
              ],
              [
                124.68602199548044,
                6.930368502022386
              ],
              [
                124.68988041208863,
                6.912196819869575
              ],
              [
                124.67789176048464,
                6.906005245315409
              ],
              [
                124.62649213924004,
                6.933061247789782
              ],
              [
                124.58721897019254,
                6.9294271791608875
              ],
              [
                124.53402794123699,
                6.996459275561438
              ],
              [
                124.5023338048127,
                6.9869027730542825
              ],
              [
                124.42943729103683,
                7.043838746587529
              ],
              [
                124.50977503684275,
                7.1863842182005016
              ],
              [
                124.47050186779526,
                7.196480341067806
              ],
              [
                124.41565723172192,
                7.179654362294524
              ],
              [
                124.37417925318404,
                7.121102205697506
              ],
              [
                124.32980746219003,
                7.1271598794178885
              ],
              [
                124.40849160087816,
                7.255167737506946
              ],
              [
                124.42240946078623,
                7.248705683268536
              ],
              [
                124.48758914134575,
                7.393405619297093
              ],
              [
                124.43467371357649,
                7.467975395333841
              ],
              [
                124.44156374323394,
                7.597186754116949
              ],
              [
                124.49723518286618,
                7.62316525658186
              ],
              [
                124.5391265631835,
                7.626395748097732
              ],
              [
                124.56944269367631,
                7.61778110405541
              ],
              [
                124.60912926450325,
                7.568112330474117
              ],
              [
                124.64978043948223,
                7.558959271179152
              ],
              [
                124.70145566191314,
                7.585207048220804
              ],
              [
                124.8079755204174,
                7.549671775447067
              ],
              [
                124.82630299930622,
                7.4888308518981805
              ],
              [
                124.8009476901668,
                7.465275285020587
              ],
              [
                124.78937244034226,
                7.42893352752497
              ],
              [
                124.81844836549672,
                7.444143323234481
              ],
              [
                124.84090986218003,
                7.428124766488915
              ],
              [
                124.84146106455263,
                7.400262680995164
              ],
              [
                124.87949402826177,
                7.382226238684476
              ],
              [
                124.88142323656587,
                7.365534160744977
              ],
              [
                124.92992904535434,
                7.381686618324329
              ],
              [
                124.97457643753465,
                7.3507274065451575
              ],
              [
                125.05036676376666,
                7.355842418395701
              ],
              [
                125.06896984384178,
                7.401070103022883
              ],
              [
                125.15661102108461,
                7.414395914001055
              ],
              [
                125.16708386616395,
                7.470794007884994
              ],
              [
                125.1945061842006,
                7.518847401807518
              ],
              [
                125.2177944844428,
                7.517366726387536
              ],
              [
                125.2202748951195,
                7.5383649212406905
              ],
              [
                125.25169343035749,
                7.5259813704298555
              ],
              [
                125.25486284399992,
                7.511713567086012
              ],
              [
                125.266024692045,
                7.45195027744742
              ],
              [
                125.24314979358225,
                7.412510590261379
              ],
              [
                125.2483862161219,
                7.3290568956055715
              ],
              [
                125.22702712418379,
                7.295944558419153
              ],
              [
                125.24645700781782,
                7.205490528173124
              ],
              [
                125.22744052596325,
                7.1466678918918625
              ],
              [
                125.24246079061649,
                7.113959935223473
              ],
              [
                125.28545457567901,
                7.079232753981623
              ],
              [
                125.29055319762553,
                7.0181230914593336
              ],
              [
                125.31466830142662,
                6.983394571209146
              ],
              [
                125.27801334364896,
                6.9796252627381286
              ],
              [
                125.2562408499314,
                6.9166316154845
              ],
              [
                125.1661192620119,
                6.843137464845533
              ],
              [
                125.16129624125168,
                6.802083469207394
              ],
              [
                125.14517357185323,
                6.784450068406393
              ],
              [
                125.12588148881237,
                6.796296275171255
              ],
              [
                125.10176638501127,
                6.781758661647338
              ],
              [
                125.12202145298714,
                6.720787774052601
              ],
              [
                125.12202307220419,
                6.720788255992186
              ],
              [
                125.15330380684904,
                6.6975029009971685
              ],
              [
                125.13332272084241,
                6.6887524815093915
              ],
              [
                125.13456292618075,
                6.647026303685658
              ],
              [
                125.18251753259663,
                6.589550709792261
              ],
              [
                125.19808899962248,
                6.505692634618427
              ],
              [
                124.83526003786092,
                6.501654185471505
              ],
              [
                124.75147727722626,
                6.6374698011785025
              ],
              [
                124.67472234684222,
                6.567474479326313
              ],
              [
                124.65735947210543,
                6.595337903828401
              ],
              [
                124.64371721338367,
                6.588474147088638
              ],
              [
                124.60471964552248,
                6.483886883836719
              ],
              [
                124.6047198620616,
                6.483886125562906
              ],
              [
                124.64371721338368,
                6.588472808080303
              ],
              [
                124.65735947210544,
                6.595336564820066
              ],
              [
                124.67472234684222,
                6.567473140317979
              ],
              [
                124.75147727722627,
                6.637468462170167
              ],
              [
                124.83526003786092,
                6.50165284646317
              ],
              [
                125.1980889996225,
                6.505691295610092
              ],
              [
                125.20001820792658,
                6.480385377033276
              ],
              [
                125.17300929166936,
                6.440541844932543
              ],
              [
                125.1582646282024,
                6.434889890738525
              ],
              [
                125.1433821641423,
                6.394508077285982
              ],
              [
                125.11582204551249,
                6.394374176452198
              ],
              [
                125.07668667705813,
                6.316572435990407
              ],
              [
                125.07680334267128,
                6.3165316105693785
              ],
              [
                125.11582204551249,
                6.39423491958506
              ],
              [
                125.1433821641423,
                6.39423491958506
              ],
              [
                125.1582646282024,
                6.434615394029265
              ],
              [
                125.17300929166936,
                6.440537827907525
              ],
              [
                125.17300929166936,
                6.440537827907519
              ],
              [
                125.25114222798489,
                6.400157353463314
              ],
              [
                125.32100712871149,
                6.431116565242487
              ],
              [
                125.35270126513578,
                6.478632615119038
              ],
              [
                125.4246331747596,
                6.457903427040955
              ],
              [
                125.48595443871095,
                6.369064240850358
              ],
              [
                125.49229326599581,
                6.315357955427981
              ],
              [
                125.45866992126743,
                6.279822013150072
              ],
              [
                125.50497092056553,
                6.210635452333941
              ],
              [
                125.51089634607094,
                6.11681783314326
              ],
              [
                125.53886986648021,
                6.086666043391805
              ],
              [
                125.53542485165147,
                6.03793952997785
              ],
              [
                125.48140701913704,
                5.892030469420224
              ],
              [
                125.48898605176024,
                5.836034479740141
              ],
              [
                125.4714853764303,
                5.824323512817399
              ],
              [
                125.47010737049881,
                5.797133609509242
              ],
              [
                125.39583285079144,
                5.643821171851707
              ],
              [
                125.30943187888695,
                5.580692284755957
              ],
              [
                125.32321193820187,
                5.5613088000574
              ],
              [
                125.2952384177926,
                5.574499371193452
              ],
              [
                125.31012088185271,
                5.621477139718191
              ],
              [
                125.28834838813515,
                5.6816441403706435
              ],
              [
                125.23956697816037,
                5.706679579263216
              ],
              [
                125.218896889188,
                5.754598670649456
              ],
              [
                125.18444674090073,
                5.760790245203623
              ],
              [
                125.19064776759244,
                5.7738469155058905
              ],
              [
                125.1748006993803,
                5.788519768871929
              ],
              [
                125.18169072903775,
                5.824054372141498
              ],
              [
                125.20842404410868,
                5.81153732219938
              ],
              [
                125.22261750520303,
                5.846533644117136
              ],
              [
                125.21600307673188,
                5.871299942333804
              ],
              [
                125.2733281234819,
                5.901182591409352
              ],
              [
                125.26643809382445,
                5.91854551252611
              ],
              [
                125.29206900415018,
                5.959734748006374
              ],
              [
                125.27346592407505,
                6.063245448554669
              ],
              [
                125.241082784685,
                6.076840400208747
              ],
              [
                125.24106366788426,
                6.0771154525061455
              ],
              [
                125.1650168572667,
                6.084652174851705
              ],
              [
                125.14296876236286,
                6.001735422539371
              ],
              [
                125.10286878975647,
                5.93806825409181
              ],
              [
                125.05587742312586,
                5.942342922035037
              ],
              [
                125.10300659034961,
                5.937928997224661
              ],
              [
                125.09942377492774,
                5.89781766345636
              ],
              [
                125.07737568002388,
                5.8781650380818995
              ]
            ],
            [
              [
                125.05270937385019,
                6.037809646169087
              ],
              [
                125.01660561844513,
                5.984237261580493
              ],
              [
                124.79391985991619,
                5.991774539514186
              ],
              [
                124.66273369523824,
                6.060691959654413
              ],
              [
                124.58337380339681,
                6.086530506608378
              ],
              [
                124.58349835417752,
                6.086396902715894
              ],
              [
                124.6628714958314,
                6.060552702787266
              ],
              [
                124.79405766050934,
                5.991635282647037
              ],
              [
                125.01674341903828,
                5.984098004713342
              ],
              [
                125.05270887505428,
                6.037465174415671
              ],
              [
                125.05270937385019,
                6.037809646169087
              ]
            ],
            [
              [
                124.64661091628133,
                6.372161187490173
              ],
              [
                124.59686501171298,
                6.290591657211312
              ],
              [
                124.54532758987521,
                6.308629438530339
              ],
              [
                124.28199065636728,
                6.301495202106333
              ],
              [
                124.28199123451657,
                6.301493878761026
              ],
              [
                124.54532758987521,
                6.308628099522004
              ],
              [
                124.59686501171298,
                6.290590318202977
              ],
              [
                124.6466110258398,
                6.372160028127444
              ],
              [
                124.64661091628133,
                6.372161187490173
              ]
            ],
            [
              [
                124.6223581851279,
                6.428022078629259
              ],
              [
                124.62387392797021,
                6.458979989744581
              ],
              [
                124.62387386222862,
                6.458979986030563
              ],
              [
                124.62235812144556,
                6.428022116973741
              ],
              [
                124.6223581851279,
                6.428022078629259
              ]
            ],
            [
              [
                125.2738793258545,
                6.216019604860394
              ],
              [
                125.27386528112473,
                6.216269706713677
              ],
              [
                125.23598416273849,
                6.150472468706509
              ],
              [
                125.2360011028636,
                6.150228734391611
              ],
              [
                125.2738793258545,
                6.216019604860394
              ]
            ]
          ]
        ]
      }
    },
    {
      "type": "Feature",
      "properties": {
        "Region": "Region XIII - Caraga",
        "Region_Code": "13",
        "Source_Geometry": "philippines.svg",
        "Classification": "17-region structure aligned with project PSA 2024 dataset",
        "SVG_Path_Count": 5
      },
      "geometry": {
        "type": "MultiPolygon",
        "coordinates": [
          [
            [
              [
                125.65972098667197,
                9.57262776344314
              ],
              [
                125.64497632320501,
                9.577742775293684
              ],
              [
                125.6376728917681,
                9.618662334494704
              ],
              [
                125.61810520754094,
                9.612201351462964
              ],
              [
                125.62968045736547,
                9.635622348002606
              ],
              [
                125.66509520980478,
                9.629968920899417
              ],
              [
                125.65200415345561,
                9.618527630255919
              ],
              [
                125.65972098667197,
                9.57262776344314
              ]
            ]
          ],
          [
            [
              [
                125.62499523719839,
                9.677080188555438
              ],
              [
                125.64332271608723,
                9.698885939337146
              ],
              [
                125.66812682285406,
                9.661735420805472
              ],
              [
                125.63381447515994,
                9.676811047879532
              ],
              [
                125.62499523719839,
                9.677080188555438
              ]
            ]
          ],
          [
            [
              [
                125.71938864350552,
                9.699021179179265
              ],
              [
                125.74212574137512,
                9.688118303788412
              ],
              [
                125.72765667909447,
                9.660255414889658
              ],
              [
                125.70216356936189,
                9.671696705533156
              ],
              [
                125.69720274800852,
                9.699021179179265
              ],
              [
                125.71470342333845,
                9.702520945271877
              ],
              [
                125.71938864350552,
                9.699021179179265
              ]
            ]
          ],
          [
            [
              [
                125.51130974785039,
                9.791628468733373
              ],
              [
                125.5169595721695,
                9.815587746624825
              ],
              [
                125.5169595721695,
                9.815587746624827
              ],
              [
                125.55471693469235,
                9.767399782364349
              ],
              [
                125.51130974785039,
                9.791628468733373
              ]
            ]
          ],
          [
            [
              [
                125.61782960635463,
                9.864582865111354
              ],
              [
                125.5924742972152,
                9.880062337100105
              ],
              [
                125.57855643730714,
                9.8797931964242
              ],
              [
                125.56050455960462,
                9.893926563330924
              ],
              [
                125.58076124679754,
                9.902406503134456
              ],
              [
                125.57442241951267,
                9.931480926777288
              ],
              [
                125.57635162781676,
                9.946287413175442
              ],
              [
                125.59164749365631,
                9.954228937726329
              ],
              [
                125.59026948772483,
                9.979669024938596
              ],
              [
                125.57249321120858,
                9.989764210500066
              ],
              [
                125.57717843137566,
                9.96701619955102
              ],
              [
                125.54879150918694,
                9.985591458816858
              ],
              [
                125.5107585454778,
                9.964727968202489
              ],
              [
                125.47424138829328,
                10.036067788326703
              ],
              [
                125.48843484938764,
                10.044951706945762
              ],
              [
                125.49945889683957,
                10.08492887207861
              ],
              [
                125.5261922119105,
                10.084390590726798
              ],
              [
                125.52660561368994,
                10.092332115277687
              ],
              [
                125.54369288724043,
                10.10390811015997
              ],
              [
                125.51351455734077,
                10.142808444787532
              ],
              [
                125.52192039352286,
                10.176190190451521
              ],
              [
                125.51916438165989,
                10.184939404831795
              ],
              [
                125.51503036386542,
                10.220609247943484
              ],
              [
                125.55953995545258,
                10.219532685239862
              ],
              [
                125.55072071749103,
                10.280373474887915
              ],
              [
                125.58186365154273,
                10.257490893600918
              ],
              [
                125.59729731797543,
                10.263951876632657
              ],
              [
                125.61328218678072,
                10.33919517386334
              ],
              [
                125.64373611786667,
                10.36907715343472
              ],
              [
                125.64373611786667,
                10.369076751732221
              ],
              [
                125.68259588513472,
                10.29033368840893
              ],
              [
                125.64814573684744,
                10.204995071715947
              ],
              [
                125.65407116235285,
                10.150749835437587
              ],
              [
                125.62292822830116,
                10.168248398098966
              ],
              [
                125.62651104372303,
                10.146038802402568
              ],
              [
                125.64883473981318,
                10.141327635466716
              ],
              [
                125.66371720387329,
                10.098523823732688
              ],
              [
                125.65048834693097,
                10.086544117836546
              ],
              [
                125.65572476947064,
                10.066084338236033
              ],
              [
                125.6774972631882,
                10.068641710260474
              ],
              [
                125.65985878726511,
                10.05006658489547
              ],
              [
                125.6620635967555,
                10.022607407010577
              ],
              [
                125.69926975690575,
                9.961497342785783
              ],
              [
                125.67336324539373,
                9.896618371792476
              ],
              [
                125.68039107564434,
                9.866198110869286
              ],
              [
                125.65779177836788,
                9.852333884638469
              ],
              [
                125.7086401972399,
                9.796742677178914
              ],
              [
                125.70230136995504,
                9.771033449290739
              ],
              [
                125.67859966793338,
                9.77251399080989
              ],
              [
                125.66812682285406,
                9.757438497636663
              ],
              [
                125.64500270627582,
                9.785896313830934
              ],
              [
                125.6455275255776,
                9.767534352702302
              ],
              [
                125.66040998963771,
                9.75488166121556
              ],
              [
                125.69045051894422,
                9.756631477311448
              ],
              [
                125.59261209780836,
                9.710866314737457
              ],
              [
                125.59771071975487,
                9.737383232455015
              ],
              [
                125.58186365154272,
                9.726211082487422
              ],
              [
                125.57993444323864,
                9.745324757005903
              ],
              [
                125.62237702592856,
                9.813703360190987
              ],
              [
                125.64290996741639,
                9.820218595222865
              ],
              [
                125.64235811193518,
                9.84210412873905
              ],
              [
                125.5924742972152,
                9.858660297332259
              ],
              [
                125.61782960635463,
                9.864582865111354
              ]
            ]
          ],
          [
            [
              [
                125.49945889683957,
                10.320484942557052
              ],
              [
                125.4785132066809,
                10.324792264578212
              ],
              [
                125.46473314736599,
                10.354135828896949
              ],
              [
                125.47300118295495,
                10.36019296701399
              ],
              [
                125.50359291463404,
                10.343232953506096
              ],
              [
                125.49945889683957,
                10.320484942557052
              ]
            ]
          ],
          [
            [
              [
                125.47300118295495,
                10.360192967013996
              ],
              [
                125.47300118295495,
                10.36019296701399
              ],
              [
                125.47300118295493,
                10.360192967013996
              ],
              [
                125.47300118295495,
                10.360192967013996
              ]
            ]
          ],
          [
            [
              [
                125.47258778117549,
                9.700232580022506
              ],
              [
                125.49794309031492,
                9.700636960540534
              ],
              [
                125.49794309031492,
                9.700636424937201
              ],
              [
                125.50758913183536,
                9.672773536038447
              ],
              [
                125.54796470562805,
                9.676407738568175
              ],
              [
                125.56036675901146,
                9.65931315472232
              ],
              [
                125.57772963374825,
                9.66550486317732
              ],
              [
                125.56822139282096,
                9.648679553908208
              ],
              [
                125.59150969306316,
                9.627546654816264
              ],
              [
                125.58751347586184,
                9.610721345547152
              ],
              [
                125.6079079636479,
                9.58528112443405
              ],
              [
                125.59853752331377,
                9.57007106092287
              ],
              [
                125.60749456186846,
                9.549072866069714
              ],
              [
                125.61066397551089,
                9.53991980677475
              ],
              [
                125.65600037065694,
                9.508960996698079
              ],
              [
                125.68907251301272,
                9.512460762790688
              ],
              [
                125.71429002155901,
                9.494558355214616
              ],
              [
                125.74157453900253,
                9.50142318316105
              ],
              [
                125.74240134256142,
                9.475713955272877
              ],
              [
                125.84740539454103,
                9.451619973142638
              ],
              [
                125.87661912028864,
                9.430083363036836
              ],
              [
                125.87661912028864,
                9.410296569026924
              ],
              [
                125.91933730416486,
                9.40639322582129
              ],
              [
                125.74929137221888,
                9.238542505135667
              ],
              [
                125.74212574137512,
                9.30395989138162
              ],
              [
                125.68824570945382,
                9.347840667521771
              ],
              [
                125.5632605714676,
                9.370319403894076
              ],
              [
                125.56314133567065,
                9.370315395487644
              ],
              [
                125.68810790886067,
                9.3478399980176
              ],
              [
                125.74185014018883,
                9.303959221877449
              ],
              [
                125.74915357162573,
                9.238541835631498
              ],
              [
                125.74921650062439,
                9.23779851698033
              ],
              [
                125.91906170297857,
                9.405450965653953
              ],
              [
                125.91975070594431,
                9.38620272079752
              ],
              [
                125.91975070594431,
                9.386202051293347
              ],
              [
                125.95089363999601,
                9.365203856440193
              ],
              [
                125.960126279737,
                9.361165808995773
              ],
              [
                125.94744862516728,
                9.349858954789395
              ],
              [
                125.92388472373878,
                9.355781656469322
              ],
              [
                125.89742700985416,
                9.340706029395262
              ],
              [
                125.89604900392267,
                9.325361261645297
              ],
              [
                125.91892390238542,
                9.302478546457467
              ],
              [
                125.93297956288663,
                9.308401248137395
              ],
              [
                125.94951563406451,
                9.277711578736628
              ],
              [
                125.97748915447377,
                9.290768115138063
              ],
              [
                125.97294173489986,
                9.306785868478626
              ],
              [
                125.98865100251885,
                9.316746617602975
              ],
              [
                125.98796199955311,
                9.293325621063333
              ],
              [
                125.97018572303688,
                9.281615055843098
              ],
              [
                125.98685959480792,
                9.251733076271716
              ],
              [
                126.0207585407226,
                9.183354473086633
              ],
              [
                126.00752968378029,
                9.18227791038301
              ],
              [
                126.04983446587705,
                9.149703854548406
              ],
              [
                126.11969936660365,
                9.17177887990685
              ],
              [
                126.16944538073048,
                9.222659054331386
              ],
              [
                126.20830514799852,
                9.22117824501057
              ],
              [
                126.19245807978638,
                9.202602985744734
              ],
              [
                126.19865910647809,
                9.185373697660095
              ],
              [
                126.17481960386328,
                9.118610474133781
              ],
              [
                126.18060722877556,
                9.077287070018066
              ],
              [
                126.15966153861689,
                9.021157447305868
              ],
              [
                126.19108007385488,
                8.992621572816516
              ],
              [
                126.19852130588494,
                9.007697199890577
              ],
              [
                126.23875907908447,
                8.939991582296091
              ],
              [
                126.27775664694566,
                8.900956543429746
              ],
              [
                126.29084770329483,
                8.896514784971467
              ],
              [
                126.30917518218367,
                8.876055005370956
              ],
              [
                126.31248239641924,
                8.855056810517802
              ],
              [
                126.29277691159892,
                8.846307596137528
              ],
              [
                126.32750266107249,
                8.838635078361712
              ],
              [
                126.30917518218367,
                8.801484693730876
              ],
              [
                126.33701090199978,
                8.76191110571105
              ],
              [
                126.31702981599315,
                8.758411473519276
              ],
              [
                126.32929406878343,
                8.746970182875776
              ],
              [
                126.3022851525262,
                8.727587233780556
              ],
              [
                126.30504116438918,
                8.706320032152329
              ],
              [
                126.25584635263496,
                8.695955438113288
              ],
              [
                126.23999928442281,
                8.685860118650986
              ],
              [
                126.23889687967761,
                8.663785227193374
              ],
              [
                126.21395497231764,
                8.655574294164913
              ],
              [
                126.21367937113133,
                8.635518493379928
              ],
              [
                126.24647591230082,
                8.619904451053223
              ],
              [
                126.18873746377135,
                8.622327252739709
              ],
              [
                126.10647050966134,
                8.575754400336331
              ],
              [
                126.08428461416433,
                8.537527185200204
              ],
              [
                126.12672719685425,
                8.509125747147971
              ],
              [
                126.11528974762288,
                8.492434874315977
              ],
              [
                126.14505467574308,
                8.457303446456933
              ],
              [
                126.1650357617497,
                8.458380009160555
              ],
              [
                126.16145294632783,
                8.46874433539793
              ],
              [
                126.22056940078879,
                8.450707625285572
              ],
              [
                126.22663262688735,
                8.459995121017657
              ],
              [
                126.1877728596193,
                8.476955268426392
              ],
              [
                126.2099587551163,
                8.48516606755402
              ],
              [
                126.26328758466501,
                8.47776282435494
              ],
              [
                126.29015870032909,
                8.457033904078525
              ],
              [
                126.31551400946852,
                8.466321667612275
              ],
              [
                126.33880230971072,
                8.457707023569956
              ],
              [
                126.35547618148176,
                8.4758784379211
              ],
              [
                126.3648466218159,
                8.46470628795351
              ],
              [
                126.35354697317767,
                8.446669443940317
              ],
              [
                126.39295794281831,
                8.444246642253832
              ],
              [
                126.39846996654427,
                8.42082564571419
              ],
              [
                126.38510330900881,
                8.410999600828628
              ],
              [
                126.39902116891687,
                8.396327684768426
              ],
              [
                126.3645710206296,
                8.400904281366325
              ],
              [
                126.34982635716264,
                8.358369476407368
              ],
              [
                126.37531946689522,
                8.360792411994687
              ],
              [
                126.38220949655268,
                8.339794351042368
              ],
              [
                126.35836999393788,
                8.299951622346637
              ],
              [
                126.32088823260133,
                8.287298930859896
              ],
              [
                126.3393535120833,
                8.265358475839403
              ],
              [
                126.32846726522453,
                8.261320428394983
              ],
              [
                126.33191228005326,
                8.245571815730322
              ],
              [
                126.37752427638561,
                8.241533768285903
              ],
              [
                126.39116653510737,
                8.223766064948618
              ],
              [
                126.31620301243426,
                8.160906184627938
              ],
              [
                126.34569233936817,
                8.117833098317172
              ],
              [
                126.39213113925942,
                8.137216047412393
              ],
              [
                126.44160155219994,
                8.179750718470514
              ],
              [
                126.45827542397097,
                8.177327916784028
              ],
              [
                126.43016410296856,
                8.048243094288848
              ],
              [
                126.45400360558335,
                8.03410959348129
              ],
              [
                126.41721084721254,
                7.991440352085215
              ],
              [
                126.4243764780563,
                7.951328616614411
              ],
              [
                126.40825380865786,
                7.94729043526916
              ],
              [
                126.41748644839885,
                7.922792608224228
              ],
              [
                126.45138539431352,
                7.92615767007805
              ],
              [
                126.40825380865786,
                7.892641354076108
              ],
              [
                126.38882392502384,
                7.892641354076108
              ],
              [
                126.36222841054607,
                7.849298993188601
              ],
              [
                126.35258236902563,
                7.938541220888887
              ],
              [
                126.35253872468476,
                7.938943489598908
              ],
              [
                126.16434675878395,
                7.938003073437901
              ],
              [
                126.06995335247683,
                7.897891204066266
              ],
              [
                126.04721625460722,
                7.874335637188672
              ],
              [
                125.99953724937764,
                7.901390836258042
              ],
              [
                125.982312175234,
                7.936253257342013
              ],
              [
                125.6766704596293,
                7.936253257342013
              ],
              [
                125.38301739562857,
                7.923869706531178
              ],
              [
                125.37667856834372,
                7.963173886073431
              ],
              [
                125.38921842232028,
                8.014054060497967
              ],
              [
                125.36965073809311,
                8.035994515518459
              ],
              [
                125.37350915470128,
                8.08754754163276
              ],
              [
                125.35394147047411,
                8.128736241509687
              ],
              [
                125.3648277173329,
                8.170059511724567
              ],
              [
                125.34567343488517,
                8.183789033716595
              ],
              [
                125.33216897675656,
                8.2323809767926
              ],
              [
                125.27911574839416,
                8.268050819904289
              ],
              [
                125.26244187662311,
                8.301297861329495
              ],
              [
                125.24549240366578,
                8.508587331895322
              ],
              [
                125.24356319536169,
                8.585042163870078
              ],
              [
                125.43882663585396,
                8.585714346055674
              ],
              [
                125.49821869150122,
                8.625691645089358
              ],
              [
                125.67598145666355,
                8.623134139164085
              ],
              [
                125.67598128327671,
                8.623134677261971
              ],
              [
                125.49821869150122,
                8.625692180692695
              ],
              [
                125.43882663585396,
                8.585714881659014
              ],
              [
                125.24356319536169,
                8.585042699473417
              ],
              [
                125.23281474909606,
                8.777256542965185
              ],
              [
                125.25679205230401,
                8.795966372568975
              ],
              [
                125.22041269571264,
                8.844289041068238
              ],
              [
                125.23749996926313,
                8.877401512155489
              ],
              [
                125.20690823758403,
                9.010389677856304
              ],
              [
                125.22096389808524,
                9.005005659230687
              ],
              [
                125.23874017460147,
                8.949549022109084
              ],
              [
                125.2806315549188,
                8.911725517986815
              ],
              [
                125.332582378536,
                8.910244842566833
              ],
              [
                125.33313358090861,
                8.88897750703777
              ],
              [
                125.34167721768385,
                8.909571856976235
              ],
              [
                125.42876719255408,
                8.89543849006951
              ],
              [
                125.52109358996397,
                8.93501181028767
              ],
              [
                125.51268775378188,
                8.946991516183811
              ],
              [
                125.53638945580352,
                8.99046844740927
              ],
              [
                125.52054238759138,
                9.058981620932308
              ],
              [
                125.5315664350433,
                9.110265640271535
              ],
              [
                125.50607332531072,
                9.160068850289948
              ],
              [
                125.50648672709016,
                9.209737623871241
              ],
              [
                125.46266613846876,
                9.297229901574807
              ],
              [
                125.45439810287981,
                9.351743475124069
              ],
              [
                125.4545203824517,
                9.351797359120061
              ],
              [
                125.39238783596272,
                9.564821478734373
              ],
              [
                125.40230947866945,
                9.674254077557594
              ],
              [
                125.4411692459375,
                9.699694298670698
              ],
              [
                125.43841323407452,
                9.730114559593888
              ],
              [
                125.46004792719893,
                9.716923452854502
              ],
              [
                125.45164209101682,
                9.69740593342133
              ],
              [
                125.47258778117549,
                9.700232580022506
              ]
            ],
            [
              [
                125.69720274800851,
                8.904859351032044
              ],
              [
                125.74805116688053,
                8.991140093991529
              ],
              [
                125.76885905644605,
                9.080382321691815
              ],
              [
                125.76885900298193,
                9.08038262799479
              ],
              [
                125.74805116688053,
                8.991140629594867
              ],
              [
                125.69720274800852,
                8.904859886635382
              ],
              [
                125.67143403708964,
                8.829885596179773
              ],
              [
                125.67143405140179,
                8.829885102217782
              ],
              [
                125.69720274800851,
                8.904859351032044
              ]
            ],
            [
              [
                125.64098010600368,
                8.731759717662095
              ],
              [
                125.64098021646124,
                8.731759374862259
              ],
              [
                125.67267424242797,
                8.787081248842407
              ],
              [
                125.67267422765637,
                8.787081758661934
              ],
              [
                125.64098010600368,
                8.731759717662095
              ]
            ],
            [
              [
                126.01772692767332,
                8.588946042679053
              ],
              [
                126.017515614552,
                8.589612908838303
              ],
              [
                125.99416302624482,
                8.574139020677562
              ],
              [
                125.99422698590318,
                8.573374515191313
              ],
              [
                126.01772692767332,
                8.588946042679053
              ]
            ],
            [
              [
                126.10991552449006,
                8.398482015283173
              ],
              [
                126.10923759616576,
                8.398418686941612
              ],
              [
                126.06154751629472,
                8.346659045087963
              ],
              [
                126.06187746776853,
                8.346344835479794
              ],
              [
                126.10991552449006,
                8.398482015283173
              ]
            ],
            [
              [
                126.28120166177439,
                8.333468473951912
              ],
              [
                126.28106195613539,
                8.333271668692385
              ],
              [
                126.26935081076357,
                8.27168502243402
              ],
              [
                126.26943376384509,
                8.271583376980908
              ],
              [
                126.28120166177439,
                8.333468473951912
              ]
            ],
            [
              [
                126.29262012739072,
                8.241535758351915
              ],
              [
                126.29263911100577,
                8.24261126829536
              ],
              [
                126.29263287314885,
                8.242618911734354
              ],
              [
                126.29262012739072,
                8.241535758351915
              ]
            ],
            [
              [
                126.29222570922633,
                8.219190137854886
              ],
              [
                126.29223515505788,
                8.219725288073727
              ],
              [
                126.27334702796489,
                8.219323636986168
              ],
              [
                126.22277421027917,
                8.163059310035178
              ],
              [
                126.20844294859167,
                8.112583114426169
              ],
              [
                126.20845734833065,
                8.112581169134607
              ],
              [
                126.22263640968603,
                8.162521564286706
              ],
              [
                126.27320922737175,
                8.218785757336859
              ],
              [
                126.29222570922633,
                8.219190137854886
              ]
            ],
            [
              [
                126.36153940758032,
                8.058742258665841
              ],
              [
                126.36121888132833,
                8.058709061798814
              ],
              [
                126.3017339501536,
                8.00207355119682
              ],
              [
                126.30195161020347,
                8.002008676205746
              ],
              [
                126.36153940758032,
                8.058742258665841
              ]
            ]
          ],
          [
            [
              [
                125.8891589742652,
                9.521209307666792
              ],
              [
                125.90762425374719,
                9.532515894071505
              ],
              [
                125.91175827154166,
                9.535477378812303
              ],
              [
                125.90845105730608,
                9.562532577881672
              ],
              [
                125.92801874153325,
                9.56347390074317
              ],
              [
                125.91713249467448,
                9.603181925200115
              ],
              [
                125.92636513441546,
                9.610585034498358
              ],
              [
                125.90748645315404,
                9.62754504800626
              ],
              [
                125.92209331602784,
                9.634813720867383
              ],
              [
                125.91520328637039,
                9.66200362417554
              ],
              [
                125.94386567218866,
                9.666041786140816
              ],
              [
                125.94042079491668,
                9.642083197133513
              ],
              [
                125.96164208626163,
                9.642083197133513
              ],
              [
                125.96329569337942,
                9.653524487777013
              ],
              [
                125.97252833312041,
                9.636026192917297
              ],
              [
                125.96109088388904,
                9.629699646322678
              ],
              [
                125.96343349397257,
                9.59604875998278
              ],
              [
                125.98699739540106,
                9.592145282876315
              ],
              [
                125.99195821675444,
                9.57101265158604
              ],
              [
                125.96866991651224,
                9.532246887296433
              ],
              [
                125.96398469634516,
                9.477463101864595
              ],
              [
                125.94000739313722,
                9.469387006975753
              ],
              [
                125.93945619076463,
                9.484058655234287
              ],
              [
                125.9048682418842,
                9.506941370422117
              ],
              [
                125.8891589742652,
                9.521209307666792
              ]
            ]
          ],
          [
            [
              [
                126.07243376315351,
                9.636429903931157
              ],
              [
                126.07188256078092,
                9.617181659074724
              ],
              [
                126.03577880537586,
                9.6206812912665
              ],
              [
                126.01028569564326,
                9.590799311695118
              ],
              [
                126.010974698609,
                9.611393661633583
              ],
              [
                125.9752843449834,
                9.598067984556243
              ],
              [
                125.9677053123602,
                9.622296537024436
              ],
              [
                125.98327677938605,
                9.628622815817389
              ],
              [
                125.982312175234,
                9.64410228780614
              ],
              [
                126.00835648733917,
                9.615431842978836
              ],
              [
                126.03164478758137,
                9.640467951375578
              ],
              [
                126.07243376315351,
                9.636429903931157
              ]
            ]
          ],
          [
            [
              [
                125.9438658097454,
                9.666042742826633
              ],
              [
                125.9438658097454,
                9.666041805520793
              ],
              [
                125.94386567218866,
                9.666041786140816
              ],
              [
                125.9438658097454,
                9.666042742826633
              ]
            ]
          ],
          [
            [
              [
                125.97307953549301,
                9.718270495242374
              ],
              [
                125.95020463703025,
                9.741287780768156
              ],
              [
                125.96067748210959,
                9.76080530020133
              ],
              [
                125.99498982980371,
                9.762151405283358
              ],
              [
                125.9612286844822,
                9.785706972160954
              ],
              [
                125.97748915447377,
                9.808724123785902
              ],
              [
                125.98506818709699,
                9.831068289820255
              ],
              [
                126.02323895139928,
                9.880467788824808
              ],
              [
                126.03784581427308,
                9.9092729378909
              ],
              [
                126.03095578461563,
                9.932424659853801
              ],
              [
                126.06347672459881,
                9.966614095347177
              ],
              [
                126.06347672459881,
                9.966613024140504
              ],
              [
                126.12259317905978,
                9.782879254353102
              ],
              [
                126.11349833991194,
                9.76982271795167
              ],
              [
                126.10013168237647,
                9.763630875595835
              ],
              [
                126.10178528949426,
                9.759996673066107
              ],
              [
                126.12493578914331,
                9.743171095995326
              ],
              [
                126.14353886921845,
                9.751247324785002
              ],
              [
                126.1498776965033,
                9.713154546085992
              ],
              [
                126.17040998488251,
                9.713694166446142
              ],
              [
                126.165311362936,
                9.692830541930938
              ],
              [
                126.11584094999547,
                9.655006903907836
              ],
              [
                126.05300387951948,
                9.661467886939576
              ],
              [
                126.026683966228,
                9.678158759771572
              ],
              [
                125.97307953549301,
                9.718270495242374
              ]
            ]
          ],
          [
            [
              [
                125.9831389787929,
                9.848431077036173
              ],
              [
                125.97390633905191,
                9.82245257457126
              ],
              [
                125.94965343465766,
                9.796339501768394
              ],
              [
                125.93105035458254,
                9.789070962808102
              ],
              [
                125.92209331602784,
                9.778571932331943
              ],
              [
                125.90982906323758,
                9.784090655196344
              ],
              [
                125.90762425374719,
                9.795935790754536
              ],
              [
                125.91506548577723,
                9.789070962808102
              ],
              [
                125.96067748210959,
                9.833624724538852
              ],
              [
                125.95351185126584,
                9.83995113723264
              ],
              [
                125.9752843449834,
                9.844393029591753
              ],
              [
                125.97170152956151,
                9.865929639697551
              ],
              [
                125.9831389787929,
                9.848431077036173
              ]
            ]
          ]
        ]
      }
    },
    {
      "type": "Feature",
      "properties": {
        "Region": "Bangsamoro Autonomous Region in Muslim Mindanao",
        "Region_Code": "BARMM",
        "Source_Geometry": "philippines.svg",
        "Classification": "17-region structure aligned with project PSA 2024 dataset",
        "SVG_Path_Count": 5
      },
      "geometry": {
        "type": "MultiPolygon",
        "coordinates": [
          [
            [
              [
                119.39323901321679,
                4.717074755116695
              ],
              [
                119.40743247431114,
                4.742245433851387
              ],
              [
                119.38827819186342,
                4.758263990596955
              ],
              [
                119.4216259354055,
                4.800798929456747
              ],
              [
                119.42093693243976,
                4.77764747529551
              ],
              [
                119.40095584643313,
                4.683021095068774
              ],
              [
                119.39323901321679,
                4.717074755116695
              ]
            ]
          ],
          [
            [
              [
                119.50706230315794,
                4.773609026148588
              ],
              [
                119.48184479461166,
                4.684097657772398
              ],
              [
                119.45883209555575,
                4.658387358677555
              ],
              [
                119.4657221252132,
                4.8033564353820175
              ],
              [
                119.4446386344614,
                4.9118455689303975
              ],
              [
                119.45593828309963,
                4.923288734185569
              ],
              [
                119.49479805036766,
                4.846967936945427
              ],
              [
                119.50706230315794,
                4.773609026148588
              ]
            ]
          ],
          [
            [
              [
                119.8266218786707,
                4.834718688670879
              ],
              [
                119.86741085424283,
                4.807394884528936
              ],
              [
                119.81546003062562,
                4.809548009936183
              ],
              [
                119.80801879859557,
                4.828796254792618
              ],
              [
                119.8266218786707,
                4.834718688670879
              ]
            ]
          ],
          [
            [
              [
                119.85252839018273,
                4.8748300224391805
              ],
              [
                119.8027823760559,
                4.8675618851813915
              ],
              [
                119.78914011733414,
                4.925171379908573
              ],
              [
                119.80223117368331,
                4.934326179914379
              ],
              [
                119.80223117368331,
                4.934326179914375
              ],
              [
                119.85225278899642,
                4.909155501179681
              ],
              [
                119.85252839018273,
                4.8748300224391805
              ]
            ]
          ],
          [
            [
              [
                120.00645165273026,
                4.970265163701969
              ],
              [
                119.98702176909624,
                4.966360615388831
              ],
              [
                119.99032898333182,
                5.013472284747353
              ],
              [
                120.01885370611369,
                5.01683721270034
              ],
              [
                120.00645165273026,
                4.970265163701969
              ]
            ]
          ],
          [
            [
              [
                120.12165294860291,
                5.036347903190995
              ],
              [
                120.13708661503561,
                5.027329682035649
              ],
              [
                120.13419280257948,
                5.01185074565023
              ],
              [
                120.09864024954702,
                5.039174549792172
              ],
              [
                120.12165294860291,
                5.036347903190995
              ]
            ]
          ],
          [
            [
              [
                119.77742706691647,
                5.037432499944645
              ],
              [
                119.77742706691647,
                5.037432499944643
              ],
              [
                119.7716394420042,
                5.0189916771159275
              ],
              [
                119.73636249015803,
                5.021683083874983
              ],
              [
                119.7407721091388,
                5.040393047379608
              ],
              [
                119.77742706691647,
                5.037432499944645
              ]
            ]
          ],
          [
            [
              [
                120.21384154541965,
                5.022752951536917
              ],
              [
                120.1847656202652,
                5.0304254693127355
              ],
              [
                120.20901852465944,
                5.051423798066722
              ],
              [
                120.22831060770031,
                5.0411937743656345
              ],
              [
                120.2234875869401,
                5.032040313368167
              ],
              [
                120.21384154541965,
                5.022752951536917
              ]
            ]
          ],
          [
            [
              [
                119.80994800689966,
                5.12316786480813
              ],
              [
                119.8171136377434,
                5.064749609044892
              ],
              [
                119.80126656953126,
                5.0577506124630105
              ],
              [
                119.79093152504508,
                5.0705381420893705
              ],
              [
                119.78541950131911,
                5.0480588701137314
              ],
              [
                119.74173671329085,
                5.041867295559566
              ],
              [
                119.76847002836178,
                5.103246098757763
              ],
              [
                119.80994800689966,
                5.123167864808133
              ],
              [
                119.80994800689966,
                5.12316786480813
              ]
            ]
          ],
          [
            [
              [
                120.30975075825143,
                5.127609355464738
              ],
              [
                120.31856999621297,
                5.107822829256495
              ],
              [
                120.30230952622138,
                5.096516242851784
              ],
              [
                120.26703257437521,
                5.098401566591461
              ],
              [
                120.30975075825143,
                5.127609355464738
              ]
            ]
          ],
          [
            [
              [
                120.05688666982283,
                5.182661344266641
              ],
              [
                120.03979939627234,
                5.1837459410202875
              ],
              [
                119.99584100705779,
                5.15790174109166
              ],
              [
                119.99997502485226,
                5.134884187764209
              ],
              [
                119.99088018570441,
                5.126539487802798
              ],
              [
                119.96097745699106,
                5.081985324369549
              ],
              [
                119.93066132649827,
                5.0924858277548815
              ],
              [
                119.88932114855353,
                5.069333034585309
              ],
              [
                119.8810531129646,
                5.064756304086577
              ],
              [
                119.86052082458538,
                5.052642295654147
              ],
              [
                119.82014525079269,
                5.0612574752998025
              ],
              [
                119.8249682715529,
                5.114963760722182
              ],
              [
                119.81091261105169,
                5.128557373367922
              ],
              [
                119.82992909290627,
                5.152114547055522
              ],
              [
                119.85735141094294,
                5.149421801288128
              ],
              [
                119.94127197217074,
                5.190744937602172
              ],
              [
                119.97916713528674,
                5.237856606960694
              ],
              [
                120.02946435178616,
                5.2330107357860545
              ],
              [
                120.06942652379941,
                5.270161522119393
              ],
              [
                120.07714335701576,
                5.280122405144574
              ],
              [
                120.17153676332289,
                5.341232067666866
              ],
              [
                120.21053433118408,
                5.347423642221029
              ],
              [
                120.21053433118408,
                5.3474169471793545
              ],
              [
                120.21521955135115,
                5.301381840524453
              ],
              [
                120.25380371743289,
                5.2762111617897585
              ],
              [
                120.23037761659755,
                5.234889364484051
              ],
              [
                120.23933465515223,
                5.184681907848445
              ],
              [
                120.21880236677302,
                5.150626908792187
              ],
              [
                120.2234875869401,
                5.128418116500793
              ],
              [
                120.16602473959692,
                5.148203303700697
              ],
              [
                120.19330925704044,
                5.186026272219632
              ],
              [
                120.1696075550188,
                5.1958532544110305
              ],
              [
                120.15789450460112,
                5.166645465537751
              ],
              [
                120.12206635038235,
                5.1891233985050516
              ],
              [
                120.09712444302237,
                5.154396217263201
              ],
              [
                120.0865137973499,
                5.1638174799282375
              ],
              [
                120.07424954455962,
                5.1710869561943635
              ],
              [
                120.05922927990638,
                5.165433662992006
              ],
              [
                120.05688666982283,
                5.182661344266641
              ]
            ]
          ],
          [
            [
              [
                120.2700641874245,
                5.256558536415298
              ],
              [
                120.30906175528568,
                5.2239858195890285
              ],
              [
                120.31002635943773,
                5.197738578150712
              ],
              [
                120.27474940759156,
                5.177143290906413
              ],
              [
                120.26854838089984,
                5.19073824256049
              ],
              [
                120.24718928896174,
                5.186026272219637
              ],
              [
                120.2700641874245,
                5.256558536415298
              ]
            ]
          ],
          [
            [
              [
                120.31705418968833,
                5.38375897247664
              ],
              [
                120.33441706442511,
                5.379183580986243
              ],
              [
                120.31126656477606,
                5.362626742888866
              ],
              [
                120.28728926156812,
                5.369356598794845
              ],
              [
                120.31705418968833,
                5.38375897247664
              ]
            ]
          ],
          [
            [
              [
                120.02105851560407,
                5.8703586194723005
              ],
              [
                120.0087942628138,
                5.853398739865236
              ],
              [
                119.97269050740874,
                5.84612926359911
              ],
              [
                119.9708990996978,
                5.85420616189295
              ],
              [
                120.02105851560407,
                5.8703586194723005
              ]
            ]
          ],
          [
            [
              [
                119.96152865936367,
                5.847476305986971
              ],
              [
                119.91977507963948,
                5.856359287300194
              ],
              [
                119.93824035912147,
                5.8707616609819855
              ],
              [
                119.93824035912147,
                5.870761660981989
              ],
              [
                119.96152865936367,
                5.847476305986971
              ]
            ]
          ],
          [
            [
              [
                119.98316335248806,
                5.921776539645313
              ],
              [
                119.99763241476873,
                5.922861136398961
              ],
              [
                119.99763241476873,
                5.9228544413572735
              ],
              [
                119.99639220943038,
                5.905221040556272
              ],
              [
                119.99542760527834,
                5.893779214309442
              ],
              [
                119.97668672461006,
                5.903470956658717
              ],
              [
                119.98316335248806,
                5.921776539645313
              ]
            ]
          ],
          [
            [
              [
                120.08968321099232,
                5.957716862441245
              ],
              [
                120.09988045488535,
                5.972387037790609
              ],
              [
                120.11807013318104,
                5.9630996759593575
              ],
              [
                120.12371995750014,
                5.939140799770408
              ],
              [
                120.11021549937153,
                5.936717194678918
              ],
              [
                120.08968321099232,
                5.957716862441245
              ]
            ]
          ],
          [
            [
              [
                118.40768917101444,
                6.9790802863446295
              ],
              [
                118.4533011673468,
                6.994560561738382
              ],
              [
                118.476589467589,
                6.987021944796348
              ],
              [
                118.50566539274345,
                7.007348091364742
              ],
              [
                118.50566539274345,
                7.00734809136474
              ],
              [
                118.52674888349526,
                6.9867528041204405
              ],
              [
                118.50924820816533,
                6.9517564822026845
              ],
              [
                118.5352925202705,
                6.923759156866813
              ],
              [
                118.43015066769775,
                6.948121074565453
              ],
              [
                118.42959946532515,
                6.966023616042358
              ],
              [
                118.40768917101444,
                6.9790802863446295
              ]
            ]
          ],
          [
            [
              [
                120.33786207925384,
                5.12518575037325
              ],
              [
                120.32270401400744,
                5.130302101232132
              ],
              [
                120.32477102290468,
                5.15951122911375
              ],
              [
                120.34048029052367,
                5.166241085019729
              ],
              [
                120.34585451365649,
                5.151434330819907
              ],
              [
                120.33786207925384,
                5.12518575037325
              ]
            ]
          ],
          [
            [
              [
                120.34048029052367,
                5.1860262722196335
              ],
              [
                120.33138545137584,
                5.225465423802342
              ],
              [
                120.36170158186864,
                5.258443860154975
              ],
              [
                120.34048029052367,
                5.1860262722196335
              ]
            ]
          ],
          [
            [
              [
                120.5951357866632,
                5.398027445324647
              ],
              [
                120.57102068286211,
                5.40946927157148
              ],
              [
                120.58066672438255,
                5.43383252827846
              ],
              [
                120.60726223886033,
                5.411218016460696
              ],
              [
                120.5951357866632,
                5.3980274453246455
              ],
              [
                120.5951357866632,
                5.398027445324647
              ]
            ]
          ],
          [
            [
              [
                120.83821603297821,
                5.477181584207662
              ],
              [
                120.81106931612784,
                5.453625749528399
              ],
              [
                120.80404148587724,
                5.4765094020220655
              ],
              [
                120.82085315824143,
                5.510832202745892
              ],
              [
                120.82085315824143,
                5.510832202745888
              ],
              [
                120.83821603297821,
                5.477181584207662
              ]
            ]
          ],
          [
            [
              [
                120.77524116190908,
                5.478527287587189
              ],
              [
                120.80776210189227,
                5.514197130698879
              ],
              [
                120.80128547401425,
                5.470988670645157
              ],
              [
                120.80128547401425,
                5.470988670645156
              ],
              [
                120.77524116190908,
                5.478527287587189
              ]
            ]
          ],
          [
            [
              [
                120.76711092691328,
                5.555655506855047
              ],
              [
                120.79549784910199,
                5.561577940733306
              ],
              [
                120.8114827179073,
                5.548655171264825
              ],
              [
                120.80100987282796,
                5.515678073920528
              ],
              [
                120.76118550140787,
                5.4922574790833885
              ],
              [
                120.74823224565185,
                5.522541830660289
              ],
              [
                120.76711092691328,
                5.555655506855047
              ]
            ]
          ],
          [
            [
              [
                120.90601392480757,
                5.533580615397433
              ],
              [
                120.88286342515852,
                5.494948885842446
              ],
              [
                120.85805931839168,
                5.483912779121976
              ],
              [
                120.8171325422264,
                5.519984324735017
              ],
              [
                120.81410092917712,
                5.538560387405859
              ],
              [
                120.82319576832496,
                5.567095994093542
              ],
              [
                120.85116928873423,
                5.579480482210213
              ],
              [
                120.85116928873423,
                5.5794804822102115
              ],
              [
                120.90601392480757,
                5.533580615397433
              ]
            ]
          ],
          [
            [
              [
                121.04078290490739,
                5.648127422666196
              ],
              [
                121.01253378331182,
                5.67181849718758
              ],
              [
                121.06930762768926,
                5.684201646295914
              ],
              [
                121.07330384489057,
                5.672895059891202
              ],
              [
                121.04078290490739,
                5.648127422666196
              ]
            ]
          ],
          [
            [
              [
                120.86729195813267,
                5.69133454371158
              ],
              [
                120.86729195813267,
                5.691335882719917
              ],
              [
                120.88920225244338,
                5.681644140370642
              ],
              [
                120.86109093144097,
                5.6564721226276085
              ],
              [
                120.79797825977867,
                5.656338221793824
              ],
              [
                120.8098291107895,
                5.690932841210229
              ],
              [
                120.86729195813267,
                5.69133454371158
              ]
            ]
          ],
          [
            [
              [
                120.88741084473244,
                5.731178075812313
              ],
              [
                120.91882937997043,
                5.744908267308514
              ],
              [
                120.93316064165795,
                5.70614263691974
              ],
              [
                120.88975345481597,
                5.68460602681394
              ],
              [
                120.88741084473244,
                5.731178075812313
              ]
            ]
          ],
          [
            [
              [
                121.01721900347889,
                5.719602348731698
              ],
              [
                121.01060457500773,
                5.704123412346281
              ],
              [
                120.99503310798188,
                5.71246945131603
              ],
              [
                121.00385234594343,
                5.725524782609959
              ],
              [
                121.01721900347889,
                5.719602348731698
              ]
            ]
          ],
          [
            [
              [
                120.55710282295405,
                6.106318668766265
              ],
              [
                120.54346056423229,
                6.091376674724321
              ],
              [
                120.52981830551053,
                6.105240767054303
              ],
              [
                120.53767293932003,
                6.124221210243171
              ],
              [
                120.55710282295405,
                6.106318668766265
              ]
            ]
          ],
          [
            [
              [
                120.4662922320688,
                6.141314990684023
              ],
              [
                120.45264997334704,
                6.1122411026445285
              ],
              [
                120.41489261082418,
                6.1314893475009615
              ],
              [
                120.45761079470041,
                6.15141111355133
              ],
              [
                120.45761079470041,
                6.151411113551328
              ],
              [
                120.4662922320688,
                6.141314990684023
              ]
            ]
          ],
          [
            [
              [
                120.9925526973052,
                6.171062399917449
              ],
              [
                120.98676507239294,
                6.155582124523695
              ],
              [
                120.96375237333704,
                6.150736253349054
              ],
              [
                120.96609498342058,
                6.183849929543809
              ],
              [
                120.9925526973052,
                6.171062399917449
              ]
            ]
          ],
          [
            [
              [
                120.62104229817524,
                6.242672565825071
              ],
              [
                120.63744056875998,
                6.265419639468277
              ],
              [
                120.65549244646252,
                6.295436189377613
              ],
              [
                120.66803230043908,
                6.280225054659761
              ],
              [
                120.6636226814583,
                6.253842573379323
              ],
              [
                120.63303094977921,
                6.226114388719356
              ],
              [
                120.62104229817524,
                6.242672565825071
              ]
            ]
          ],
          [
            [
              [
                120.59651379259469,
                6.367583297628709
              ],
              [
                120.57846191489216,
                6.226654009079507
              ],
              [
                120.53312551974611,
                6.215213521841013
              ],
              [
                120.47869428545222,
                6.2298836971903775
              ],
              [
                120.48062349375631,
                6.247518436999716
              ],
              [
                120.51975886221065,
                6.241056382761304
              ],
              [
                120.556138218802,
                6.3465863078830616
              ],
              [
                120.59651379259469,
                6.367583297628713
              ],
              [
                120.59651379259469,
                6.367583297628709
              ]
            ]
          ],
          [
            [
              [
                120.87583559490791,
                6.295167048701705
              ],
              [
                120.84221225017954,
                6.284264842815022
              ],
              [
                120.8466218691603,
                6.311319506281057
              ],
              [
                120.86274453855876,
                6.317375840993101
              ],
              [
                120.87583559490791,
                6.295167048701705
              ]
            ]
          ],
          [
            [
              [
                120.7110260855016,
                6.409849095812593
              ],
              [
                120.71130168668789,
                6.369468621368387
              ],
              [
                120.66996150874317,
                6.377005899302082
              ],
              [
                120.66885910399797,
                6.389255147576632
              ],
              [
                120.7110260855016,
                6.409849095812593
              ]
            ]
          ],
          [
            [
              [
                121.16218522747174,
                5.766712679081882
              ],
              [
                121.13972373078843,
                5.77452043669982
              ],
              [
                121.13104229342005,
                5.800229396786328
              ],
              [
                121.14744056400478,
                5.835360958546207
              ],
              [
                121.14744056400478,
                5.835360958546204
              ],
              [
                121.19098555143991,
                5.820017262002908
              ],
              [
                121.20628141727946,
                5.787577107002086
              ],
              [
                121.16218522747174,
                5.766712679081882
              ]
            ]
          ],
          [
            [
              [
                121.55863753396169,
                5.939679081122218
              ],
              [
                121.56966158141363,
                5.951523948878741
              ],
              [
                121.57393339980125,
                5.956369820053382
              ],
              [
                121.58647325377781,
                5.95879342514487
              ],
              [
                121.58647325377781,
                5.958793425144867
              ],
              [
                121.59735950063659,
                5.935236251457271
              ],
              [
                121.57090178675196,
                5.915720204933267
              ],
              [
                121.55863753396169,
                5.939679081122218
              ]
            ]
          ],
          [
            [
              [
                121.24624358929269,
                5.904275700669761
              ],
              [
                121.237286550738,
                5.920428158249113
              ],
              [
                121.19608417338642,
                5.936983657338152
              ],
              [
                121.18271751585095,
                5.918410272683991
              ],
              [
                121.17183126899218,
                5.927022774312968
              ],
              [
                121.16259862925119,
                5.908583290492592
              ],
              [
                121.1384835254501,
                5.906697966752915
              ],
              [
                121.13903472782269,
                5.894717859154271
              ],
              [
                121.08598149946029,
                5.876547516009797
              ],
              [
                121.07592205616041,
                5.862817324513598
              ],
              [
                121.02521143788154,
                5.913429161667231
              ],
              [
                120.940601873688,
                5.874528291436338
              ],
              [
                120.8796940115161,
                5.904949221863699
              ],
              [
                120.87363078541753,
                5.938599840401926
              ],
              [
                120.92062078768137,
                6.008592484237441
              ],
              [
                120.99861592340376,
                6.036051528221501
              ],
              [
                121.01873481000354,
                6.068088641712633
              ],
              [
                121.11133680859973,
                6.0713183298235
              ],
              [
                121.11133680859973,
                6.071321007840172
              ],
              [
                121.15446839425539,
                6.057995196861999
              ],
              [
                121.20655701846574,
                5.978310810677208
              ],
              [
                121.28000473461422,
                6.0010592233287525
              ],
              [
                121.31748649595077,
                5.984098004713349
              ],
              [
                121.36364969465572,
                5.987598172508461
              ],
              [
                121.37040192372002,
                5.988267676677381
              ],
              [
                121.39369022396222,
                5.992441365666423
              ],
              [
                121.41876993191536,
                5.977365470790694
              ],
              [
                121.42565996157282,
                5.9421000081970305
              ],
              [
                121.38790259904997,
                5.923928326044221
              ],
              [
                121.38514658718698,
                5.888258482932532
              ],
              [
                121.35372805194899,
                5.901179913392676
              ],
              [
                121.28606796071278,
                5.841415954249914
              ],
              [
                121.27063429428009,
                5.8538004423665875
              ],
              [
                121.2819339429183,
                5.861336381291942
              ],
              [
                121.23714875014485,
                5.877221037203727
              ],
              [
                121.24624358929269,
                5.904275700669761
              ]
            ]
          ],
          [
            [
              [
                121.55657052506446,
                6.009270022456377
              ],
              [
                121.55657052506446,
                6.009270022456381
              ],
              [
                121.55601932269185,
                5.995808971636086
              ],
              [
                121.52143137381144,
                5.978310810677208
              ],
              [
                121.5421014627838,
                6.020306129176847
              ],
              [
                121.5580863315891,
                6.020172228343062
              ],
              [
                121.55657052506446,
                6.009270022456377
              ]
            ]
          ],
          [
            [
              [
                121.67563023754528,
                6.034708502858642
              ],
              [
                121.69147730575742,
                6.017614722417793
              ],
              [
                121.72895906709398,
                6.01209533004922
              ],
              [
                121.66791340432893,
                5.970233912383366
              ],
              [
                121.65289313967567,
                5.979118232704927
              ],
              [
                121.68651648440405,
                6.009806964799855
              ],
              [
                121.66929141026041,
                6.021114890212905
              ],
              [
                121.67563023754528,
                6.034708502858646
              ],
              [
                121.67563023754528,
                6.034708502858642
              ]
            ]
          ],
          [
            [
              [
                121.42745136928376,
                5.997557716525302
              ],
              [
                121.38735139667736,
                5.998508412445165
              ],
              [
                121.38115036998566,
                6.017621417459477
              ],
              [
                121.40416306904156,
                6.037812324185749
              ],
              [
                121.41863213132221,
                6.034715197900329
              ],
              [
                121.41863213132221,
                6.034708502858642
              ],
              [
                121.4346170001275,
                6.015999878362356
              ],
              [
                121.42745136928376,
                5.997557716525302
              ]
            ]
          ],
          [
            [
              [
                121.817702649082,
                6.0220562130744035
              ],
              [
                121.8634524460075,
                6.001731405514345
              ],
              [
                121.94971561731883,
                6.033901080830924
              ],
              [
                121.91140705242339,
                6.000115222450573
              ],
              [
                121.8558734133843,
                5.980330035250667
              ],
              [
                121.77636247113726,
                6.03430546134895
              ],
              [
                121.75610578394435,
                6.058533478213809
              ],
              [
                121.76905903970037,
                6.073340232413631
              ],
              [
                121.817702649082,
                6.0220562130744035
              ]
            ]
          ],
          [
            [
              [
                121.46148811579158,
                6.043728063022327
              ],
              [
                121.44605444935888,
                6.031209674071871
              ],
              [
                121.44192043156441,
                6.052208002825859
              ],
              [
                121.45487368732043,
                6.056649493482469
              ],
              [
                121.46148811579158,
                6.043728063022327
              ]
            ]
          ],
          [
            [
              [
                121.81852945264089,
                6.099054548533488
              ],
              [
                121.81522223840531,
                6.112917301855134
              ],
              [
                121.8404397469516,
                6.127185774703143
              ],
              [
                121.8404397469516,
                6.127181757678132
              ],
              [
                121.85132599381038,
                6.0998579535361905
              ],
              [
                121.81852945264089,
                6.099054548533488
              ]
            ]
          ],
          [
            [
              [
                121.80598959866433,
                6.109010075525319
              ],
              [
                121.79551675358499,
                6.131623248334741
              ],
              [
                121.81852945264089,
                6.1549099423380955
              ],
              [
                121.81852945264089,
                6.154909942338099
              ],
              [
                121.83217171136265,
                6.127855278872062
              ],
              [
                121.80598959866433,
                6.109010075525319
              ]
            ]
          ],
          [
            [
              [
                121.98044514959108,
                6.2588236843960825
              ],
              [
                121.95770805172148,
                6.26797714539355
              ],
              [
                121.96322007544744,
                6.287763671601795
              ],
              [
                121.98967778933206,
                6.282917800427153
              ],
              [
                121.98967778933206,
                6.282917800427157
              ],
              [
                121.99050459289096,
                6.260976809803328
              ],
              [
                121.98044514959108,
                6.2588236843960825
              ]
            ]
          ],
          [
            [
              [
                122.04093960998352,
                6.302705665643741
              ],
              [
                122.01737570855504,
                6.304319170690835
              ],
              [
                122.02895095837955,
                6.324645317259231
              ],
              [
                122.04093960998352,
                6.302705665643741
              ]
            ]
          ],
          [
            [
              [
                121.94957781672568,
                6.324779218093013
              ],
              [
                121.97575992942402,
                6.3356827629880375
              ],
              [
                121.98595717331705,
                6.313473970696641
              ],
              [
                121.95839705468723,
                6.309569422383502
              ],
              [
                121.94957781672568,
                6.324779218093013
              ]
            ]
          ],
          [
            [
              [
                121.87061807685124,
                6.474054545611965
              ],
              [
                121.86524385371843,
                6.512147993815143
              ],
              [
                121.87985071659223,
                6.527760831034344
              ],
              [
                121.85146379440353,
                6.556297776730368
              ],
              [
                121.82486827992575,
                6.5514519055557265
              ],
              [
                121.79455214943295,
                6.5742003182072715
              ],
              [
                121.80433599154654,
                6.617676579928563
              ],
              [
                121.83410091966674,
                6.646481327292154
              ],
              [
                121.88577614209765,
                6.623465112973042
              ],
              [
                121.9251871117383,
                6.638136627330741
              ],
              [
                121.99215820000875,
                6.701669894944521
              ],
              [
                122.02026952101117,
                6.711091157609555
              ],
              [
                122.03625438981646,
                6.707457088980659
              ],
              [
                122.06326330607368,
                6.716206169460097
              ],
              [
                122.09743785317467,
                6.678786242450853
              ],
              [
                122.13684882281531,
                6.682286410245965
              ],
              [
                122.14429005484536,
                6.636386543433188
              ],
              [
                122.23551404751007,
                6.6326185739705075
              ],
              [
                122.26638138037545,
                6.609601020643057
              ],
              [
                122.30717035594759,
                6.612292427402114
              ],
              [
                122.30717035594759,
                6.612292427402107
              ],
              [
                122.32866724847885,
                6.591563239324024
              ],
              [
                122.30482774586406,
                6.558452241145945
              ],
              [
                122.23923466352508,
                6.562758491960434
              ],
              [
                122.21332815201305,
                6.548625258954546
              ],
              [
                122.19196906007494,
                6.490477482875557
              ],
              [
                122.19665428024202,
                6.437577280472555
              ],
              [
                122.18218521796136,
                6.423713188142571
              ],
              [
                122.0388726010863,
                6.383601854374271
              ],
              [
                121.95646784638313,
                6.378889884033418
              ],
              [
                121.95825925409407,
                6.4017735365270845
              ],
              [
                121.91967508801233,
                6.417790754264313
              ],
              [
                121.90313901683443,
                6.45332669654222
              ],
              [
                121.87061807685124,
                6.474054545611965
              ]
            ]
          ],
          [
            [
              [
                121.5583619327754,
                6.658730575566704
              ],
              [
                121.56442515887396,
                6.66990326113763
              ],
              [
                121.58936706623395,
                6.649713693419695
              ],
              [
                121.63318765485535,
                6.619292762992334
              ],
              [
                121.62560862223215,
                6.603274206246766
              ],
              [
                121.62216360740342,
                6.568545685996581
              ],
              [
                121.59970211072013,
                6.591833719008273
              ],
              [
                121.58826466148875,
                6.642444217153569
              ],
              [
                121.5583619327754,
                6.658730575566704
              ]
            ]
          ],
          [
            [
              [
                121.94117198054359,
                6.6766331170436075
              ],
              [
                121.95068022147088,
                6.707861469498685
              ],
              [
                121.98016954840477,
                6.7198415770973305
              ],
              [
                121.99243380119505,
                6.711091157609555
              ],
              [
                121.99243380119505,
                6.711091157609552
              ],
              [
                121.9639090784132,
                6.681209847542338
              ],
              [
                121.94117198054359,
                6.6766331170436075
              ]
            ]
          ],
          [
            [
              [
                124.01989392819772,
                7.283426169468699
              ],
              [
                124.07763237672718,
                7.327440712541799
              ],
              [
                124.04318222843992,
                7.284502732172321
              ],
              [
                124.04676504386178,
                7.2657927686676995
              ],
              [
                124.0223743388744,
                7.249237269578659
              ],
              [
                124.0223743388744,
                7.249237269578657
              ],
              [
                124.01989392819772,
                7.283426169468699
              ]
            ]
          ],
          [
            [
              [
                124.51184204573998,
                6.688212861149241
              ],
              [
                124.28336866229878,
                6.689016266151942
              ],
              [
                124.26614358815515,
                6.717821013515534
              ],
              [
                124.10078287637623,
                6.714186944886636
              ],
              [
                124.04194202310157,
                6.715271541640286
              ],
              [
                124.01148809201561,
                6.757671240657954
              ],
              [
                123.97125031881608,
                6.73303884327507
              ],
              [
                123.97648674135574,
                6.7568638186302366
              ],
              [
                123.96105307492304,
                6.751479666103785
              ],
              [
                123.96270668204083,
                6.7758429228107655
              ],
              [
                123.94437920315201,
                6.781227075337215
              ],
              [
                123.96325788441344,
                6.791054057528614
              ],
              [
                123.95884826543266,
                6.81716605912481
              ],
              [
                123.97634894076259,
                6.829146166723456
              ],
              [
                123.95774586068747,
                6.8718150064170285
              ],
              [
                124.00253105346093,
                7.000227245024114
              ],
              [
                124.0675729334273,
                7.101045199805013
              ],
              [
                124.11704334636782,
                7.106967633683274
              ],
              [
                124.17092337828912,
                7.150176093736995
              ],
              [
                124.21336596097905,
                7.1490914969833455
              ],
              [
                124.23045323452953,
                7.12876535041495
              ],
              [
                124.23059103512269,
                7.12876535041495
              ],
              [
                124.24023707664311,
                7.128631449581166
              ],
              [
                124.21501956809684,
                7.150300621512413
              ],
              [
                124.16196633973443,
                7.157703998612325
              ],
              [
                124.17285258659321,
                7.178838906216772
              ],
              [
                124.18897525599165,
                7.1753373994133245
              ],
              [
                124.19118006548204,
                7.204412626461156
              ],
              [
                124.21984258885705,
                7.198624093416679
              ],
              [
                124.20895634199827,
                7.2111424823671335
              ],
              [
                124.2202559906365,
                7.252465618681178
              ],
              [
                124.21501956809684,
                7.296212360086715
              ],
              [
                124.25718654960046,
                7.299442048197582
              ],
              [
                124.26132056739493,
                7.325017107450304
              ],
              [
                124.24905631460466,
                7.3285172752454155
              ],
              [
                124.24381989206499,
                7.3631105556534795
              ],
              [
                124.20771613665993,
                7.357995543802936
              ],
              [
                124.19958590166414,
                7.370916974263082
              ],
              [
                124.19958566610757,
                7.370918235448722
              ],
              [
                124.18084502099586,
                7.364726738717263
              ],
              [
                124.12916979856494,
                7.395684611488097
              ],
              [
                124.14694607508117,
                7.409819183502325
              ],
              [
                124.11800795051987,
                7.4606985545218585
              ],
              [
                124.01438190447175,
                7.592071742266409
              ],
              [
                123.98599498228303,
                7.587764420245248
              ],
              [
                123.97414413127221,
                7.609301030351046
              ],
              [
                123.91613008155645,
                7.636894778573895
              ],
              [
                123.81622465152334,
                7.644163317534186
              ],
              [
                123.84006415413813,
                7.670276390337053
              ],
              [
                123.83813494583406,
                7.687371108083738
              ],
              [
                124.00184205049518,
                7.638240883655925
              ],
              [
                124.01520870803064,
                7.6661037725546795
              ],
              [
                124.00983448489782,
                7.695985618225226
              ],
              [
                124.04621384148919,
                7.766383312082937
              ],
              [
                124.02416574658534,
                7.8393385118659165
              ],
              [
                124.11235812620076,
                7.844453389815628
              ],
              [
                124.13909144127167,
                7.903678933705745
              ],
              [
                124.12834299500605,
                7.939752755632959
              ],
              [
                124.21488176750368,
                7.953213003048251
              ],
              [
                124.28019924865636,
                8.018361114717463
              ],
              [
                124.27675423382763,
                8.066952923892634
              ],
              [
                124.29935353110407,
                8.14152336943355
              ],
              [
                124.33270127464615,
                8.145830557553875
              ],
              [
                124.34717033692681,
                8.129678233875362
              ],
              [
                124.46719465355967,
                8.094815812791389
              ],
              [
                124.49668398049359,
                8.073279336586422
              ],
              [
                124.49668398049359,
                8.07327933658642
              ],
              [
                124.5337523400507,
                8.028590870616885
              ],
              [
                124.55841864622438,
                7.922388763309529
              ],
              [
                124.59934542238966,
                7.845126375406222
              ],
              [
                124.6252519339017,
                7.831127578837451
              ],
              [
                124.61849970483739,
                7.811475489066325
              ],
              [
                124.63241756474545,
                7.7876506476119935
              ],
              [
                124.6617690910862,
                7.777420891712572
              ],
              [
                124.70986149809524,
                7.696658737716655
              ],
              [
                124.72901578054297,
                7.686967263169043
              ],
              [
                124.73011818528816,
                7.645374718377425
              ],
              [
                124.7543710896824,
                7.624376523524271
              ],
              [
                124.75506009264814,
                7.598263584622238
              ],
              [
                124.80384150262292,
                7.568920020303503
              ],
              [
                124.8079755204174,
                7.54967177544707
              ],
              [
                124.70145566191314,
                7.585207048220806
              ],
              [
                124.64978043948223,
                7.558959271179154
              ],
              [
                124.60926706509639,
                7.56811233047412
              ],
              [
                124.56958049426946,
                7.617781104055414
              ],
              [
                124.5391265631835,
                7.626395748097735
              ],
              [
                124.49723518286618,
                7.6231652565818635
              ],
              [
                124.44156374323394,
                7.597052183778997
              ],
              [
                124.36646241996769,
                7.514540213687193
              ],
              [
                124.2508477223156,
                7.457199993536753
              ],
              [
                124.1958652856491,
                7.390838740313457
              ],
              [
                124.19586548973449,
                7.390837647626703
              ],
              [
                124.2508477223156,
                7.457198654528407
              ],
              [
                124.36646241996769,
                7.514538874678847
              ],
              [
                124.44156374323394,
                7.597050844770651
              ],
              [
                124.43467371357649,
                7.467966022275469
              ],
              [
                124.48758914134575,
                7.393396246238721
              ],
              [
                124.42240946078623,
                7.248696310210164
              ],
              [
                124.40849160087816,
                7.255158364448576
              ],
              [
                124.32980746219003,
                7.127150506359518
              ],
              [
                124.37417925318404,
                7.120958931805349
              ],
              [
                124.41565723172192,
                7.179644989236154
              ],
              [
                124.47050186779526,
                7.196335728167314
              ],
              [
                124.50977503684275,
                7.186240944308347
              ],
              [
                124.42943729103683,
                7.043695472695374
              ],
              [
                124.5023338048127,
                6.986758160153789
              ],
              [
                124.53402794123699,
                6.9963146626609465
              ],
              [
                124.58721897019254,
                6.929147326418272
              ],
              [
                124.62662993983318,
                6.93291663488929
              ],
              [
                124.67802956107779,
                6.90572807058947
              ],
              [
                124.69001821268176,
                6.9119196451436355
              ],
              [
                124.6861597960736,
                6.93008998828811
              ],
              [
                124.71950753961568,
                6.9556650475408315
              ],
              [
                124.70600308148707,
                6.963203664482867
              ],
              [
                124.71496012004175,
                6.973836729693646
              ],
              [
                124.7004910577611,
                7.006544686362037
              ],
              [
                124.67913196582299,
                7.017717371932962
              ],
              [
                124.6853329925147,
                7.036561236271371
              ],
              [
                124.6993886530159,
                7.039118742196644
              ],
              [
                124.70269586725149,
                7.024581128672725
              ],
              [
                124.71427111707601,
                7.053656355720559
              ],
              [
                124.73342539952374,
                7.03481249138215
              ],
              [
                124.72722437283203,
                7.059847930274724
              ],
              [
                124.74582745290715,
                7.058910624438237
              ],
              [
                124.73011818528816,
                7.083407781979
              ],
              [
                124.69429003106939,
                7.100772042104095
              ],
              [
                124.69304982573105,
                7.1279619454122525
              ],
              [
                124.71454671826231,
                7.134288759808541
              ],
              [
                124.71041270046784,
                7.145190965695225
              ],
              [
                124.79571126762713,
                7.066044860862245
              ],
              [
                124.79502226466138,
                7.041949405822836
              ],
              [
                124.82368478803639,
                7.0407309082354015
              ],
              [
                124.82161777913916,
                7.0156941303344915
              ],
              [
                124.79474666347508,
                7.016912627921924
              ],
              [
                124.79130164864635,
                6.969936198405524
              ],
              [
                124.79102604746006,
                6.959301794186407
              ],
              [
                124.80894012456945,
                6.95943569502019
              ],
              [
                124.8155545530406,
                6.744877015989903
              ],
              [
                124.84394147522931,
                6.732492527873232
              ],
              [
                124.89878611130266,
                6.74716538123927
              ],
              [
                124.89878611130266,
                6.74716939826429
              ],
              [
                125.00489256802746,
                6.685656694232309
              ],
              [
                124.88665965910553,
                6.623064749480029
              ],
              [
                124.80039648779419,
                6.616200992740268
              ],
              [
                124.77931299704238,
                6.63908196721726
              ],
              [
                124.74692985765235,
                6.7456884550426395
              ],
              [
                124.66728111481217,
                6.74730463810641
              ],
              [
                124.69677044174607,
                6.829950910734501
              ],
              [
                124.65653266854653,
                6.83223927598387
              ],
              [
                124.65915087981637,
                6.8448929047764455
              ],
              [
                124.55717844088603,
                6.823624096338211
              ],
              [
                124.58074234231454,
                6.759014266020811
              ],
              [
                124.51184204573998,
                6.688212861149241
              ]
            ]
          ]
        ]
      }
    }
  ]
}